channel_id,t_start,closed_long
227482,2026-03-20 10:10:27,t
278559,2026-03-20 18:59:10,t
278559,2026-03-21 05:16:22,t
227482,2026-03-23 10:17:55,t
196513,2026-03-23 11:02:42,t
196518,2026-03-23 11:02:50,t
287788,2026-03-24 10:28:18,t
287235,2026-03-25 09:01:28,t
197031,2026-03-26 14:37:26,t
229357,2026-03-26 18:15:42,t
212893,2026-03-26 23:17:02,t
147202,2026-03-27 10:16:13,t
147203,2026-03-27 10:17:16,t
147204,2026-03-27 10:18:18,t
147205,2026-03-27 10:19:20,t
147206,2026-03-27 10:20:22,t
147207,2026-03-27 10:21:24,t
147208,2026-03-27 10:22:25,t
147209,2026-03-27 10:23:27,t
147186,2026-03-27 10:28:58,t
3126,2026-03-27 11:44:24,t
267993,2026-03-27 12:49:24,t
267993,2026-03-27 15:03:32,t
93461,2026-03-28 04:27:32,t
115581,2026-03-29 15:17:38,t
115566,2026-03-29 15:17:38,t
115565,2026-03-29 15:17:38,t
334551,2026-04-01 03:54:26,t
334305,2026-04-01 06:44:31,t
93458,2026-04-01 09:26:23,t
93461,2026-04-01 09:34:07,t
93470,2026-04-01 09:34:07,t
93491,2026-04-01 09:40:21,t
94074,2026-04-01 12:13:29,t
215728,2026-04-01 12:21:20,t
215727,2026-04-01 12:21:20,t
288063,2026-04-02 08:40:48,t
93606,2026-04-03 16:46:45,t
267052,2026-04-05 03:06:40,t
93566,2026-04-06 18:41:27,t
93566,2026-04-07 07:30:47,t
229381,2026-04-07 09:23:58,t
159006,2026-04-07 11:37:26,t
229381,2026-04-07 13:18:42,t
334640,2026-04-07 16:46:59,t
228654,2026-04-07 17:58:08,t
334184,2026-04-07 18:18:51,t
334185,2026-04-07 18:18:51,t
334192,2026-04-07 18:19:24,t
334190,2026-04-07 18:19:29,t
334188,2026-04-07 18:19:31,t
334189,2026-04-07 18:19:33,t
334599,2026-04-07 21:35:33,t
334599,2026-04-08 01:48:35,t
334599,2026-04-08 03:36:33,t
334599,2026-04-08 06:49:56,t
334599,2026-04-08 09:26:19,t
334599,2026-04-08 11:55:08,t
93569,2026-04-09 11:17:05,t
213443,2026-04-09 18:09:12,t
213442,2026-04-09 18:09:12,t
3126,2026-04-10 11:44:21,t
287911,2026-04-12 08:01:24,t
278556,2026-04-12 10:59:50,t
334763,2026-04-14 07:06:35,t
334764,2026-04-14 07:06:35,t
334760,2026-04-14 07:06:35,t
334777,2026-04-14 07:06:36,t
334775,2026-04-14 07:06:36,t
334768,2026-04-14 07:06:36,t
334767,2026-04-14 07:06:36,t
334765,2026-04-14 07:06:36,t
334772,2026-04-14 07:06:36,t
334766,2026-04-14 07:06:36,t
334774,2026-04-14 07:06:36,t
334769,2026-04-14 07:06:36,t
334778,2026-04-14 07:06:38,t
334780,2026-04-14 07:06:38,t
334781,2026-04-14 07:06:38,t
334779,2026-04-14 07:06:38,t
334751,2026-04-14 07:13:07,t
334771,2026-04-14 07:13:31,t
334758,2026-04-14 07:13:38,t
334755,2026-04-14 07:13:38,t
334752,2026-04-14 07:13:38,t
334753,2026-04-14 07:13:38,t
334756,2026-04-14 07:13:38,t
334770,2026-04-14 07:13:40,t
334773,2026-04-14 07:13:41,t
334715,2026-04-14 07:13:48,t
334712,2026-04-14 07:13:48,t
334711,2026-04-14 07:13:48,t
334713,2026-04-14 07:13:48,t
334710,2026-04-14 07:13:48,t
334709,2026-04-14 07:13:48,t
334741,2026-04-14 07:13:48,t
334716,2026-04-14 07:13:48,t
334714,2026-04-14 07:13:48,t
334722,2026-04-14 07:13:49,t
334718,2026-04-14 07:13:49,t
334720,2026-04-14 07:13:49,t
334724,2026-04-14 07:13:49,t
334725,2026-04-14 07:13:49,t
334717,2026-04-14 07:13:49,t
334719,2026-04-14 07:13:49,t
334721,2026-04-14 07:13:49,t
334723,2026-04-14 07:13:49,t
334726,2026-04-14 07:13:49,t
334727,2026-04-14 07:13:49,t
334728,2026-04-14 07:13:51,t
334733,2026-04-14 07:13:51,t
334742,2026-04-14 07:13:51,t
334734,2026-04-14 07:13:51,t
334732,2026-04-14 07:13:51,t
334735,2026-04-14 07:13:51,t
334729,2026-04-14 07:13:51,t
334737,2026-04-14 07:13:52,t
334736,2026-04-14 07:13:52,t
334740,2026-04-14 07:13:52,t
334739,2026-04-14 07:13:52,t
334776,2026-04-14 07:13:54,t
334188,2026-04-14 07:16:00,t
334190,2026-04-14 07:16:00,t
334704,2026-04-14 07:16:26,t
334705,2026-04-14 07:16:31,t
334731,2026-04-14 07:56:42,t
334724,2026-04-14 09:10:22,t
334739,2026-04-14 09:29:53,t
334731,2026-04-14 09:34:35,t
334719,2026-04-14 10:00:01,t
334720,2026-04-14 10:58:04,t
334724,2026-04-14 11:03:28,t
334733,2026-04-14 11:08:54,t
334742,2026-04-14 11:12:34,t
334740,2026-04-14 11:14:58,t
334739,2026-04-14 11:15:05,t
334719,2026-04-14 11:15:08,t
334715,2026-04-14 11:42:55,t
334737,2026-04-14 11:43:43,t
334718,2026-04-14 11:58:21,t
334773,2026-04-14 13:02:06,t
334772,2026-04-14 13:02:06,t
334774,2026-04-14 13:02:06,t
334775,2026-04-14 13:02:06,t
334776,2026-04-14 13:02:06,t
334778,2026-04-14 13:02:08,t
334777,2026-04-14 13:02:08,t
334781,2026-04-14 13:02:08,t
334779,2026-04-14 13:02:08,t
334780,2026-04-14 13:02:08,t
334760,2026-04-14 13:02:09,t
334752,2026-04-14 13:02:09,t
334763,2026-04-14 13:02:09,t
334753,2026-04-14 13:02:09,t
334759,2026-04-14 13:02:09,t
334754,2026-04-14 13:02:09,t
334758,2026-04-14 13:02:09,t
334755,2026-04-14 13:02:09,t
334756,2026-04-14 13:02:09,t
334751,2026-04-14 13:02:09,t
334771,2026-04-14 13:02:10,t
334770,2026-04-14 13:02:10,t
334765,2026-04-14 13:02:10,t
334768,2026-04-14 13:02:10,t
334767,2026-04-14 13:02:10,t
334764,2026-04-14 13:02:10,t
334769,2026-04-14 13:02:10,t
334766,2026-04-14 13:02:10,t
334239,2026-04-14 14:53:43,t
214224,2026-04-14 15:25:09,t
229374,2026-04-14 20:25:58,t
215778,2026-04-14 22:01:56,t
197031,2026-04-15 02:50:19,t
229374,2026-04-16 09:10:12,t
334750,2026-04-17 12:47:38,t
333463,2026-04-18 11:33:50,t
287230,2026-04-18 12:27:10,t
334781,2026-04-19 08:45:18,t
334779,2026-04-19 08:45:22,t
334775,2026-04-19 08:45:23,t
334772,2026-04-19 08:45:26,t
334773,2026-04-19 08:45:26,t
334776,2026-04-19 08:45:28,t
334777,2026-04-19 08:45:30,t
334780,2026-04-19 08:45:32,t
334770,2026-04-19 08:45:32,t
334778,2026-04-19 08:45:32,t
334769,2026-04-19 08:45:32,t
334774,2026-04-19 08:45:52,t
334771,2026-04-19 08:45:52,t
334206,2026-04-19 08:46:10,t
333736,2026-04-19 09:49:16,t
333773,2026-04-19 09:49:20,t
333777,2026-04-19 09:49:20,t
333754,2026-04-19 09:49:20,t
333737,2026-04-19 09:49:34,t
333758,2026-04-19 20:02:25,t
334773,2026-04-19 21:18:02,t
333773,2026-04-20 05:02:06,t
333463,2026-04-20 10:28:24,t
333599,2026-04-20 11:39:55,t
196513,2026-04-20 13:13:17,t
196518,2026-04-20 13:13:17,t
196502,2026-04-20 13:13:17,t
196497,2026-04-20 13:13:17,t
333411,2026-04-20 13:27:02,t
333420,2026-04-20 13:27:04,t
333463,2026-04-20 13:27:15,t
333570,2026-04-20 13:27:38,t
333544,2026-04-20 13:28:47,t
333543,2026-04-20 13:28:47,t
334776,2026-04-20 13:34:48,t
333411,2026-04-20 14:43:19,t
333420,2026-04-20 14:43:21,t
333463,2026-04-20 14:43:31,t
333570,2026-04-20 14:43:54,t
333544,2026-04-20 14:44:53,t
333543,2026-04-20 14:44:53,t
333463,2026-04-20 15:58:01,t
333543,2026-04-20 15:59:11,t
333544,2026-04-20 15:59:11,t
333543,2026-04-21 10:09:59,t
333544,2026-04-21 10:09:59,t
333463,2026-04-21 10:15:52,t
333773,2026-04-21 10:23:12,t
333777,2026-04-21 10:23:13,t
334186,2026-04-21 15:41:48,t
334187,2026-04-21 15:41:48,t
334185,2026-04-21 15:41:48,t
334189,2026-04-21 15:41:50,t
334191,2026-04-21 15:41:50,t
334192,2026-04-21 15:41:50,t
333463,2026-04-21 15:43:28,t
333543,2026-04-21 15:43:50,t
333544,2026-04-21 15:43:50,t
334305,2026-04-21 15:49:54,t
334599,2026-04-21 15:51:27,t
334746,2026-04-21 15:52:54,t
334183,2026-04-21 16:03:28,t
334184,2026-04-21 16:04:30,t
333463,2026-04-22 08:46:10,t
333543,2026-04-22 08:48:22,t
333544,2026-04-22 08:48:22,t
334748,2026-04-22 09:13:51,t
334761,2026-04-22 09:13:51,t
334746,2026-04-22 09:13:51,t
334708,2026-04-22 10:22:56,t
334748,2026-04-22 10:33:55,t
334746,2026-04-22 10:33:55,t
334761,2026-04-22 10:33:56,t
334640,2026-04-22 10:56:32,t
115566,2026-04-22 10:58:16,t
334567,2026-04-22 11:00:48,t
334572,2026-04-22 11:01:06,t
334571,2026-04-22 11:01:06,t
334570,2026-04-22 11:01:06,t
334569,2026-04-22 11:01:06,t
334568,2026-04-22 11:01:28,t
334599,2026-04-22 11:02:16,t
333899,2026-04-22 11:05:06,t
115575,2026-04-22 11:47:28,t
333463,2026-04-22 12:14:24,t
333544,2026-04-22 12:20:58,t
333543,2026-04-22 12:20:58,t
333899,2026-04-22 12:21:44,t
334186,2026-04-22 12:23:50,t
334189,2026-04-22 12:23:50,t
334188,2026-04-22 12:23:50,t
334192,2026-04-22 12:23:50,t
334190,2026-04-22 12:23:50,t
334184,2026-04-22 12:23:50,t
334185,2026-04-22 12:23:50,t
334187,2026-04-22 12:23:50,t
334183,2026-04-22 12:23:50,t
334191,2026-04-22 12:23:50,t
334253,2026-04-22 12:23:58,t
334260,2026-04-22 12:23:58,t
334305,2026-04-22 12:23:58,t
334640,2026-04-22 12:25:07,t
334708,2026-04-22 12:26:34,t
334761,2026-04-22 12:27:00,t
334748,2026-04-22 12:27:00,t
334746,2026-04-22 12:27:00,t
334599,2026-04-22 12:35:57,t
334571,2026-04-22 12:35:57,t
334569,2026-04-22 12:35:57,t
334567,2026-04-22 12:35:57,t
334570,2026-04-22 12:35:57,t
334568,2026-04-22 12:35:57,t
334572,2026-04-22 12:35:57,t
333463,2026-04-22 14:20:35,t
333543,2026-04-22 14:21:36,t
333544,2026-04-22 14:21:36,t
288321,2026-04-23 09:34:14,t
288326,2026-04-23 09:43:18,t
288331,2026-04-23 09:44:20,t
288316,2026-04-23 09:57:04,t
333463,2026-04-23 10:23:20,t
333543,2026-04-23 10:24:20,t
333544,2026-04-23 10:24:20,t
334568,2026-04-23 10:31:01,t
334570,2026-04-23 10:31:01,t
334569,2026-04-23 10:31:01,t
334567,2026-04-23 10:31:01,t
334599,2026-04-23 10:31:01,t
334571,2026-04-23 10:31:01,t
334572,2026-04-23 10:31:01,t
288311,2026-04-23 10:31:26,t
288306,2026-04-23 11:02:12,t
334305,2026-04-23 11:16:55,t
288301,2026-04-23 11:18:12,t
288296,2026-04-23 11:21:04,t
288291,2026-04-23 11:22:02,t
288286,2026-04-23 11:32:18,t
288281,2026-04-23 11:35:50,t
288276,2026-04-23 11:36:54,t
288271,2026-04-23 11:39:36,t
288266,2026-04-23 11:42:08,t
334748,2026-04-23 11:42:11,t
334599,2026-04-23 11:43:30,t
288256,2026-04-23 11:45:08,t
288251,2026-04-23 11:45:56,t
288246,2026-04-23 11:46:42,t
288241,2026-04-23 11:47:46,t
288236,2026-04-23 11:48:40,t
288231,2026-04-23 11:49:14,t
288226,2026-04-23 11:50:36,t
288221,2026-04-23 11:52:42,t
288216,2026-04-23 11:58:30,t
288211,2026-04-23 11:58:40,t
288206,2026-04-23 12:04:48,t
288201,2026-04-23 12:05:22,t
288196,2026-04-23 12:09:50,t
288191,2026-04-23 12:15:24,t
288186,2026-04-23 12:18:04,t
288181,2026-04-23 12:21:12,t
288176,2026-04-23 12:24:10,t
288171,2026-04-23 12:27:46,t
288166,2026-04-23 12:30:24,t
288161,2026-04-23 12:32:14,t
288156,2026-04-23 12:32:44,t
288151,2026-04-23 12:37:24,t
288146,2026-04-23 12:42:21,t
288141,2026-04-23 12:42:45,t
334186,2026-04-23 12:43:07,t
334191,2026-04-23 12:43:07,t
334185,2026-04-23 12:43:07,t
334187,2026-04-23 12:43:07,t
334189,2026-04-23 12:43:07,t
334190,2026-04-23 12:43:07,t
334183,2026-04-23 12:43:07,t
334184,2026-04-23 12:43:07,t
334188,2026-04-23 12:43:07,t
288136,2026-04-23 12:44:00,t
288136,2026-04-24 09:26:00,t
333463,2026-04-24 09:27:25,t
333544,2026-04-24 09:28:25,t
333543,2026-04-24 09:28:25,t
334599,2026-04-24 10:11:19,t
334746,2026-04-24 10:14:14,t
334748,2026-04-24 10:14:14,t
334761,2026-04-24 10:14:14,t
333616,2026-04-24 10:14:31,t
333625,2026-04-24 10:14:31,t
333634,2026-04-24 10:14:33,t
333737,2026-04-24 10:14:33,t
333736,2026-04-24 10:14:35,t
3126,2026-04-24 12:01:48,t
228829,2026-04-24 12:07:18,t
334599,2026-04-24 13:23:52,t
333463,2026-04-24 14:44:05,t
333625,2026-04-24 14:44:22,t
333616,2026-04-24 14:44:22,t
333634,2026-04-24 14:44:23,t
333737,2026-04-24 14:45:05,t
333736,2026-04-24 14:45:05,t
333543,2026-04-24 14:45:06,t
333544,2026-04-24 14:45:06,t
228829,2026-04-24 14:55:04,t
334598,2026-04-27 08:51:41,t
334599,2026-04-27 08:51:41,t
333463,2026-04-27 11:58:32,t
229144,2026-04-27 23:27:28,t
333463,2026-04-28 11:00:22,t
334598,2026-04-28 12:22:48,t
333463,2026-04-28 15:10:19,t
214125,2026-04-30 13:37:14,t
236792,2026-05-04 12:07:32,t
93628,2026-05-06 08:08:37,t
333705,2026-05-07 03:39:06,t
333705,2026-05-08 04:20:06,t
333705,2026-05-08 06:51:11,t
333705,2026-05-09 09:02:44,t
333705,2026-05-11 17:34:11,t
333705,2026-05-11 20:07:14,t
197031,2026-05-12 04:47:06,t
333705,2026-05-13 00:29:15,t
267052,2026-05-13 07:58:43,t
267052,2026-05-13 09:50:03,t
267052,2026-05-13 13:22:12,t
333705,2026-05-13 16:42:50,t
333705,2026-05-14 03:15:02,t
267052,2026-05-15 08:13:38,t
214221,2026-05-15 09:47:41,t
236768,2026-05-16 15:14:40,t
236748,2026-05-16 15:14:40,t
334407,2026-05-18 02:31:02,t
267052,2026-05-18 08:10:04,t
120512,2026-05-18 09:52:20,t
120573,2026-05-18 09:52:20,t
120595,2026-05-18 09:52:20,t
120230,2026-05-18 10:36:37,t
120237,2026-05-18 10:38:02,t
120245,2026-05-18 10:38:57,t
120254,2026-05-18 10:40:28,t
120265,2026-05-18 10:41:45,t
154850,2026-05-18 10:43:56,t
154848,2026-05-18 10:43:56,t
120257,2026-05-18 10:43:56,t
193128,2026-05-18 10:55:56,t
267052,2026-05-19 09:16:20,t
333463,2026-05-19 15:38:10,t
334323,2026-05-19 15:41:20,t
334323,2026-05-19 18:04:39,t
214224,2026-05-20 09:24:52,t
333705,2026-05-21 01:09:30,t
93510,2026-05-21 10:17:27,t
93507,2026-05-21 10:19:44,t
212862,2026-05-21 15:06:34,t
115688,2026-05-23 08:01:02,t
115687,2026-05-23 08:01:02,t
334548,2026-05-25 08:21:52,t
333705,2026-05-25 08:55:47,t
334582,2026-05-25 14:21:59,t
212899,2026-05-26 09:21:56,t
212893,2026-05-26 09:21:56,t
267993,2026-05-26 10:24:56,t
214224,2026-05-26 11:32:16,t
287257,2026-05-27 00:15:40,t
333705,2026-05-27 15:31:29,t
214224,2026-05-27 16:36:11,t
333705,2026-05-28 04:49:06,t
115768,2026-05-28 11:33:58,t
333705,2026-05-28 22:05:47,t
333463,2026-05-29 10:37:39,t
333705,2026-05-29 15:45:19,t
333705,2026-05-29 19:47:02,t
213430,2026-05-31 17:34:37,t
115581,2026-05-31 22:32:06,t
115565,2026-05-31 22:32:06,t
115566,2026-05-31 22:32:06,t
333705,2026-06-02 00:29:35,t
278336,2026-06-04 09:22:32,t
278331,2026-06-04 09:23:02,t
278326,2026-06-04 09:24:08,t
278321,2026-06-04 09:24:44,t
278316,2026-06-04 09:30:08,t
278311,2026-06-04 09:30:44,t
278306,2026-06-04 09:36:46,t
278301,2026-06-04 09:38:40,t
278296,2026-06-04 09:39:12,t
278291,2026-06-04 09:41:58,t
278286,2026-06-04 09:44:50,t
267433,2026-06-04 09:46:00,t
93424,2026-06-04 09:47:17,t
267428,2026-06-04 09:50:58,t
93584,2026-06-04 09:53:07,t
93447,2026-06-04 09:53:07,t
267423,2026-06-04 09:53:08,t
193208,2026-06-04 09:57:27,t
193211,2026-06-04 09:57:27,t
267418,2026-06-04 09:57:44,t
93936,2026-06-04 10:00:41,t
267413,2026-06-04 10:02:10,t
193186,2026-06-04 10:02:32,t
193190,2026-06-04 10:02:32,t
267398,2026-06-04 10:05:10,t
267403,2026-06-04 10:06:24,t
267408,2026-06-04 10:06:50,t
193167,2026-06-04 10:07:59,t
94001,2026-06-04 10:08:32,t
94826,2026-06-04 10:08:32,t
94006,2026-06-04 10:08:32,t
267393,2026-06-04 10:10:20,t
267388,2026-06-04 10:10:56,t
269721,2026-06-04 10:11:17,t
94827,2026-06-04 10:14:19,t
94008,2026-06-04 10:14:19,t
193152,2026-06-04 10:14:57,t
193155,2026-06-04 10:14:57,t
267378,2026-06-04 10:14:58,t
267383,2026-06-04 10:15:36,t
94829,2026-06-04 10:18:24,t
94831,2026-06-04 10:18:24,t
267373,2026-06-04 10:19:04,t
267368,2026-06-04 10:20:14,t
267363,2026-06-04 10:22:22,t
267358,2026-06-04 10:25:24,t
94835,2026-06-04 10:26:51,t
94825,2026-06-04 10:27:29,t
94836,2026-06-04 10:27:29,t
93982,2026-06-04 10:27:29,t
267353,2026-06-04 10:29:50,t
267348,2026-06-04 10:30:50,t
193130,2026-06-04 10:32:49,t
193128,2026-06-04 10:32:49,t
193113,2026-06-04 10:32:49,t
193115,2026-06-04 10:32:49,t
267343,2026-06-04 10:32:54,t
94823,2026-06-04 10:33:04,t
94821,2026-06-04 10:33:04,t
267338,2026-06-04 10:34:02,t
267333,2026-06-04 10:35:40,t
94819,2026-06-04 10:36:38,t
94820,2026-06-04 10:36:38,t
267328,2026-06-04 10:38:26,t
94838,2026-06-04 10:42:13,t
94818,2026-06-04 10:42:13,t
94839,2026-06-04 10:42:13,t
94841,2026-06-04 10:42:13,t
94840,2026-06-04 10:42:13,t
94817,2026-06-04 10:42:13,t
93921,2026-06-04 10:45:45,t
93917,2026-06-04 10:45:45,t
215728,2026-06-04 10:50:23,t
215727,2026-06-04 10:50:23,t
193183,2026-06-04 10:54:11,t
93458,2026-06-04 11:16:42,t
93470,2026-06-04 11:30:25,t
93491,2026-06-04 11:30:25,t
93507,2026-06-04 11:30:25,t
93510,2026-06-04 11:30:25,t
93522,2026-06-04 11:35:41,t
93566,2026-06-04 11:51:01,t
93569,2026-06-04 11:51:01,t
94094,2026-06-04 11:53:30,t
98173,2026-06-04 11:53:30,t
94848,2026-06-04 11:53:30,t
94847,2026-06-04 11:53:30,t
94103,2026-06-04 11:59:59,t
98174,2026-06-04 12:00:00,t
98175,2026-06-04 12:03:13,t
93590,2026-06-04 12:03:49,t
98179,2026-06-04 12:16:52,t
98182,2026-06-04 12:16:52,t
94849,2026-06-04 12:16:52,t
94850,2026-06-04 12:22:19,t
98183,2026-06-04 12:22:19,t
98185,2026-06-04 12:22:19,t
94851,2026-06-04 12:22:19,t
98188,2026-06-04 12:29:58,t
94853,2026-06-04 12:29:58,t
94854,2026-06-04 12:29:58,t
94158,2026-06-04 12:29:59,t
94858,2026-06-04 12:35:01,t
94857,2026-06-04 12:35:01,t
94855,2026-06-04 12:35:01,t
98189,2026-06-04 12:35:01,t
93507,2026-06-04 12:40:00,t
98191,2026-06-04 12:41:59,t
98190,2026-06-04 12:41:59,t
94217,2026-06-04 12:47:05,t
94861,2026-06-04 12:47:05,t
98195,2026-06-04 12:49:41,t
93606,2026-06-04 12:51:34,t
93628,2026-06-04 13:10:08,t
93522,2026-06-04 13:19:53,t
94074,2026-06-04 13:20:02,t
94845,2026-06-04 13:20:53,t
93428,2026-06-04 13:57:26,t
93447,2026-06-04 14:04:33,t
93461,2026-06-04 14:13:49,t
93461,2026-06-04 15:20:49,t
93447,2026-06-04 15:29:10,t
94821,2026-06-04 17:36:33,t
288063,2026-06-05 14:04:53,t
334692,2026-06-08 07:41:00,t
334692,2026-06-09 07:17:37,t
215839,2026-06-12 09:22:34,t
333463,2026-06-12 13:37:11,t
94818,2026-06-13 05:25:00,f
93936,2026-06-13 05:25:00,f
94817,2026-06-13 05:25:00,f
94838,2026-06-13 05:25:01,f
94827,2026-06-13 05:25:01,f
94819,2026-06-13 05:25:01,t
94836,2026-06-13 05:25:01,f
94831,2026-06-13 05:25:01,f
94820,2026-06-13 05:25:01,f
94006,2026-06-13 05:25:01,f
94074,2026-06-13 05:25:01,f
94835,2026-06-13 05:25:01,f
94001,2026-06-13 05:25:01,f
94823,2026-06-13 05:25:01,f
94839,2026-06-13 05:25:01,f
94825,2026-06-13 05:25:01,f
94826,2026-06-13 05:25:01,f
94844,2026-06-13 05:25:01,f
94841,2026-06-13 05:25:01,f
94829,2026-06-13 05:25:01,f
94008,2026-06-13 05:25:01,f
93982,2026-06-13 05:25:01,f
94840,2026-06-13 05:25:01,f
94851,2026-06-13 05:25:02,f
94854,2026-06-13 05:25:02,f
98182,2026-06-13 05:25:02,f
98185,2026-06-13 05:25:02,f
94094,2026-06-13 05:25:02,f
94158,2026-06-13 05:25:02,f
94846,2026-06-13 05:25:02,f
98179,2026-06-13 05:25:02,f
98174,2026-06-13 05:25:02,f
94848,2026-06-13 05:25:02,f
94850,2026-06-13 05:25:02,t
94845,2026-06-13 05:25:02,f
94847,2026-06-13 05:25:02,f
98189,2026-06-13 05:25:02,f
98183,2026-06-13 05:25:02,f
98173,2026-06-13 05:25:02,f
94103,2026-06-13 05:25:02,f
94849,2026-06-13 05:25:02,f
98188,2026-06-13 05:25:02,f
94853,2026-06-13 05:25:02,f
98175,2026-06-13 05:25:02,f
98195,2026-06-13 05:25:03,f
94861,2026-06-13 05:25:03,f
94857,2026-06-13 05:25:03,f
94858,2026-06-13 05:25:03,f
98190,2026-06-13 05:25:03,f
94855,2026-06-13 05:25:03,f
94217,2026-06-13 05:25:03,f
98191,2026-06-13 05:25:03,f
94821,2026-06-13 05:25:28,f
267058,2026-06-13 19:20:14,t
278014,2026-06-13 19:20:14,t
278015,2026-06-13 19:20:14,t
267064,2026-06-13 19:21:10,t
267057,2026-06-13 19:21:10,t
277999,2026-06-13 19:21:10,t
267072,2026-06-13 19:21:10,t
267051,2026-06-13 19:21:10,t
267052,2026-06-13 19:21:10,t
267052,2026-06-14 10:09:12,t
267064,2026-06-15 15:22:30,t
334362,2026-06-16 00:14:40,t
334609,2026-06-18 03:46:47,t
115752,2026-06-18 10:50:57,t
115753,2026-06-18 10:50:57,t
334553,2026-06-22 09:21:20,t
287294,2026-06-22 21:50:15,t
287294,2026-06-23 05:34:25,t
287294,2026-06-23 06:55:06,t
214219,2026-06-25 13:58:05,t
229358,2026-06-26 22:26:39,t
229358,2026-06-27 02:47:38,t
228791,2026-06-27 05:51:21,t
229358,2026-06-27 07:32:24,t
236762,2026-06-28 09:53:40,t
236747,2026-06-28 09:53:40,t
236763,2026-06-28 09:53:40,t
228885,2026-06-29 12:08:29,t
228998,2026-06-29 12:16:28,t
228994,2026-06-29 12:17:28,t
228992,2026-06-29 12:17:40,t
229442,2026-06-30 10:55:56,t
