ид_канала,имя,тег,месяц,строк,числовых,текстовых,Неисправен,Обнаружен_газ,ge_1pct,пропусков_gt24ч,макс_пропуск_ч
288136,ГАЗ Д1 ПК0,915-1.1.501.1.,2026-01,1282,1282,0,0,0,0,3,159.4
288136,ГАЗ Д1 ПК0,915-1.1.501.1.,2026-02,18929,18927,2,0,0,0,0,0.0
288136,ГАЗ Д1 ПК0,915-1.1.501.1.,2026-03,413,413,0,0,0,0,5,160.6
288136,ГАЗ Д1 ПК0,915-1.1.501.1.,2026-04,58,48,10,4,0,0,9,161.6
288136,ГАЗ Д1 ПК0,915-1.1.501.1.,2026-05,6034,6030,4,0,2,54,8,91.4
288136,ГАЗ Д1 ПК0,915-1.1.501.1.,2026-06,8371,8371,0,0,0,0,2,657.1
288141,ГАЗ Д2 ПК4,915-1.1.502.1.,2026-01,309,309,0,0,0,0,1,32.3
288141,ГАЗ Д2 ПК4,915-1.1.502.1.,2026-02,382,382,0,0,0,0,1,27.4
288141,ГАЗ Д2 ПК4,915-1.1.502.1.,2026-03,11767,11767,0,0,0,0,0,0.0
288141,ГАЗ Д2 ПК4,915-1.1.502.1.,2026-04,18604,18602,2,1,0,0,1,168.8
288141,ГАЗ Д2 ПК4,915-1.1.502.1.,2026-05,3990,3986,4,0,2,65,6,67.7
288141,ГАЗ Д2 ПК4,915-1.1.502.1.,2026-06,0,0,0,0,0,0,0,
288146,ГАЗ Д3 ПК5,915-1.1.503.1.,2026-01,26461,26461,0,0,0,0,0,0.0
288146,ГАЗ Д3 ПК5,915-1.1.503.1.,2026-02,23677,23677,0,0,0,0,0,0.0
288146,ГАЗ Д3 ПК5,915-1.1.503.1.,2026-03,24890,24890,0,0,0,0,0,0.0
288146,ГАЗ Д3 ПК5,915-1.1.503.1.,2026-04,16134,16132,2,1,0,0,1,168.8
288146,ГАЗ Д3 ПК5,915-1.1.503.1.,2026-05,21856,21850,6,0,3,40,0,0.0
288146,ГАЗ Д3 ПК5,915-1.1.503.1.,2026-06,8695,8695,0,0,0,0,2,279.0
288151,ГАЗ Д4 ПК36,915-1.1.504.1.,2026-01,1819,1819,0,0,0,0,0,0.0
288151,ГАЗ Д4 ПК36,915-1.1.504.1.,2026-02,1531,1531,0,0,0,0,0,0.0
288151,ГАЗ Д4 ПК36,915-1.1.504.1.,2026-03,4339,4339,0,0,0,0,0,0.0
288151,ГАЗ Д4 ПК36,915-1.1.504.1.,2026-04,7633,7631,2,1,0,0,1,168.7
288151,ГАЗ Д4 ПК36,915-1.1.504.1.,2026-05,2731,2727,4,0,2,49,0,0.0
288151,ГАЗ Д4 ПК36,915-1.1.504.1.,2026-06,4984,4984,0,0,0,0,2,641.1
288156,ГАЗ Д5 ПК55,915-1.1.505.1.,2026-01,4451,4451,0,0,0,0,0,0.0
288156,ГАЗ Д5 ПК55,915-1.1.505.1.,2026-02,4014,4014,0,0,0,0,0,0.0
288156,ГАЗ Д5 ПК55,915-1.1.505.1.,2026-03,791,791,0,0,0,0,0,0.0
288156,ГАЗ Д5 ПК55,915-1.1.505.1.,2026-04,8,6,2,1,0,0,2,926.2
288156,ГАЗ Д5 ПК55,915-1.1.505.1.,2026-05,559,555,4,0,2,54,0,0.0
288156,ГАЗ Д5 ПК55,915-1.1.505.1.,2026-06,644,644,0,0,0,0,2,548.6
288161,ГАЗ Д6 ПК57,915-1.1.506.1.,2026-01,19116,19116,0,0,0,0,0,0.0
288161,ГАЗ Д6 ПК57,915-1.1.506.1.,2026-02,22085,22085,0,0,0,0,0,0.0
288161,ГАЗ Д6 ПК57,915-1.1.506.1.,2026-03,19523,19523,0,0,0,0,0,0.0
288161,ГАЗ Д6 ПК57,915-1.1.506.1.,2026-04,17335,17333,2,1,0,0,1,168.7
288161,ГАЗ Д6 ПК57,915-1.1.506.1.,2026-05,292,288,4,0,2,61,10,58.7
288161,ГАЗ Д6 ПК57,915-1.1.506.1.,2026-06,104,104,0,0,0,0,10,53.1
288166,ГАЗ Д7 ПК60 Г1 ПК1,915-1.1.507.1.,2026-01,24503,24503,0,0,0,0,0,0.0
288166,ГАЗ Д7 ПК60 Г1 ПК1,915-1.1.507.1.,2026-02,19560,19560,0,0,0,0,0,0.0
288166,ГАЗ Д7 ПК60 Г1 ПК1,915-1.1.507.1.,2026-03,23250,23250,0,0,0,0,0,0.0
288166,ГАЗ Д7 ПК60 Г1 ПК1,915-1.1.507.1.,2026-04,19923,19921,2,1,0,0,1,168.7
288166,ГАЗ Д7 ПК60 Г1 ПК1,915-1.1.507.1.,2026-05,5107,5103,4,0,2,56,0,0.0
288166,ГАЗ Д7 ПК60 Г1 ПК1,915-1.1.507.1.,2026-06,3583,3583,0,0,0,0,2,327.8
288171,ГАЗ Д8 ПК76,915-1.1.508.1.,2026-01,19950,19950,0,0,0,0,0,0.0
288171,ГАЗ Д8 ПК76,915-1.1.508.1.,2026-02,19801,19801,0,0,0,0,0,0.0
288171,ГАЗ Д8 ПК76,915-1.1.508.1.,2026-03,731,731,0,0,0,0,0,0.0
288171,ГАЗ Д8 ПК76,915-1.1.508.1.,2026-04,340,336,4,2,0,0,1,168.7
288171,ГАЗ Д8 ПК76,915-1.1.508.1.,2026-05,434,430,4,0,2,54,3,27.7
288171,ГАЗ Д8 ПК76,915-1.1.508.1.,2026-06,342,342,0,0,0,0,3,70.1
288176,ГАЗ Д9 ПК99,915-1.1.509.1.,2026-01,0,0,0,0,0,0,0,
288176,ГАЗ Д9 ПК99,915-1.1.509.1.,2026-02,0,0,0,0,0,0,0,
288176,ГАЗ Д9 ПК99,915-1.1.509.1.,2026-03,0,0,0,0,0,0,0,
288176,ГАЗ Д9 ПК99,915-1.1.509.1.,2026-04,509,507,2,1,0,0,1,168.7
288176,ГАЗ Д9 ПК99,915-1.1.509.1.,2026-05,7118,7114,4,0,2,47,0,0.0
288176,ГАЗ Д9 ПК99,915-1.1.509.1.,2026-06,1143,1143,0,0,0,0,1,33.8
288181,ГАЗ Д10 ПК122,915-1.1.510.1.,2026-01,0,0,0,0,0,0,0,
288181,ГАЗ Д10 ПК122,915-1.1.510.1.,2026-02,0,0,0,0,0,0,0,
288181,ГАЗ Д10 ПК122,915-1.1.510.1.,2026-03,0,0,0,0,0,0,0,
288181,ГАЗ Д10 ПК122,915-1.1.510.1.,2026-04,409,407,2,1,0,0,1,168.7
288181,ГАЗ Д10 ПК122,915-1.1.510.1.,2026-05,7844,7840,4,0,2,51,0,0.0
288181,ГАЗ Д10 ПК122,915-1.1.510.1.,2026-06,100,100,0,0,0,0,1,26.8
288186,ГАЗ Д11 ПК144,915-1.1.511.1.,2026-01,7839,7839,0,0,0,0,0,0.0
288186,ГАЗ Д11 ПК144,915-1.1.511.1.,2026-02,512,512,0,0,0,0,0,0.0
288186,ГАЗ Д11 ПК144,915-1.1.511.1.,2026-03,15836,15836,0,0,0,0,0,0.0
288186,ГАЗ Д11 ПК144,915-1.1.511.1.,2026-04,207785,207783,2,1,0,0,1,168.7
288186,ГАЗ Д11 ПК144,915-1.1.511.1.,2026-05,1030,1026,4,0,2,42,0,0.0
288186,ГАЗ Д11 ПК144,915-1.1.511.1.,2026-06,894,894,0,0,0,0,1,32.1
288191,ГАЗ Д12 ПК155,915-1.1.512.1.,2026-01,951,951,0,0,0,0,0,0.0
288191,ГАЗ Д12 ПК155,915-1.1.512.1.,2026-02,804,804,0,0,0,0,0,0.0
288191,ГАЗ Д12 ПК155,915-1.1.512.1.,2026-03,849,849,0,0,0,0,0,0.0
288191,ГАЗ Д12 ПК155,915-1.1.512.1.,2026-04,707,705,2,1,0,0,1,168.7
288191,ГАЗ Д12 ПК155,915-1.1.512.1.,2026-05,2801,2797,4,0,2,56,1,26.8
288191,ГАЗ Д12 ПК155,915-1.1.512.1.,2026-06,7425,7425,0,0,0,0,1,24.3
288196,ГАЗ Д13 ПК490,915-1.1.513.1.,2026-01,56,56,0,0,0,0,1,65.7
288196,ГАЗ Д13 ПК490,915-1.1.513.1.,2026-02,90,90,0,0,0,0,3,1055.3
288196,ГАЗ Д13 ПК490,915-1.1.513.1.,2026-03,476,476,0,0,0,0,1,38.5
288196,ГАЗ Д13 ПК490,915-1.1.513.1.,2026-04,388,386,2,1,0,0,2,168.6
288196,ГАЗ Д13 ПК490,915-1.1.513.1.,2026-05,3612,3608,4,0,2,47,0,0.0
288196,ГАЗ Д13 ПК490,915-1.1.513.1.,2026-06,5888,5888,0,0,0,0,2,465.7
288201,ГАЗ Д14 ПК471,915-1.1.514.1.,2026-01,77615,77615,0,0,0,0,0,0.0
288201,ГАЗ Д14 ПК471,915-1.1.514.1.,2026-02,2047,2047,0,0,0,0,0,0.0
288201,ГАЗ Д14 ПК471,915-1.1.514.1.,2026-03,171224,171224,0,0,0,0,0,0.0
288201,ГАЗ Д14 ПК471,915-1.1.514.1.,2026-04,119795,119793,2,1,0,0,1,168.6
288201,ГАЗ Д14 ПК471,915-1.1.514.1.,2026-05,3148,3144,4,0,2,52,0,0.0
288201,ГАЗ Д14 ПК471,915-1.1.514.1.,2026-06,7013,7013,0,0,0,0,2,307.2
288206,ГАЗ Д15 ПК470,915-1.1.515.1.,2026-01,0,0,0,0,0,0,0,
288206,ГАЗ Д15 ПК470,915-1.1.515.1.,2026-02,0,0,0,0,0,0,0,
288206,ГАЗ Д15 ПК470,915-1.1.515.1.,2026-03,0,0,0,0,0,0,0,
288206,ГАЗ Д15 ПК470,915-1.1.515.1.,2026-04,24,20,4,2,0,0,1,168.6
288206,ГАЗ Д15 ПК470,915-1.1.515.1.,2026-05,2802,2798,4,0,2,49,0,0.0
288206,ГАЗ Д15 ПК470,915-1.1.515.1.,2026-06,1262,1262,0,0,0,0,1,24.6
288211,ГАЗ Д16 ПК448,915-1.1.516.1.,2026-01,74,74,0,0,0,0,6,128.1
288211,ГАЗ Д16 ПК448,915-1.1.516.1.,2026-02,279,279,0,0,0,0,4,338.7
288211,ГАЗ Д16 ПК448,915-1.1.516.1.,2026-03,438,438,0,0,0,0,3,31.0
288211,ГАЗ Д16 ПК448,915-1.1.516.1.,2026-04,100,96,4,2,0,0,7,168.6
288211,ГАЗ Д16 ПК448,915-1.1.516.1.,2026-05,2419,2415,4,0,2,45,0,0.0
288211,ГАЗ Д16 ПК448,915-1.1.516.1.,2026-06,3934,3934,0,0,0,0,2,303.6
288216,ГАЗ Д17 ПК446,915-1.1.517.1.,2026-01,254,254,0,0,0,0,3,32.2
288216,ГАЗ Д17 ПК446,915-1.1.517.1.,2026-02,241,241,0,0,0,0,3,30.8
288216,ГАЗ Д17 ПК446,915-1.1.517.1.,2026-03,157,157,0,0,0,0,9,47.5
288216,ГАЗ Д17 ПК446,915-1.1.517.1.,2026-04,187,185,2,1,0,0,3,168.6
288216,ГАЗ Д17 ПК446,915-1.1.517.1.,2026-05,2971,2967,4,0,2,59,0,0.0
288216,ГАЗ Д17 ПК446,915-1.1.517.1.,2026-06,3822,3822,0,0,0,0,2,576.9
288221,ГАЗ Д18 ПК422,915-1.1.518.1.,2026-01,924,924,0,0,0,0,0,0.0
288221,ГАЗ Д18 ПК422,915-1.1.518.1.,2026-02,750,750,0,0,0,0,0,0.0
288221,ГАЗ Д18 ПК422,915-1.1.518.1.,2026-03,701,701,0,0,0,0,0,0.0
288221,ГАЗ Д18 ПК422,915-1.1.518.1.,2026-04,417,415,2,1,0,0,2,168.6
288221,ГАЗ Д18 ПК422,915-1.1.518.1.,2026-05,430,426,4,0,2,56,5,35.4
288221,ГАЗ Д18 ПК422,915-1.1.518.1.,2026-06,85,85,0,0,0,0,1,32.0
288226,ГАЗ Д19 ПК420,915-1.1.519.1.,2026-01,0,0,0,0,0,0,0,
288226,ГАЗ Д19 ПК420,915-1.1.519.1.,2026-02,0,0,0,0,0,0,0,
288226,ГАЗ Д19 ПК420,915-1.1.519.1.,2026-03,36,36,0,0,0,0,2,135.3
288226,ГАЗ Д19 ПК420,915-1.1.519.1.,2026-04,32,30,2,1,0,0,2,986.9
288226,ГАЗ Д19 ПК420,915-1.1.519.1.,2026-05,2147,2143,4,0,2,59,0,0.0
288226,ГАЗ Д19 ПК420,915-1.1.519.1.,2026-06,20682,20682,0,0,0,0,2,660.9
288231,ГАЗ Д20 ПК416+9,915-1.1.520.1.,2026-01,0,0,0,0,0,0,0,
288231,ГАЗ Д20 ПК416+9,915-1.1.520.1.,2026-02,0,0,0,0,0,0,0,
288231,ГАЗ Д20 ПК416+9,915-1.1.520.1.,2026-03,0,0,0,0,0,0,0,
288231,ГАЗ Д20 ПК416+9,915-1.1.520.1.,2026-04,4,2,2,1,0,0,1,168.6
288231,ГАЗ Д20 ПК416+9,915-1.1.520.1.,2026-05,109,105,4,0,2,31,2,454.5
288231,ГАЗ Д20 ПК416+9,915-1.1.520.1.,2026-06,0,0,0,0,0,0,0,
288236,ГАЗ Д21 ПК414,915-1.1.521.1.,2026-01,4767,4767,0,0,0,0,0,0.0
288236,ГАЗ Д21 ПК414,915-1.1.521.1.,2026-02,40044,40044,0,0,0,0,0,0.0
288236,ГАЗ Д21 ПК414,915-1.1.521.1.,2026-03,5903,5903,0,0,0,0,0,0.0
288236,ГАЗ Д21 ПК414,915-1.1.521.1.,2026-04,30193,30191,2,1,0,0,1,168.6
288236,ГАЗ Д21 ПК414,915-1.1.521.1.,2026-05,825,819,6,0,3,48,1,48.6
288236,ГАЗ Д21 ПК414,915-1.1.521.1.,2026-06,0,0,0,0,0,0,0,
288241,ГАЗ Д22 ПК411+9,915-1.1.522.1.,2026-01,6245,6245,0,0,0,0,0,0.0
288241,ГАЗ Д22 ПК411+9,915-1.1.522.1.,2026-02,6839,6839,0,0,0,0,0,0.0
288241,ГАЗ Д22 ПК411+9,915-1.1.522.1.,2026-03,38125,38125,0,0,0,0,0,0.0
288241,ГАЗ Д22 ПК411+9,915-1.1.522.1.,2026-04,32686,32684,2,1,0,0,1,168.6
288241,ГАЗ Д22 ПК411+9,915-1.1.522.1.,2026-05,97,93,4,0,2,39,2,454.6
288241,ГАЗ Д22 ПК411+9,915-1.1.522.1.,2026-06,0,0,0,0,0,0,0,
288246,ГАЗ Д23 ПК406+9,915-1.1.523.1.,2026-01,4,4,0,0,0,0,0,0.0
288246,ГАЗ Д23 ПК406+9,915-1.1.523.1.,2026-02,18514,18514,0,0,0,0,1,33.1
288246,ГАЗ Д23 ПК406+9,915-1.1.523.1.,2026-03,1807,1807,0,0,0,0,0,0.0
288246,ГАЗ Д23 ПК406+9,915-1.1.523.1.,2026-04,919,917,2,1,0,0,1,168.6
288246,ГАЗ Д23 ПК406+9,915-1.1.523.1.,2026-05,7840,7836,4,0,2,45,0,0.0
288246,ГАЗ Д23 ПК406+9,915-1.1.523.1.,2026-06,19751,19751,0,0,0,0,2,252.1
288251,ГАЗ Д24 ПК404,915-1.1.524.1.,2026-01,0,0,0,0,0,0,0,
288251,ГАЗ Д24 ПК404,915-1.1.524.1.,2026-02,0,0,0,0,0,0,0,
288251,ГАЗ Д24 ПК404,915-1.1.524.1.,2026-03,0,0,0,0,0,0,0,
288251,ГАЗ Д24 ПК404,915-1.1.524.1.,2026-04,16,14,2,1,0,0,1,168.6
288251,ГАЗ Д24 ПК404,915-1.1.524.1.,2026-05,1267,1263,4,0,2,54,0,0.0
288251,ГАЗ Д24 ПК404,915-1.1.524.1.,2026-06,1179,1179,0,0,0,0,1,25.7
288256,ГАЗ Д25 ПК402+8,915-1.1.525.1.,2026-01,0,0,0,0,0,0,0,
288256,ГАЗ Д25 ПК402+8,915-1.1.525.1.,2026-02,262,262,0,0,0,0,4,33.5
288256,ГАЗ Д25 ПК402+8,915-1.1.525.1.,2026-03,15619,15619,0,0,0,0,4,47.7
288256,ГАЗ Д25 ПК402+8,915-1.1.525.1.,2026-04,20444,20442,2,1,0,0,1,168.6
288256,ГАЗ Д25 ПК402+8,915-1.1.525.1.,2026-05,17773,17769,4,0,2,61,0,0.0
288256,ГАЗ Д25 ПК402+8,915-1.1.525.1.,2026-06,41293,41293,0,0,0,0,1,25.3
288261,ГАЗ Д26 ПК400,915-1.1.526.1.,2026-01,178,150,28,14,0,0,11,70.7
288261,ГАЗ Д26 ПК400,915-1.1.526.1.,2026-02,0,0,0,0,0,0,0,
288261,ГАЗ Д26 ПК400,915-1.1.526.1.,2026-03,0,0,0,0,0,0,0,
288261,ГАЗ Д26 ПК400,915-1.1.526.1.,2026-04,0,0,0,0,0,0,0,
288261,ГАЗ Д26 ПК400,915-1.1.526.1.,2026-05,4,1,3,1,0,1,1,2383.8
288261,ГАЗ Д26 ПК400,915-1.1.526.1.,2026-06,0,0,0,0,0,0,0,
288266,ГАЗ Д27 ПК398,915-1.1.527.1.,2026-01,4575,4575,0,0,0,0,0,0.0
288266,ГАЗ Д27 ПК398,915-1.1.527.1.,2026-02,4473,4473,0,0,0,0,0,0.0
288266,ГАЗ Д27 ПК398,915-1.1.527.1.,2026-03,6203,6203,0,0,0,0,0,0.0
288266,ГАЗ Д27 ПК398,915-1.1.527.1.,2026-04,3539,3537,2,1,0,0,1,168.6
288266,ГАЗ Д27 ПК398,915-1.1.527.1.,2026-05,864,860,4,0,2,43,2,42.3
288266,ГАЗ Д27 ПК398,915-1.1.527.1.,2026-06,1117,1117,0,0,0,0,1,27.6
288271,ГАЗ Д28 ПК388,915-1.1.528.1.,2026-01,30,30,0,0,0,0,4,333.7
288271,ГАЗ Д28 ПК388,915-1.1.528.1.,2026-02,180,180,0,0,0,0,5,73.7
288271,ГАЗ Д28 ПК388,915-1.1.528.1.,2026-03,240,240,0,0,0,0,5,58.4
288271,ГАЗ Д28 ПК388,915-1.1.528.1.,2026-04,156,154,2,1,0,0,5,168.6
288271,ГАЗ Д28 ПК388,915-1.1.528.1.,2026-05,1804,1798,6,0,3,60,0,0.0
288271,ГАЗ Д28 ПК388,915-1.1.528.1.,2026-06,2141,2141,0,0,0,0,2,491.2
288276,ГАЗ Д29 ПК374,915-1.1.529.1.,2026-01,1879,1879,0,0,0,0,0,0.0
288276,ГАЗ Д29 ПК374,915-1.1.529.1.,2026-02,1773,1773,0,0,0,0,0,0.0
288276,ГАЗ Д29 ПК374,915-1.1.529.1.,2026-03,1884,1884,0,0,0,0,0,0.0
288276,ГАЗ Д29 ПК374,915-1.1.529.1.,2026-04,1164,1162,2,1,0,0,1,168.6
288276,ГАЗ Д29 ПК374,915-1.1.529.1.,2026-05,10724,10720,4,0,2,53,0,0.0
288276,ГАЗ Д29 ПК374,915-1.1.529.1.,2026-06,19412,19412,0,0,0,0,2,680.3
288281,ГАЗ Д30 ПК372,915-1.1.530.1.,2026-01,1441,1441,0,0,0,0,0,0.0
288281,ГАЗ Д30 ПК372,915-1.1.530.1.,2026-02,1437,1437,0,0,0,0,0,0.0
288281,ГАЗ Д30 ПК372,915-1.1.530.1.,2026-03,242,242,0,0,0,0,0,0.0
288281,ГАЗ Д30 ПК372,915-1.1.530.1.,2026-04,378,376,2,1,0,0,3,557.4
288281,ГАЗ Д30 ПК372,915-1.1.530.1.,2026-05,263,259,4,0,2,54,8,74.4
288281,ГАЗ Д30 ПК372,915-1.1.530.1.,2026-06,83,83,0,0,0,0,4,186.9
288286,ГАЗ Д31 ПК353,915-1.1.531.1.,2026-01,4627,4627,0,0,0,0,0,0.0
288286,ГАЗ Д31 ПК353,915-1.1.531.1.,2026-02,5693,5693,0,0,0,0,0,0.0
288286,ГАЗ Д31 ПК353,915-1.1.531.1.,2026-03,4420,4420,0,0,0,0,0,0.0
288286,ГАЗ Д31 ПК353,915-1.1.531.1.,2026-04,2722,2720,2,1,0,0,1,168.6
288286,ГАЗ Д31 ПК353,915-1.1.531.1.,2026-05,1759,1755,4,0,2,61,0,0.0
288286,ГАЗ Д31 ПК353,915-1.1.531.1.,2026-06,2185,2185,0,0,0,0,1,25.7
288291,ГАЗ Д32 ПК326,915-1.1.532.1.,2026-01,0,0,0,0,0,0,0,
288291,ГАЗ Д32 ПК326,915-1.1.532.1.,2026-02,4,4,0,0,0,0,0,0.0
288291,ГАЗ Д32 ПК326,915-1.1.532.1.,2026-03,434,434,0,0,0,0,7,357.3
288291,ГАЗ Д32 ПК326,915-1.1.532.1.,2026-04,642,640,2,1,0,0,2,168.7
288291,ГАЗ Д32 ПК326,915-1.1.532.1.,2026-05,603,599,4,0,2,53,0,0.0
288291,ГАЗ Д32 ПК326,915-1.1.532.1.,2026-06,433,433,0,0,0,0,1,30.0
288296,ГАЗ Д33 ПК324,915-1.1.533.1.,2026-01,2,2,0,0,0,0,0,0.0
288296,ГАЗ Д33 ПК324,915-1.1.533.1.,2026-02,918,918,0,0,0,0,3,132.8
288296,ГАЗ Д33 ПК324,915-1.1.533.1.,2026-03,688,688,0,0,0,0,1,26.1
288296,ГАЗ Д33 ПК324,915-1.1.533.1.,2026-04,2,0,2,1,0,0,2,600.9
288296,ГАЗ Д33 ПК324,915-1.1.533.1.,2026-05,325,321,4,0,2,44,5,66.6
288296,ГАЗ Д33 ПК324,915-1.1.533.1.,2026-06,24,24,0,0,0,0,4,78.5
288301,ГАЗ Д34 ПК308,915-1.1.534.1.,2026-01,216,216,0,0,0,0,8,84.9
288301,ГАЗ Д34 ПК308,915-1.1.534.1.,2026-02,13370,13370,0,0,0,0,2,39.4
288301,ГАЗ Д34 ПК308,915-1.1.534.1.,2026-03,25301,25301,0,0,0,0,0,0.0
288301,ГАЗ Д34 ПК308,915-1.1.534.1.,2026-04,16160,16158,2,1,0,0,1,168.7
288301,ГАЗ Д34 ПК308,915-1.1.534.1.,2026-05,230,224,6,0,3,60,10,154.2
288301,ГАЗ Д34 ПК308,915-1.1.534.1.,2026-06,291,291,0,0,0,0,4,396.0
288306,ГАЗ Д35 ПК297,915-1.1.535.1.,2026-01,0,0,0,0,0,0,0,
288306,ГАЗ Д35 ПК297,915-1.1.535.1.,2026-02,0,0,0,0,0,0,0,
288306,ГАЗ Д35 ПК297,915-1.1.535.1.,2026-03,0,0,0,0,0,0,0,
288306,ГАЗ Д35 ПК297,915-1.1.535.1.,2026-04,2,0,2,1,0,0,1,166.8
288306,ГАЗ Д35 ПК297,915-1.1.535.1.,2026-05,190,186,4,0,2,49,14,92.7
288306,ГАЗ Д35 ПК297,915-1.1.535.1.,2026-06,180,180,0,0,0,0,6,39.4
288311,ГАЗ Д36 ПК282,915-1.1.536.1.,2026-01,234,234,0,0,0,0,3,33.3
288311,ГАЗ Д36 ПК282,915-1.1.536.1.,2026-02,21111,21111,0,0,0,0,1,43.3
288311,ГАЗ Д36 ПК282,915-1.1.536.1.,2026-03,24354,24354,0,0,0,0,0,0.0
288311,ГАЗ Д36 ПК282,915-1.1.536.1.,2026-04,17609,17607,2,1,0,0,1,167.2
288311,ГАЗ Д36 ПК282,915-1.1.536.1.,2026-05,240,236,4,0,2,44,14,48.8
288311,ГАЗ Д36 ПК282,915-1.1.536.1.,2026-06,141,141,0,0,0,0,9,51.2
288316,ГАЗ Д37 ПК263,915-1.1.537.1.,2026-01,0,0,0,0,0,0,0,
288316,ГАЗ Д37 ПК263,915-1.1.537.1.,2026-02,0,0,0,0,0,0,0,
288316,ГАЗ Д37 ПК263,915-1.1.537.1.,2026-03,0,0,0,0,0,0,0,
288316,ГАЗ Д37 ПК263,915-1.1.537.1.,2026-04,602,598,4,2,0,0,1,167.7
288316,ГАЗ Д37 ПК263,915-1.1.537.1.,2026-05,11658,11654,4,0,2,65,0,0.0
288316,ГАЗ Д37 ПК263,915-1.1.537.1.,2026-06,7579,7579,0,0,0,0,2,540.8
288321,ГАЗ Д38 ПК262,915-1.1.538.1.,2026-01,12,12,0,0,0,0,0,0.0
288321,ГАЗ Д38 ПК262,915-1.1.538.1.,2026-02,451,451,0,0,0,0,2,296.8
288321,ГАЗ Д38 ПК262,915-1.1.538.1.,2026-03,900,900,0,0,0,0,0,0.0
288321,ГАЗ Д38 ПК262,915-1.1.538.1.,2026-04,649,647,2,1,0,0,1,168.0
288321,ГАЗ Д38 ПК262,915-1.1.538.1.,2026-05,361,357,4,0,2,61,8,71.4
288321,ГАЗ Д38 ПК262,915-1.1.538.1.,2026-06,100,100,0,0,0,0,7,111.6
288326,ГАЗ Д39 ПК206,915-1.1.539.1.,2026-01,383,383,0,0,0,0,1,29.0
288326,ГАЗ Д39 ПК206,915-1.1.539.1.,2026-02,6111,6111,0,0,0,0,3,30.3
288326,ГАЗ Д39 ПК206,915-1.1.539.1.,2026-03,27909,27909,0,0,0,0,0,0.0
288326,ГАЗ Д39 ПК206,915-1.1.539.1.,2026-04,19499,19497,2,1,0,0,1,167.7
288326,ГАЗ Д39 ПК206,915-1.1.539.1.,2026-05,4396,4392,4,0,2,53,0,0.0
288326,ГАЗ Д39 ПК206,915-1.1.539.1.,2026-06,287,287,0,0,0,0,2,91.2
288331,ГАЗ Д40 ПК203+5,915-1.1.540.1.,2026-01,0,0,0,0,0,0,0,
288331,ГАЗ Д40 ПК203+5,915-1.1.540.1.,2026-02,0,0,0,0,0,0,0,
288331,ГАЗ Д40 ПК203+5,915-1.1.540.1.,2026-03,0,0,0,0,0,0,0,
288331,ГАЗ Д40 ПК203+5,915-1.1.540.1.,2026-04,904,902,2,1,0,0,1,167.7
288331,ГАЗ Д40 ПК203+5,915-1.1.540.1.,2026-05,10498,10494,4,0,2,47,0,0.0
288331,ГАЗ Д40 ПК203+5,915-1.1.540.1.,2026-06,234,234,0,0,0,0,1,24.7
