дата,группа,строк,активных_каналов,строк_Неисправен,строк_Обнаружен_газ,строк_ge_1pct,окно_ППР
2026-01-01,yas_gas,6555,25,0,0,0,
2026-01-01,yas_all,10870,343,546,0,117,
2026-01-01,ctrl_gas,117711,150,0,0,0,
2026-01-01,all_gas,124266,175,0,0,0,
2026-01-01,park_all,10703,372,1122,0,241,
2026-01-02,yas_gas,6454,23,0,0,0,
2026-01-02,yas_all,7467,82,16,0,229,
2026-01-02,ctrl_gas,120686,147,0,0,0,
2026-01-02,all_gas,127140,170,0,0,0,
2026-01-02,park_all,11198,535,1120,0,476,
2026-01-03,yas_gas,7405,22,0,0,0,
2026-01-03,yas_all,8081,56,0,0,52,
2026-01-03,ctrl_gas,117072,149,0,3,62,
2026-01-03,all_gas,124477,171,0,3,62,
2026-01-03,park_all,8248,257,1154,0,179,
2026-01-04,yas_gas,8364,22,0,0,0,
2026-01-04,yas_all,10946,926,0,0,108,
2026-01-04,ctrl_gas,120939,146,3,13,12,
2026-01-04,all_gas,129303,168,3,13,12,
2026-01-04,park_all,11024,312,1240,0,236,
2026-01-05,yas_gas,7854,22,0,0,0,
2026-01-05,yas_all,9829,729,21,0,103,
2026-01-05,ctrl_gas,120424,145,0,0,0,
2026-01-05,all_gas,128278,167,0,0,0,
2026-01-05,park_all,10991,415,1154,0,180,
2026-01-06,yas_gas,7815,22,0,0,0,
2026-01-06,yas_all,9228,148,0,0,133,
2026-01-06,ctrl_gas,116547,168,0,4,5,
2026-01-06,all_gas,124362,190,0,4,5,
2026-01-06,park_all,13277,576,1305,0,282,
2026-01-07,yas_gas,7338,24,0,0,0,
2026-01-07,yas_all,10266,1093,0,0,164,
2026-01-07,ctrl_gas,116091,140,0,0,0,
2026-01-07,all_gas,123429,164,0,0,0,
2026-01-07,park_all,8228,204,1201,0,236,
2026-01-08,yas_gas,6517,22,0,0,0,
2026-01-08,yas_all,7203,53,0,0,59,
2026-01-08,ctrl_gas,118674,172,0,0,0,
2026-01-08,all_gas,125191,194,0,0,0,
2026-01-08,park_all,11145,722,1098,0,233,
2026-01-09,yas_gas,6608,22,3,0,0,
2026-01-09,yas_all,8718,788,3,0,98,
2026-01-09,ctrl_gas,119341,145,0,0,0,
2026-01-09,all_gas,125949,167,3,0,0,
2026-01-09,park_all,12664,680,1026,0,226,
2026-01-10,yas_gas,6489,23,0,0,0,
2026-01-10,yas_all,7769,142,78,0,141,
2026-01-10,ctrl_gas,117494,143,0,0,0,
2026-01-10,all_gas,123983,166,0,0,0,
2026-01-10,park_all,12084,296,584,0,313,
2026-01-11,yas_gas,5925,21,0,0,0,
2026-01-11,yas_all,8354,909,0,0,95,
2026-01-11,ctrl_gas,114974,164,0,0,0,
2026-01-11,all_gas,120899,185,0,0,0,
2026-01-11,park_all,5161,196,86,0,182,
2026-01-12,yas_gas,6574,22,0,0,0,P01
2026-01-12,yas_all,7400,57,0,0,56,P01
2026-01-12,ctrl_gas,115719,150,0,1,0,P01
2026-01-12,all_gas,122293,172,0,1,0,P01
2026-01-12,park_all,18017,974,113,0,168,P01
2026-01-13,yas_gas,6704,21,1,0,0,P01
2026-01-13,yas_all,9735,973,35,0,101,P01
2026-01-13,ctrl_gas,115461,142,0,0,0,P01
2026-01-13,all_gas,122165,163,1,0,0,P01
2026-01-13,park_all,19985,669,660,0,160,P01
2026-01-14,yas_gas,5724,22,1,0,0,P01
2026-01-14,yas_all,7132,103,34,0,48,P01
2026-01-14,ctrl_gas,114921,170,0,0,0,P01
2026-01-14,all_gas,120645,192,1,0,0,P01
2026-01-14,park_all,24074,1939,1032,0,147,P01
2026-01-15,yas_gas,5628,23,0,0,0,P01
2026-01-15,yas_all,8736,1103,2,0,56,P01
2026-01-15,ctrl_gas,116319,139,0,0,0,P01
2026-01-15,all_gas,121947,162,0,0,0,P01
2026-01-15,park_all,25035,1076,964,0,139,P01
2026-01-16,yas_gas,6366,24,0,0,0,P01
2026-01-16,yas_all,7752,61,2,0,120,P01
2026-01-16,ctrl_gas,114435,167,0,0,0,P01
2026-01-16,all_gas,120801,191,0,0,0,P01
2026-01-16,park_all,23262,1163,1012,0,110,P01
2026-01-17,yas_gas,6609,24,0,0,0,P01
2026-01-17,yas_all,10154,1126,0,0,81,P01
2026-01-17,ctrl_gas,114667,138,0,0,0,P01
2026-01-17,all_gas,121276,162,0,0,0,P01
2026-01-17,park_all,10841,907,959,0,115,P01
2026-01-18,yas_gas,7008,23,0,0,0,P01
2026-01-18,yas_all,8864,118,102,0,56,P01
2026-01-18,ctrl_gas,114302,144,0,0,0,P01
2026-01-18,all_gas,121310,167,0,0,0,P01
2026-01-18,park_all,13004,1698,1060,0,205,P01
2026-01-19,yas_gas,6791,22,0,0,0,P01
2026-01-19,yas_all,9878,1148,3,0,108,P01
2026-01-19,ctrl_gas,117371,170,0,0,0,P01
2026-01-19,all_gas,124162,192,0,0,0,P01
2026-01-19,park_all,26765,963,1048,0,173,P01
2026-01-20,yas_gas,7044,22,0,0,0,P01
2026-01-20,yas_all,8427,111,0,0,68,P01
2026-01-20,ctrl_gas,115676,147,0,0,0,P01
2026-01-20,all_gas,122720,169,0,0,0,P01
2026-01-20,park_all,28784,1615,1152,0,182,P01
2026-01-21,yas_gas,6629,22,0,0,0,P01
2026-01-21,yas_all,9341,792,1,0,80,P01
2026-01-21,ctrl_gas,118306,187,0,0,0,P01
2026-01-21,all_gas,124935,209,0,0,0,P01
2026-01-21,park_all,36735,2050,714,0,199,P01
2026-01-22,yas_gas,6485,23,0,0,0,P01
2026-01-22,yas_all,11369,1257,0,0,172,P01
2026-01-22,ctrl_gas,116154,145,8,2,0,P01
2026-01-22,all_gas,122639,168,8,2,0,P01
2026-01-22,park_all,28655,1404,25,0,220,P01
2026-01-23,yas_gas,6356,22,0,0,0,P01
2026-01-23,yas_all,7443,60,1,0,100,P01
2026-01-23,ctrl_gas,107303,148,9,13,0,P01
2026-01-23,all_gas,113659,170,9,13,0,P01
2026-01-23,park_all,27499,1890,130,0,414,P01
2026-01-24,yas_gas,6545,22,0,0,0,P01
2026-01-24,yas_all,9640,922,11,0,66,P01
2026-01-24,ctrl_gas,113721,164,0,0,0,P01
2026-01-24,all_gas,120266,186,0,0,0,P01
2026-01-24,park_all,10863,379,60,0,133,P01
2026-01-25,yas_gas,7264,25,0,0,0,P01
2026-01-25,yas_all,7980,52,0,0,18,P01
2026-01-25,ctrl_gas,116276,138,0,0,0,P01
2026-01-25,all_gas,123540,163,0,0,0,P01
2026-01-25,park_all,5921,551,85,0,102,P01
2026-01-26,yas_gas,7747,24,9,0,0,P01
2026-01-26,yas_all,12692,1323,45,0,132,P01
2026-01-26,ctrl_gas,116206,144,0,0,0,P01
2026-01-26,all_gas,123953,168,9,0,0,P01
2026-01-26,park_all,35776,1395,138,0,351,P01
2026-01-27,yas_gas,6736,22,0,0,0,P01
2026-01-27,yas_all,8282,147,1,0,64,P01
2026-01-27,ctrl_gas,115588,178,0,0,0,P01
2026-01-27,all_gas,122324,200,0,0,0,P01
2026-01-27,park_all,34150,2278,237,0,238,P01
2026-01-28,yas_gas,6585,23,0,0,0,P01
2026-01-28,yas_all,9554,1150,1,0,101,P01
2026-01-28,ctrl_gas,114281,156,0,13,0,P01
2026-01-28,all_gas,120866,179,0,13,0,P01
2026-01-28,park_all,30608,2508,370,0,275,P01
2026-01-29,yas_gas,7458,23,0,0,0,P02
2026-01-29,yas_all,8225,52,0,0,75,P02
2026-01-29,ctrl_gas,114009,197,7,5,10,P02
2026-01-29,all_gas,121467,220,7,5,10,P02
2026-01-29,park_all,24850,1073,134,0,237,P02
2026-01-30,yas_gas,7691,24,0,0,0,P02
2026-01-30,yas_all,12765,1249,374,0,57,P02
2026-01-30,ctrl_gas,114321,197,0,3,0,P02
2026-01-30,all_gas,122012,221,0,3,0,P02
2026-01-30,park_all,24175,1877,68,0,184,P02
2026-01-31,yas_gas,4929,22,0,0,0,P02
2026-01-31,yas_all,7241,121,204,0,99,P02
2026-01-31,ctrl_gas,118070,134,0,0,0,P02
2026-01-31,all_gas,122999,156,0,0,0,P02
2026-01-31,park_all,13923,497,19,0,196,P02
2026-02-01,yas_gas,4916,26,0,0,0,P02
2026-02-01,yas_all,8868,1269,104,0,104,P02
2026-02-01,ctrl_gas,118582,190,0,0,0,P02
2026-02-01,all_gas,123498,216,0,0,0,P02
2026-02-01,park_all,10874,1624,55,0,199,P02
2026-02-02,yas_gas,6778,25,0,0,0,P02
2026-02-02,yas_all,10235,1276,0,0,104,P02
2026-02-02,ctrl_gas,119277,139,0,0,0,P02
2026-02-02,all_gas,126055,164,0,0,0,P02
2026-02-02,park_all,36983,1286,136,0,582,P02
2026-02-03,yas_gas,7084,24,0,0,0,P02
2026-02-03,yas_all,10669,1183,16,0,101,P02
2026-02-03,ctrl_gas,127885,263,67,3,3,P02
2026-02-03,all_gas,134969,287,67,3,3,P02
2026-02-03,park_all,48088,2798,363,0,296,P02
2026-02-04,yas_gas,7611,24,0,0,0,P02
2026-02-04,yas_all,10754,1201,1,0,133,P02
2026-02-04,ctrl_gas,136388,194,0,0,0,P02
2026-02-04,all_gas,143999,218,0,0,0,P02
2026-02-04,park_all,31614,1904,134,0,196,P02
2026-02-05,yas_gas,7724,24,0,0,0,P02
2026-02-05,yas_all,9457,75,0,0,83,P02
2026-02-05,ctrl_gas,134748,227,0,1,4,P02
2026-02-05,all_gas,142472,251,0,1,4,P02
2026-02-05,park_all,26409,1865,107,0,202,P02
2026-02-06,yas_gas,7511,23,0,0,0,P02
2026-02-06,yas_all,10741,1243,0,0,112,P02
2026-02-06,ctrl_gas,137037,175,0,2,0,P02
2026-02-06,all_gas,144548,198,0,2,0,P02
2026-02-06,park_all,25465,560,261,0,294,P02
2026-02-07,yas_gas,6308,25,0,0,0,P02
2026-02-07,yas_all,7722,557,0,0,29,P02
2026-02-07,ctrl_gas,134514,231,0,0,0,P02
2026-02-07,all_gas,140822,256,0,0,0,P02
2026-02-07,park_all,16205,1651,426,0,124,P02
2026-02-08,yas_gas,7661,25,0,0,0,P02
2026-02-08,yas_all,10683,1205,21,0,63,P02
2026-02-08,ctrl_gas,131876,187,0,1,0,P02
2026-02-08,all_gas,139537,212,0,1,0,P02
2026-02-08,park_all,20420,389,71,0,114,P02
2026-02-09,yas_gas,7425,26,0,0,0,P02
2026-02-09,yas_all,8366,60,0,0,96,P02
2026-02-09,ctrl_gas,124323,240,0,43,65,P02
2026-02-09,all_gas,131748,266,0,43,65,P02
2026-02-09,park_all,33792,2667,288,0,242,P02
2026-02-10,yas_gas,7364,26,0,0,0,P02
2026-02-10,yas_all,9888,1192,0,0,73,P02
2026-02-10,ctrl_gas,120931,159,5,42,481,P02
2026-02-10,all_gas,128295,185,5,42,481,P02
2026-02-10,park_all,39621,1845,454,0,162,P02
2026-02-11,yas_gas,7375,25,0,0,0,P02
2026-02-11,yas_all,9305,901,0,0,106,P02
2026-02-11,ctrl_gas,122616,204,0,0,0,P02
2026-02-11,all_gas,129991,229,0,0,0,P02
2026-02-11,park_all,36237,2867,217,0,220,P02
2026-02-12,yas_gas,8653,27,0,0,0,P02
2026-02-12,yas_all,12010,1210,0,0,52,P02
2026-02-12,ctrl_gas,120834,215,0,66,99,P02
2026-02-12,all_gas,129487,242,0,66,99,P02
2026-02-12,park_all,35186,1407,325,0,206,P02
2026-02-13,yas_gas,8774,27,0,0,0,P03
2026-02-13,yas_all,11329,487,50,0,55,P03
2026-02-13,ctrl_gas,120400,175,0,2,3,P03
2026-02-13,all_gas,129174,202,0,2,3,P03
2026-02-13,park_all,25936,687,316,0,160,P03
2026-02-14,yas_gas,8159,27,0,0,0,P03
2026-02-14,yas_all,15277,1238,759,0,65,P03
2026-02-14,ctrl_gas,117318,144,0,0,0,P03
2026-02-14,all_gas,125477,171,0,0,0,P03
2026-02-14,park_all,6651,354,244,0,165,P03
2026-02-15,yas_gas,9627,28,0,0,0,P03
2026-02-15,yas_all,11393,135,106,0,145,P03
2026-02-15,ctrl_gas,135151,143,0,0,0,P03
2026-02-15,all_gas,144778,171,0,0,0,P03
2026-02-15,park_all,5962,469,197,0,305,P03
2026-02-16,yas_gas,9149,29,0,0,0,P03
2026-02-16,yas_all,12819,1229,10,0,106,P03
2026-02-16,ctrl_gas,141257,141,0,0,0,P03
2026-02-16,all_gas,150406,170,0,0,0,P03
2026-02-16,park_all,28153,969,386,0,240,P03
2026-02-17,yas_gas,9348,25,0,0,0,P03
2026-02-17,yas_all,11414,183,170,0,72,P03
2026-02-17,ctrl_gas,138831,216,0,1,2,P03
2026-02-17,all_gas,148179,241,0,1,2,P03
2026-02-17,park_all,24438,844,262,0,167,P03
2026-02-18,yas_gas,8989,27,0,0,0,P03
2026-02-18,yas_all,11809,1189,0,0,73,P03
2026-02-18,ctrl_gas,141270,144,0,0,0,P03
2026-02-18,all_gas,150259,171,0,0,0,P03
2026-02-18,park_all,34993,1711,264,0,278,P03
2026-02-19,yas_gas,8053,28,0,0,0,P03
2026-02-19,yas_all,9931,134,34,0,192,P03
2026-02-19,ctrl_gas,141951,136,0,0,0,P03
2026-02-19,all_gas,150004,164,0,0,0,P03
2026-02-19,park_all,29264,925,223,0,283,P03
2026-02-20,yas_gas,9754,29,0,0,0,P03
2026-02-20,yas_all,12237,775,0,0,209,P03
2026-02-20,ctrl_gas,137727,140,0,0,0,P03
2026-02-20,all_gas,147481,169,0,0,0,P03
2026-02-20,park_all,24668,518,272,0,200,P03
2026-02-21,yas_gas,10153,29,0,0,0,P03
2026-02-21,yas_all,11330,61,1,0,174,P03
2026-02-21,ctrl_gas,140871,139,0,0,0,P03
2026-02-21,all_gas,151024,168,0,0,0,P03
2026-02-21,park_all,4192,258,257,0,184,P03
2026-02-22,yas_gas,10839,29,0,0,0,P03
2026-02-22,yas_all,13252,980,0,0,75,P03
2026-02-22,ctrl_gas,141256,146,0,0,0,P03
2026-02-22,all_gas,152095,175,0,0,0,P03
2026-02-22,park_all,3085,189,246,0,176,P03
2026-02-23,yas_gas,11328,29,0,0,0,P03
2026-02-23,yas_all,12028,58,1,0,87,P03
2026-02-23,ctrl_gas,137109,146,0,17,0,P03
2026-02-23,all_gas,148437,175,0,17,0,P03
2026-02-23,park_all,3900,189,378,0,112,P03
2026-02-24,yas_gas,9432,29,0,0,0,P03
2026-02-24,yas_all,12501,1143,0,0,117,P03
2026-02-24,ctrl_gas,139107,149,0,0,0,P03
2026-02-24,all_gas,148539,178,0,0,0,P03
2026-02-24,park_all,31664,954,456,0,169,P03
2026-02-25,yas_gas,8839,29,0,0,0,P03
2026-02-25,yas_all,10325,88,1,0,19,P03
2026-02-25,ctrl_gas,140593,176,0,0,0,P03
2026-02-25,all_gas,149432,205,0,0,0,P03
2026-02-25,park_all,31234,828,124,0,155,P03
2026-02-26,yas_gas,9445,29,0,0,0,P03
2026-02-26,yas_all,15472,1163,148,0,50,P03
2026-02-26,ctrl_gas,138794,145,0,0,0,P03
2026-02-26,all_gas,148239,174,0,0,0,P03
2026-02-26,park_all,25125,642,24,0,81,P03
2026-02-27,yas_gas,9260,29,0,0,0,P03
2026-02-27,yas_all,13642,223,105,0,66,P03
2026-02-27,ctrl_gas,137294,173,0,0,0,P03
2026-02-27,all_gas,146554,202,0,0,0,P03
2026-02-27,park_all,32327,890,27,0,147,P03
2026-02-28,yas_gas,8323,29,0,0,0,
2026-02-28,yas_all,8919,53,0,0,52,
2026-02-28,ctrl_gas,136979,148,0,0,0,
2026-02-28,all_gas,145302,177,0,0,0,
2026-02-28,park_all,11977,273,1,0,95,
2026-03-01,yas_gas,8024,27,0,0,0,
2026-03-01,yas_all,8733,46,0,0,31,
2026-03-01,ctrl_gas,132860,148,0,0,0,
2026-03-01,all_gas,140884,175,0,0,0,
2026-03-01,park_all,7388,278,26,0,99,
2026-03-02,yas_gas,8037,28,0,0,0,P04
2026-03-02,yas_all,8223,76,2,0,47,P04
2026-03-02,ctrl_gas,131878,182,0,8,0,P04
2026-03-02,all_gas,139915,210,0,8,0,P04
2026-03-02,park_all,30282,1101,24,0,99,P04
2026-03-03,yas_gas,7337,30,0,0,0,P04
2026-03-03,yas_all,8741,142,0,0,68,P04
2026-03-03,ctrl_gas,134734,151,0,0,0,P04
2026-03-03,all_gas,142071,181,0,0,0,P04
2026-03-03,park_all,33995,1343,14,0,119,P04
2026-03-04,yas_gas,6757,28,0,0,0,P04
2026-03-04,yas_all,9111,815,0,0,86,P04
2026-03-04,ctrl_gas,134197,174,0,0,0,P04
2026-03-04,all_gas,140954,202,0,0,0,P04
2026-03-04,park_all,34316,1106,35,0,136,P04
2026-03-05,yas_gas,7541,29,0,0,0,P04
2026-03-05,yas_all,8149,51,0,0,50,P04
2026-03-05,ctrl_gas,131682,157,0,0,0,P04
2026-03-05,all_gas,139223,186,0,0,0,P04
2026-03-05,park_all,37917,1910,587,0,124,P04
2026-03-06,yas_gas,6571,28,0,0,0,P04
2026-03-06,yas_all,7101,53,1,0,22,P04
2026-03-06,ctrl_gas,133784,165,0,12,0,P04
2026-03-06,all_gas,140355,193,0,12,0,P04
2026-03-06,park_all,37177,1361,27,0,102,P04
2026-03-07,yas_gas,7382,27,0,0,0,P04
2026-03-07,yas_all,7966,58,1,0,104,P04
2026-03-07,ctrl_gas,132256,176,0,0,0,P04
2026-03-07,all_gas,139638,203,0,0,0,P04
2026-03-07,park_all,16906,214,3,0,144,P04
2026-03-08,yas_gas,5864,30,0,0,0,P04
2026-03-08,yas_all,6598,61,3,0,108,P04
2026-03-08,ctrl_gas,131417,149,0,0,0,P04
2026-03-08,all_gas,137281,179,0,0,0,P04
2026-03-08,park_all,22091,273,50,0,122,P04
2026-03-09,yas_gas,6774,29,0,0,0,P04
2026-03-09,yas_all,9823,1039,10,0,89,P04
2026-03-09,ctrl_gas,130977,179,0,0,0,P04
2026-03-09,all_gas,137751,208,0,0,0,P04
2026-03-09,park_all,9928,480,25,0,168,P04
2026-03-10,yas_gas,7599,29,0,0,0,P04
2026-03-10,yas_all,8015,57,2,0,59,P04
2026-03-10,ctrl_gas,132210,163,0,2,2,P04
2026-03-10,all_gas,139809,192,0,2,2,P04
2026-03-10,park_all,42159,1281,73,0,131,P04
2026-03-11,yas_gas,6749,29,0,0,0,P04
2026-03-11,yas_all,7314,61,4,0,60,P04
2026-03-11,ctrl_gas,128524,160,0,11,0,P04
2026-03-11,all_gas,135273,189,0,11,0,P04
2026-03-11,park_all,61458,1844,102,0,196,P04
2026-03-12,yas_gas,6571,30,0,0,0,P04
2026-03-12,yas_all,7689,146,6,0,40,P04
2026-03-12,ctrl_gas,132313,222,0,67,0,P04
2026-03-12,all_gas,138884,252,0,67,0,P04
2026-03-12,park_all,42631,2702,661,0,169,P04
2026-03-13,yas_gas,8167,29,0,0,0,P04
2026-03-13,yas_all,8982,63,8,0,34,P04
2026-03-13,ctrl_gas,126961,155,0,46,0,P04
2026-03-13,all_gas,135128,184,0,46,0,P04
2026-03-13,park_all,38629,1053,462,0,150,P04
2026-03-14,yas_gas,8221,27,0,0,0,P04
2026-03-14,yas_all,8378,52,2,0,38,P04
2026-03-14,ctrl_gas,121746,145,0,0,0,P04
2026-03-14,all_gas,129967,172,0,0,0,P04
2026-03-14,park_all,18242,294,33,0,144,P04
2026-03-15,yas_gas,8707,29,0,0,0,P04
2026-03-15,yas_all,9891,556,5,0,58,P04
2026-03-15,ctrl_gas,124514,167,0,0,0,P04
2026-03-15,all_gas,133221,196,0,0,0,P04
2026-03-15,park_all,12077,364,30,0,164,P04
2026-03-16,yas_gas,9343,25,0,0,0,P04
2026-03-16,yas_all,11933,103,6,0,62,P04
2026-03-16,ctrl_gas,122353,154,0,0,0,P04
2026-03-16,all_gas,131696,179,0,0,0,P04
2026-03-16,park_all,43075,2072,69,0,350,P04
2026-03-17,yas_gas,11770,26,0,0,0,P04
2026-03-17,yas_all,13272,82,5,0,69,P04
2026-03-17,ctrl_gas,118929,182,0,0,0,P04
2026-03-17,all_gas,130699,208,0,0,0,P04
2026-03-17,park_all,40337,1508,70,0,293,P04
2026-03-18,yas_gas,9901,27,0,0,0,P04
2026-03-18,yas_all,13688,207,11,0,53,P04
2026-03-18,ctrl_gas,118485,161,0,0,0,P04
2026-03-18,all_gas,128386,188,0,0,0,P04
2026-03-18,park_all,45171,1961,24,0,298,P04
2026-03-19,yas_gas,15858,26,0,0,0,P04
2026-03-19,yas_all,19183,157,80,0,63,P04
2026-03-19,ctrl_gas,120655,174,0,103,0,P04
2026-03-19,all_gas,136513,200,0,103,0,P04
2026-03-19,park_all,44479,1308,703,0,265,P04
2026-03-20,yas_gas,22692,25,0,0,0,
2026-03-20,yas_all,27454,1293,141,0,77,
2026-03-20,ctrl_gas,122004,156,0,0,0,
2026-03-20,all_gas,144696,181,0,0,0,
2026-03-20,park_all,39250,1391,24,0,248,
2026-03-21,yas_gas,22255,27,0,0,0,
2026-03-21,yas_all,22420,51,8,0,48,
2026-03-21,ctrl_gas,118501,151,0,0,0,
2026-03-21,all_gas,140756,178,0,0,0,
2026-03-21,park_all,21986,426,27,0,111,
2026-03-22,yas_gas,22818,27,0,0,0,
2026-03-22,yas_all,22966,51,5,0,46,
2026-03-22,ctrl_gas,118683,154,0,0,0,
2026-03-22,all_gas,141501,181,0,0,0,
2026-03-22,park_all,11202,433,17,0,150,
2026-03-23,yas_gas,22094,27,0,0,0,P05
2026-03-23,yas_all,25534,824,12,0,57,P05
2026-03-23,ctrl_gas,120654,186,0,2,0,P05
2026-03-23,all_gas,142748,213,0,2,0,P05
2026-03-23,park_all,32167,1115,11,0,303,P05
2026-03-24,yas_gas,22041,27,0,0,0,P05
2026-03-24,yas_all,27168,659,8,0,92,P05
2026-03-24,ctrl_gas,119382,151,0,0,0,P05
2026-03-24,all_gas,141423,178,0,0,0,P05
2026-03-24,park_all,36508,984,59,0,248,P05
2026-03-25,yas_gas,21585,27,0,0,0,P05
2026-03-25,yas_all,22381,124,35,0,52,P05
2026-03-25,ctrl_gas,121541,155,0,2,0,P05
2026-03-25,all_gas,143126,182,0,2,0,P05
2026-03-25,park_all,42425,1934,27,0,288,P05
2026-03-26,yas_gas,22301,27,0,0,0,P05
2026-03-26,yas_all,23185,99,2,0,65,P05
2026-03-26,ctrl_gas,122675,158,0,9,43,P05
2026-03-26,all_gas,144976,185,0,9,43,P05
2026-03-26,park_all,31775,1692,200,0,403,P05
2026-03-27,yas_gas,22988,26,0,0,0,P05
2026-03-27,yas_all,26230,1210,9,0,67,P05
2026-03-27,ctrl_gas,124327,191,32,2,2,P05
2026-03-27,all_gas,147315,217,32,2,2,P05
2026-03-27,park_all,35351,1395,147,0,282,P05
2026-03-28,yas_gas,21746,28,0,0,0,P05
2026-03-28,yas_all,22444,59,3,0,19,P05
2026-03-28,ctrl_gas,129583,175,0,0,0,P05
2026-03-28,all_gas,151329,203,0,0,0,P05
2026-03-28,park_all,19963,444,54,0,104,P05
2026-03-29,yas_gas,23843,27,0,0,0,P05
2026-03-29,yas_all,25201,58,4,0,38,P05
2026-03-29,ctrl_gas,131561,181,0,0,0,P05
2026-03-29,all_gas,155404,208,0,0,0,P05
2026-03-29,park_all,13220,529,161,0,154,P05
2026-03-30,yas_gas,23576,26,0,0,0,P05
2026-03-30,yas_all,24290,57,3,0,32,P05
2026-03-30,ctrl_gas,128401,181,0,0,0,P05
2026-03-30,all_gas,151977,207,0,0,0,P05
2026-03-30,park_all,29487,1200,61,0,308,P05
2026-03-31,yas_gas,24338,25,0,0,0,P05
2026-03-31,yas_all,31975,1397,3,0,97,P05
2026-03-31,ctrl_gas,127631,183,0,0,0,P05
2026-03-31,all_gas,151969,208,0,0,0,P05
2026-03-31,park_all,34507,1866,2,0,279,P05
2026-04-01,yas_gas,25067,26,0,0,0,P05
2026-04-01,yas_all,26390,157,21,0,30,P05
2026-04-01,ctrl_gas,125588,178,0,0,0,P05
2026-04-01,all_gas,150655,204,0,0,0,P05
2026-04-01,park_all,40243,2030,203,0,310,P05
2026-04-02,yas_gas,24729,26,0,0,0,P05
2026-04-02,yas_all,25969,130,4,0,28,P05
2026-04-02,ctrl_gas,126501,196,0,32,32,P05
2026-04-02,all_gas,151230,222,0,32,32,P05
2026-04-02,park_all,43785,1723,109,0,323,P05
2026-04-03,yas_gas,23469,26,0,0,0,P05
2026-04-03,yas_all,25043,147,102,0,55,P05
2026-04-03,ctrl_gas,117361,178,0,16,30,P05
2026-04-03,all_gas,140830,204,0,16,30,P05
2026-04-03,park_all,32972,2017,101,0,279,P05
2026-04-04,yas_gas,24785,28,0,0,0,P05
2026-04-04,yas_all,25532,121,0,0,55,P05
2026-04-04,ctrl_gas,120567,158,0,0,0,P05
2026-04-04,all_gas,145352,186,0,0,0,P05
2026-04-04,park_all,19358,533,44,0,264,P05
2026-04-05,yas_gas,21723,27,0,0,0,P05
2026-04-05,yas_all,24724,1317,45,0,141,P05
2026-04-05,ctrl_gas,119913,156,0,0,0,P05
2026-04-05,all_gas,141636,183,0,0,0,P05
2026-04-05,park_all,12943,533,46,0,226,P05
2026-04-06,yas_gas,19711,26,0,0,0,P05
2026-04-06,yas_all,22391,569,23,0,115,P05
2026-04-06,ctrl_gas,117493,180,0,0,0,P05
2026-04-06,all_gas,137204,206,0,0,0,P05
2026-04-06,park_all,39025,2011,27,0,501,P05
2026-04-07,yas_gas,16409,26,0,0,0,P05
2026-04-07,yas_all,20639,1323,105,0,159,P05
2026-04-07,ctrl_gas,117631,171,0,4,0,P05
2026-04-07,all_gas,134040,197,0,4,0,P05
2026-04-07,park_all,45418,1981,2033,0,603,P05
2026-04-08,yas_gas,14694,26,0,0,0,P05
2026-04-08,yas_all,15947,154,6,0,88,P05
2026-04-08,ctrl_gas,114718,190,0,46,62,P05
2026-04-08,all_gas,129412,216,0,46,62,P05
2026-04-08,park_all,47870,1799,608,0,386,P05
2026-04-09,yas_gas,14351,27,0,0,0,P06
2026-04-09,yas_all,15313,147,18,0,79,P06
2026-04-09,ctrl_gas,118706,172,0,16,0,P06
2026-04-09,all_gas,133057,199,0,16,0,P06
2026-04-09,park_all,66759,1883,4174,0,436,P06
2026-04-10,yas_gas,12350,26,0,0,0,P06
2026-04-10,yas_all,13547,159,22,0,97,P06
2026-04-10,ctrl_gas,122888,162,8,1,94,P06
2026-04-10,all_gas,135238,188,8,1,94,P06
2026-04-10,park_all,43459,1320,365,0,452,P06
2026-04-11,yas_gas,13573,25,0,0,0,P06
2026-04-11,yas_all,15007,169,3,0,107,P06
2026-04-11,ctrl_gas,121058,159,0,0,0,P06
2026-04-11,all_gas,134631,184,0,0,0,P06
2026-04-11,park_all,11127,304,5,0,113,P06
2026-04-12,yas_gas,27907,28,0,0,0,P06
2026-04-12,yas_all,28787,150,19,0,82,P06
2026-04-12,ctrl_gas,121970,163,0,0,0,P06
2026-04-12,all_gas,149877,191,0,0,0,P06
2026-04-12,park_all,8575,347,4,0,137,P06
2026-04-13,yas_gas,27836,28,0,0,0,P06
2026-04-13,yas_all,29278,149,2,0,61,P06
2026-04-13,ctrl_gas,124169,167,0,0,0,P06
2026-04-13,all_gas,152005,195,0,0,0,P06
2026-04-13,park_all,52712,1907,463,0,388,P06
2026-04-14,yas_gas,28132,26,0,0,0,P06
2026-04-14,yas_all,29624,202,6,0,39,P06
2026-04-14,ctrl_gas,123011,168,0,0,0,P06
2026-04-14,all_gas,151143,194,0,0,0,P06
2026-04-14,park_all,59143,2464,5454,0,290,P06
2026-04-15,yas_gas,30732,27,0,0,0,P06
2026-04-15,yas_all,31480,152,15,0,37,P06
2026-04-15,ctrl_gas,124394,192,2,7,0,P06
2026-04-15,all_gas,155126,219,2,7,0,P06
2026-04-15,park_all,46968,1550,20,0,240,P06
2026-04-16,yas_gas,30357,27,0,0,0,P06
2026-04-16,yas_all,32596,705,0,0,65,P06
2026-04-16,ctrl_gas,120881,174,0,0,0,P06
2026-04-16,all_gas,151238,201,0,0,0,P06
2026-04-16,park_all,41724,2526,51,0,311,P06
2026-04-17,yas_gas,30305,28,0,0,0,P06
2026-04-17,yas_all,31111,124,1,0,34,P06
2026-04-17,ctrl_gas,118718,171,0,47,0,P06
2026-04-17,all_gas,149023,199,0,47,0,P06
2026-04-17,park_all,60313,2030,2635,0,268,P06
2026-04-18,yas_gas,29197,27,0,0,0,P06
2026-04-18,yas_all,29980,122,2,0,57,P06
2026-04-18,ctrl_gas,119411,176,0,0,0,P06
2026-04-18,all_gas,148608,203,0,0,0,P06
2026-04-18,park_all,53913,679,7842,0,144,P06
2026-04-19,yas_gas,30330,28,0,0,0,P06
2026-04-19,yas_all,31071,131,0,0,91,P06
2026-04-19,ctrl_gas,122061,167,0,0,0,P06
2026-04-19,all_gas,152391,195,0,0,0,P06
2026-04-19,park_all,46512,546,6158,0,100,P06
2026-04-20,yas_gas,30322,27,0,0,0,P06
2026-04-20,yas_all,31633,160,2,0,92,P06
2026-04-20,ctrl_gas,119196,165,0,66,1,P06
2026-04-20,all_gas,149518,192,0,66,1,P06
2026-04-20,park_all,79035,2316,1114,0,474,P06
2026-04-21,yas_gas,31428,26,0,0,0,P06
2026-04-21,yas_all,32334,204,1,0,127,P06
2026-04-21,ctrl_gas,119797,157,0,0,0,P06
2026-04-21,all_gas,151225,183,0,0,0,P06
2026-04-21,park_all,75600,2523,534,0,547,P06
2026-04-22,yas_gas,31480,26,0,0,0,P06
2026-04-22,yas_all,32343,147,23,0,86,P06
2026-04-22,ctrl_gas,123030,159,0,102,0,P06
2026-04-22,all_gas,154510,185,0,102,0,P06
2026-04-22,park_all,53402,3032,1141,0,508,P06
2026-04-23,yas_gas,15038,39,39,0,0,P07
2026-04-23,yas_all,17959,255,74,0,85,P07
2026-04-23,ctrl_gas,129401,167,0,0,0,P07
2026-04-23,all_gas,144439,206,39,0,0,P07
2026-04-23,park_all,34905,2007,212,0,504,P07
2026-04-24,yas_gas,6,1,3,0,0,P07
2026-04-24,yas_all,1909,142,7,0,109,P07
2026-04-24,ctrl_gas,130712,155,3,1,14,P07
2026-04-24,all_gas,130718,156,6,1,14,P07
2026-04-24,park_all,40389,2492,438,0,564,P07
2026-04-25,yas_all,159,50,10,0,65,P07
2026-04-25,ctrl_gas,128640,156,0,0,0,P07
2026-04-25,all_gas,128640,156,0,0,0,P07
2026-04-25,park_all,16069,671,72,0,300,P07
2026-04-26,yas_gas,1,1,0,0,0,P07
2026-04-26,yas_all,70,23,0,0,57,P07
2026-04-26,ctrl_gas,133291,177,0,0,0,P07
2026-04-26,all_gas,133292,178,0,0,0,P07
2026-04-26,park_all,12121,891,262,0,283,P07
2026-04-27,yas_all,2860,158,143,0,243,P07
2026-04-27,ctrl_gas,128821,167,0,0,0,P07
2026-04-27,all_gas,128821,167,0,0,0,P07
2026-04-27,park_all,39325,2148,290,0,754,P07
2026-04-28,yas_gas,1,1,0,0,0,P07
2026-04-28,yas_all,2015,216,38,0,192,P07
2026-04-28,ctrl_gas,125719,164,0,0,0,P07
2026-04-28,all_gas,125720,165,0,0,0,P07
2026-04-28,park_all,36511,1692,96,0,530,P07
2026-04-29,yas_gas,1,1,0,0,0,P07
2026-04-29,yas_all,2313,167,116,0,155,P07
2026-04-29,ctrl_gas,129124,192,2,0,0,P07
2026-04-29,all_gas,129125,193,2,0,0,P07
2026-04-29,park_all,35589,1768,7,0,621,P07
2026-04-30,yas_gas,4744,38,4,0,0,P07
2026-04-30,yas_all,7106,230,5,0,95,P07
2026-04-30,ctrl_gas,131816,167,0,0,0,P07
2026-04-30,all_gas,136560,205,4,0,0,P07
2026-04-30,park_all,30966,1390,27,0,344,P07
2026-05-01,yas_gas,9876,32,0,0,0,P07
2026-05-01,yas_all,10741,122,136,0,37,P07
2026-05-01,ctrl_gas,122558,156,0,0,0,P07
2026-05-01,all_gas,132434,188,0,0,0,P07
2026-05-01,park_all,9701,401,77,0,195,P07
2026-05-02,yas_gas,9519,34,0,0,0,P07
2026-05-02,yas_all,13300,188,310,0,75,P07
2026-05-02,ctrl_gas,125784,175,0,35,0,P07
2026-05-02,all_gas,135303,209,0,35,0,P07
2026-05-02,park_all,15595,938,219,0,256,P07
2026-05-03,yas_gas,10313,35,0,0,0,P07
2026-05-03,yas_all,11786,154,4,0,76,P07
2026-05-03,ctrl_gas,129503,178,0,0,0,P07
2026-05-03,all_gas,139816,213,0,0,0,P07
2026-05-03,park_all,17273,1035,6,0,309,P07
2026-05-04,yas_gas,10637,34,0,0,0,P07
2026-05-04,yas_all,11921,154,0,0,102,P07
2026-05-04,ctrl_gas,123954,165,0,0,0,P07
2026-05-04,all_gas,134591,199,0,0,0,P07
2026-05-04,park_all,33396,1472,40,0,489,P07
2026-05-05,yas_gas,9841,34,0,0,0,P07
2026-05-05,yas_all,11760,234,20,0,105,P07
2026-05-05,ctrl_gas,124659,183,0,0,0,P07
2026-05-05,all_gas,134500,217,0,0,0,P07
2026-05-05,park_all,33548,2164,22,0,467,P07
2026-05-06,yas_gas,10057,34,1,0,1,P07
2026-05-06,yas_all,12903,233,167,0,123,P07
2026-05-06,ctrl_gas,128208,184,3,2,3,P07
2026-05-06,all_gas,138265,218,4,2,4,P07
2026-05-06,park_all,49111,1738,30,0,490,P07
2026-05-07,yas_gas,8485,39,0,40,997,P07
2026-05-07,yas_all,12025,255,133,40,1100,P07
2026-05-07,ctrl_gas,125421,190,0,0,0,P07
2026-05-07,all_gas,133906,229,0,40,997,P07
2026-05-07,park_all,52635,1712,72,0,629,P07
2026-05-08,yas_gas,1710,34,0,0,0,P07
2026-05-08,yas_all,2759,154,10,0,81,P07
2026-05-08,ctrl_gas,125047,192,0,0,0,P07
2026-05-08,all_gas,126757,226,0,0,0,P07
2026-05-08,park_all,54532,1300,296,0,427,P07
2026-05-09,yas_gas,2202,36,0,0,0,P07
2026-05-09,yas_all,3741,170,171,0,49,P07
2026-05-09,ctrl_gas,123054,173,0,0,0,P07
2026-05-09,all_gas,125256,209,0,0,0,P07
2026-05-09,park_all,31926,346,12,0,103,P07
2026-05-10,yas_gas,2549,34,0,0,0,P07
2026-05-10,yas_all,3443,136,34,0,52,P07
2026-05-10,ctrl_gas,123113,170,0,0,0,P07
2026-05-10,all_gas,125662,204,0,0,0,P07
2026-05-10,park_all,34490,453,69,0,131,P07
2026-05-11,yas_gas,2457,32,0,0,0,P07
2026-05-11,yas_all,3319,193,1,0,57,P07
2026-05-11,ctrl_gas,123903,183,0,0,0,P07
2026-05-11,all_gas,126360,215,0,0,0,P07
2026-05-11,park_all,33195,697,95,0,161,P07
2026-05-12,yas_gas,2771,35,0,0,0,P07
2026-05-12,yas_all,3686,185,22,0,85,P07
2026-05-12,ctrl_gas,121709,191,0,0,0,P07
2026-05-12,all_gas,124480,226,0,0,0,P07
2026-05-12,park_all,50684,1423,40,0,228,P07
2026-05-13,yas_gas,2552,34,0,0,0,P07
2026-05-13,yas_all,3318,135,0,0,42,P07
2026-05-13,ctrl_gas,117608,188,4,0,0,P07
2026-05-13,all_gas,120160,222,4,0,0,P07
2026-05-13,park_all,51261,1335,180,0,339,P07
2026-05-14,yas_gas,2912,37,0,0,0,P07
2026-05-14,yas_all,4064,174,34,0,62,P07
2026-05-14,ctrl_gas,118765,199,0,6,0,P07
2026-05-14,all_gas,121677,236,0,6,0,P07
2026-05-14,park_all,52201,1601,73,0,379,P07
2026-05-15,yas_gas,1651,33,0,0,0,P08
2026-05-15,yas_all,2598,157,20,0,46,P08
2026-05-15,ctrl_gas,122775,206,0,4,0,P08
2026-05-15,all_gas,124426,239,0,4,0,P08
2026-05-15,park_all,53596,1468,89,0,418,P08
2026-05-16,yas_gas,1846,33,0,0,0,P08
2026-05-16,yas_all,2378,120,0,0,52,P08
2026-05-16,ctrl_gas,118893,177,0,0,0,P08
2026-05-16,all_gas,120739,210,0,0,0,P08
2026-05-16,park_all,35966,590,117,0,180,P08
2026-05-17,yas_gas,2135,36,0,0,0,P08
2026-05-17,yas_all,2800,130,0,0,62,P08
2026-05-17,ctrl_gas,128220,188,0,0,0,P08
2026-05-17,all_gas,130355,224,0,0,0,P08
2026-05-17,park_all,31598,483,27,0,314,P08
2026-05-18,yas_gas,3124,35,0,0,0,P08
2026-05-18,yas_all,3638,135,0,0,77,P08
2026-05-18,ctrl_gas,128488,206,18,1,206,P08
2026-05-18,all_gas,131612,241,18,1,206,P08
2026-05-18,park_all,54771,1632,128,0,535,P08
2026-05-19,yas_gas,3105,33,0,0,0,P08
2026-05-19,yas_all,4197,230,17,0,75,P08
2026-05-19,ctrl_gas,126234,190,0,0,0,P08
2026-05-19,all_gas,129339,223,0,0,0,P08
2026-05-19,park_all,58483,2081,209,0,597,P08
2026-05-20,yas_gas,3440,36,0,0,0,P08
2026-05-20,yas_all,4994,152,1,0,76,P08
2026-05-20,ctrl_gas,128808,217,0,0,0,P08
2026-05-20,all_gas,132248,253,0,0,0,P08
2026-05-20,park_all,72907,1786,101,0,607,P08
2026-05-21,yas_gas,3863,35,0,0,0,P08
2026-05-21,yas_all,5885,173,241,0,97,P08
2026-05-21,ctrl_gas,133430,191,0,4,0,P08
2026-05-21,all_gas,137293,226,0,4,0,P08
2026-05-21,park_all,56401,1612,226,0,585,P08
2026-05-22,yas_gas,5246,35,0,0,0,P08
2026-05-22,yas_all,6126,135,1,0,87,P08
2026-05-22,ctrl_gas,135191,195,0,1,318,P08
2026-05-22,all_gas,140437,230,0,1,318,P08
2026-05-22,park_all,57860,1849,197,0,693,P08
2026-05-23,yas_gas,5307,36,0,0,0,P08
2026-05-23,yas_all,8280,176,375,0,79,P08
2026-05-23,ctrl_gas,130419,187,0,0,0,P08
2026-05-23,all_gas,135726,223,0,0,0,P08
2026-05-23,park_all,39074,744,131,0,254,P08
2026-05-24,yas_gas,5156,33,0,0,0,P08
2026-05-24,yas_all,5930,133,0,0,71,P08
2026-05-24,ctrl_gas,135893,182,0,0,0,P08
2026-05-24,all_gas,141049,215,0,0,0,P08
2026-05-24,park_all,34101,662,20,0,158,P08
2026-05-25,yas_gas,4899,35,0,0,0,P08
2026-05-25,yas_all,5893,135,0,0,80,P08
2026-05-25,ctrl_gas,136673,191,0,57,0,P08
2026-05-25,all_gas,141572,226,0,57,0,P08
2026-05-25,park_all,58720,1566,530,0,398,P08
2026-05-26,yas_gas,6524,39,0,42,1024,P08
2026-05-26,yas_all,10025,236,134,42,1129,P08
2026-05-26,ctrl_gas,132494,186,0,17,0,P08
2026-05-26,all_gas,139018,225,0,59,1024,P08
2026-05-26,park_all,55156,1458,539,0,421,P08
2026-05-27,yas_gas,2410,35,0,0,0,P08
2026-05-27,yas_all,3528,130,1,0,78,P08
2026-05-27,ctrl_gas,128307,181,0,32,0,P08
2026-05-27,all_gas,130717,216,0,32,0,P08
2026-05-27,park_all,39004,1559,62,0,434,P08
2026-05-28,yas_gas,3240,33,0,0,0,P08
2026-05-28,yas_all,5411,191,55,0,102,P08
2026-05-28,ctrl_gas,128269,190,0,0,0,P08
2026-05-28,all_gas,131509,223,0,0,0,P08
2026-05-28,park_all,75451,1871,199,0,597,P08
2026-05-29,yas_gas,3685,32,0,0,0,P08
2026-05-29,yas_all,4849,133,0,0,74,P08
2026-05-29,ctrl_gas,128087,199,0,56,0,P08
2026-05-29,all_gas,131772,231,0,56,0,P08
2026-05-29,park_all,65915,2348,74,0,423,P08
2026-05-30,yas_gas,3962,35,0,0,0,
2026-05-30,yas_all,4504,119,0,0,44,
2026-05-30,ctrl_gas,129568,182,0,0,0,
2026-05-30,all_gas,133530,217,0,0,0,
2026-05-30,park_all,24125,1048,101,0,207,
2026-05-31,yas_gas,3681,34,0,0,0,
2026-05-31,yas_all,4188,116,0,0,43,
2026-05-31,ctrl_gas,130629,171,0,0,0,
2026-05-31,all_gas,134310,205,0,0,0,
2026-05-31,park_all,13737,553,60,0,121,
2026-06-02,yas_gas,4054,35,0,0,0,
2026-06-02,yas_all,11235,854,4,0,56,
2026-06-02,ctrl_gas,136596,192,0,4,0,
2026-06-02,all_gas,140650,227,0,4,0,
2026-06-02,park_all,40047,1643,1465,0,273,
2026-06-03,yas_gas,4156,35,0,0,0,
2026-06-03,yas_all,9864,974,34,0,54,
2026-06-03,ctrl_gas,141303,178,0,4,0,
2026-06-03,all_gas,145459,213,0,4,0,
2026-06-03,park_all,35610,1242,2990,0,290,
2026-06-04,yas_gas,4239,33,0,0,0,P09
2026-06-04,yas_all,7628,165,0,0,53,P09
2026-06-04,ctrl_gas,136008,197,33,0,0,P09
2026-06-04,all_gas,140247,230,33,0,0,P09
2026-06-04,park_all,44038,2138,3456,0,379,P09
2026-06-05,yas_gas,4286,35,0,0,0,P09
2026-06-05,yas_all,7528,171,1,0,60,P09
2026-06-05,ctrl_gas,127693,171,0,14,0,P09
2026-06-05,all_gas,131979,206,0,14,0,P09
2026-06-05,park_all,39339,1513,5395,0,372,P09
2026-06-06,yas_gas,4653,34,0,0,0,P09
2026-06-06,yas_all,5257,123,0,0,52,P09
2026-06-06,ctrl_gas,126067,185,0,0,0,P09
2026-06-06,all_gas,130720,219,0,0,0,P09
2026-06-06,park_all,22256,550,5393,0,246,P09
2026-06-07,yas_gas,3884,34,0,0,0,P09
2026-06-07,yas_all,4591,128,0,0,61,P09
2026-06-07,ctrl_gas,122794,161,0,0,0,P09
2026-06-07,all_gas,126678,195,0,0,0,P09
2026-06-07,park_all,19244,582,5217,0,265,P09
2026-06-08,yas_gas,4385,33,0,0,0,P09
2026-06-08,yas_all,7949,169,0,0,76,P09
2026-06-08,ctrl_gas,126567,162,0,0,0,P09
2026-06-08,all_gas,130952,195,0,0,0,P09
2026-06-08,park_all,33796,1389,3409,0,359,P09
2026-06-09,yas_gas,4829,33,0,0,0,P09
2026-06-09,yas_all,8178,212,1,0,64,P09
2026-06-09,ctrl_gas,129840,179,0,109,0,P09
2026-06-09,all_gas,134669,212,0,109,0,P09
2026-06-09,park_all,47538,1892,3206,0,340,P09
2026-06-10,yas_gas,5369,28,0,0,0,P09
2026-06-10,yas_all,10465,1268,1,0,102,P09
2026-06-10,ctrl_gas,130395,176,0,0,0,P09
2026-06-10,all_gas,135764,204,0,0,0,P09
2026-06-10,park_all,42099,1700,2462,0,391,P09
2026-06-11,yas_gas,5453,28,0,0,0,P09
2026-06-11,yas_all,7905,168,13,0,100,P09
2026-06-11,ctrl_gas,137508,196,0,0,0,P09
2026-06-11,all_gas,142961,224,0,0,0,P09
2026-06-11,park_all,31485,1591,1871,0,352,P09
2026-06-12,yas_gas,6310,29,0,0,0,P09
2026-06-12,yas_all,7040,136,0,0,79,P09
2026-06-12,ctrl_gas,139111,255,0,0,0,P09
2026-06-12,all_gas,145421,284,0,0,0,P09
2026-06-12,park_all,11949,808,70,0,318,P09
2026-06-13,yas_gas,8298,28,0,0,0,P09
2026-06-13,yas_all,9141,139,17,0,87,P09
2026-06-13,ctrl_gas,140546,180,0,0,0,P09
2026-06-13,all_gas,148844,208,0,0,0,P09
2026-06-13,park_all,12246,814,159,0,452,P09
2026-06-14,yas_gas,7585,27,0,0,0,P09
2026-06-14,yas_all,8118,62,0,0,43,P09
2026-06-14,ctrl_gas,135159,169,0,0,0,P09
2026-06-14,all_gas,142744,196,0,0,0,P09
2026-06-14,park_all,9397,564,20,0,265,P09
2026-06-15,yas_gas,6543,28,0,0,0,P09
2026-06-15,yas_all,9013,153,0,0,72,P09
2026-06-15,ctrl_gas,140462,200,1,0,0,P09
2026-06-15,all_gas,147005,228,1,0,0,P09
2026-06-15,park_all,28959,1521,146,0,329,P09
2026-06-16,yas_gas,6538,30,0,0,0,P09
2026-06-16,yas_all,8775,181,20,0,79,P09
2026-06-16,ctrl_gas,143724,204,0,0,0,P09
2026-06-16,all_gas,150262,234,0,0,0,P09
2026-06-16,park_all,31322,1236,81,0,368,P09
2026-06-17,yas_gas,5523,30,0,0,0,P09
2026-06-17,yas_all,8340,211,0,0,63,P09
2026-06-17,ctrl_gas,148185,197,0,39,924,P09
2026-06-17,all_gas,153708,227,0,39,924,P09
2026-06-17,park_all,33868,1550,108,0,364,P09
2026-06-18,yas_gas,5666,28,0,0,0,P09
2026-06-18,yas_all,7940,78,1,0,15,P09
2026-06-18,ctrl_gas,145972,203,0,0,1,P09
2026-06-18,all_gas,151638,231,0,0,1,P09
2026-06-18,park_all,26962,1000,294,0,256,P09
2026-06-19,yas_gas,6452,28,0,0,0,P09
2026-06-19,yas_all,9232,140,0,0,64,P09
2026-06-19,ctrl_gas,145757,262,0,0,0,P09
2026-06-19,all_gas,152209,290,0,0,0,P09
2026-06-19,park_all,30867,1244,74,0,237,P09
2026-06-20,yas_gas,6325,27,0,0,0,P09
2026-06-20,yas_all,6917,138,33,0,60,P09
2026-06-20,ctrl_gas,143708,193,0,0,0,P09
2026-06-20,all_gas,150033,220,0,0,0,P09
2026-06-20,park_all,12397,615,65,0,144,P09
2026-06-21,yas_gas,5888,29,0,0,0,P09
2026-06-21,yas_all,6458,119,0,0,68,P09
2026-06-21,ctrl_gas,148087,188,0,0,0,P09
2026-06-21,all_gas,153975,217,0,0,0,P09
2026-06-21,park_all,8062,540,13,0,187,P09
2026-06-22,yas_gas,7629,27,0,0,0,P09
2026-06-22,yas_all,10316,164,2,0,65,P09
2026-06-22,ctrl_gas,149553,197,0,0,0,P09
2026-06-22,all_gas,157182,224,0,0,0,P09
2026-06-22,park_all,28138,1616,137,0,255,P09
2026-06-23,yas_gas,7413,27,0,0,0,P09
2026-06-23,yas_all,10813,209,3,0,63,P09
2026-06-23,ctrl_gas,149022,202,0,35,915,P09
2026-06-23,all_gas,156435,229,0,35,915,P09
2026-06-23,park_all,26039,1579,62,0,267,P09
2026-06-24,yas_gas,7693,28,0,0,0,P09
2026-06-24,yas_all,10469,143,11,0,72,P09
2026-06-24,ctrl_gas,145886,190,0,0,0,P09
2026-06-24,all_gas,153579,218,0,0,0,P09
2026-06-24,park_all,37994,2461,123,0,347,P09
2026-06-25,yas_gas,7652,27,0,0,0,P09
2026-06-25,yas_all,10216,140,0,0,64,P09
2026-06-25,ctrl_gas,145034,198,0,3,4,P09
2026-06-25,all_gas,152686,225,0,3,4,P09
2026-06-25,park_all,38866,1561,282,0,325,P09
2026-06-26,yas_gas,7791,27,0,0,0,P09
2026-06-26,yas_all,8788,129,0,0,59,P09
2026-06-26,ctrl_gas,146173,188,0,0,0,P09
2026-06-26,all_gas,153964,215,0,0,0,P09
2026-06-26,park_all,33307,1535,35,0,344,P09
2026-06-27,yas_gas,7278,27,0,0,0,P09
2026-06-27,yas_all,7875,113,0,0,43,P09
2026-06-27,ctrl_gas,146394,185,0,0,0,P09
2026-06-27,all_gas,153672,212,0,0,0,P09
2026-06-27,park_all,12192,413,6,0,110,P09
2026-06-28,yas_gas,6726,25,0,0,0,P09
2026-06-28,yas_all,7520,126,1,0,54,P09
2026-06-28,ctrl_gas,146441,187,0,0,0,P09
2026-06-28,all_gas,153167,212,0,0,0,P09
2026-06-28,park_all,13188,399,127,0,145,P09
2026-06-29,yas_gas,7559,25,0,0,0,P09
2026-06-29,yas_all,8329,128,0,0,50,P09
2026-06-29,ctrl_gas,150186,262,0,0,0,P09
2026-06-29,all_gas,157745,287,0,0,0,P09
2026-06-29,park_all,33323,2276,150,0,213,P09
2026-06-30,yas_gas,5224,27,0,0,0,
2026-06-30,yas_all,6706,182,7,0,88,
2026-06-30,ctrl_gas,151032,195,0,0,0,
2026-06-30,all_gas,156256,222,0,0,0,
2026-06-30,park_all,39058,2339,187,0,341,
