месяц,группа,каналов_в_группе,строк,активных_каналов,каналов_без_строк,строк_числовых,строк_текстовых,строк_Неисправен,каналов_с_Неисправен,строк_Обнаружен_газ,строк_ge_1pct,каналов_с_тишиной_gt24ч,пропусков_gt24ч,макс_пропуск_ч
2026-01,yas_gas,40,210197,29,11,210169,28,14,1,0,0,10,41,333.7
2026-02,yas_gas,40,235882,30,10,235880,2,0,0,0,0,12,32,1055.3
2026-03,yas_gas,40,429450,31,9,429450,0,0,0,0,0,9,37,357.3
2026-04,yas_gas,40,558678,39,1,558584,94,46,39,0,0,39,67,986.9
2026-05,yas_gas,40,149155,40,0,148988,167,1,1,82,2022,17,100,2383.8
2026-06,yas_gas,40,175401,35,5,175401,0,0,0,0,0,35,89,680.3
2026-01,yas_all,1487,281341,1422,65,213350,67991,1480,59,0,2957,1353,14165,499.4
2026-02,yas_all,1487,312376,1399,88,238557,73819,1527,65,0,2613,1372,15291,1055.3
2026-03,yas_all,1487,484038,1440,47,431287,52751,379,58,0,1831,1382,7891,1485.2
2026-04,yas_all,1487,605130,1411,76,561310,43820,813,99,0,2726,1403,4154,2068.7
2026-05,yas_all,1487,193990,388,1099,151306,42684,1887,62,82,4318,355,1402,2383.8
2026-06,yas_all,1487,242606,1465,22,177267,65339,149,54,0,1866,1461,3721,3783.0
2026-01,ctrl_gas,489,3603059,346,143,3595190,7869,27,13,57,89,109,458,668.0
2026-02,ctrl_gas,489,3714919,417,72,3707294,7625,72,49,178,657,240,905,1275.2
2026-03,ctrl_gas,489,3925418,294,195,3917790,7628,32,24,264,47,191,672,1343.0
2026-04,ctrl_gas,489,3696586,265,224,3686057,10529,15,3,338,233,161,518,2601.5
2026-05,ctrl_gas,489,3935664,283,206,3898972,36692,25,2,215,527,198,521,2568.1
2026-06,ctrl_gas,489,4075203,361,128,4065390,9813,34,33,208,1844,360,884,2982.5
2026-01,all_gas,529,3813256,375,154,3805359,7897,41,14,57,89,119,499,668.0
2026-02,all_gas,529,3950801,447,82,3943174,7627,72,49,178,657,252,937,1275.2
2026-03,all_gas,529,4354868,325,204,4347240,7628,32,24,264,47,200,709,1343.0
2026-04,all_gas,529,4255264,304,225,4244641,10623,61,42,338,233,200,585,2601.5
2026-05,all_gas,529,4084819,323,206,4047960,36859,26,3,297,2549,215,621,2568.1
2026-06,all_gas,529,4250604,396,133,4240791,9813,34,33,208,1844,395,973,2982.5
2026-01,park_all,11485,4462045,10165,1320,3815386,646659,22577,529,57,9778,7448,29271,705.6
2026-02,park_all,11485,4711758,9230,2255,3952181,759577,8113,685,178,9024,8743,38807,1275.2
2026-03,park_all,11485,5375555,10284,1201,4355627,1019928,4219,702,264,8029,9912,30444,1660.6
2026-04,park_all,11485,5528447,9536,1949,4258765,1269682,35363,985,338,14159,9235,29824,2601.5
2026-05,park_all,11485,5476067,6412,5073,4062032,1414035,5953,699,297,16390,6204,21421,3203.0
2026-06,park_all,11485,5141395,8238,3247,4251263,890132,37186,761,208,12244,8219,24902,3783.0
