дата,коллектор,область,тип_события,активных_каналов,медиана_месяца,каналов_Неисправен,строк_Неисправен,эпизод_дней,ближайший_этап,дата_этапа,объект_ППР,пакет,датчиков_в_объекте,сдвиг_дней,совп_демонтаж_дней,совп_вывоз_дней,окна_ППР,артефакт_журнала
2026-01-01,Комплекс объект Дельта,все,всплеск Неиспр,34,43,16,33,1,,,,,,,,,,
2026-01-01,объект Мю,все,всплеск Неиспр,343,343,34,546,1,,,,,,,,,,
2026-01-02,Комплекс объект Дельта,все,всплеск Неиспр,39,43,5,10,1,,,,,,,,,,
2026-01-02,объект Мю,все,всплеск Неиспр,82,343,16,16,1,,,,,,,,,,
2026-01-02,объект Мю,все,тишина,82,343,16,16,2,,,,,,,,,,
2026-01-02,объект Кси,все,всплеск Неиспр,48,32,15,985,1,,,,,,,,,,
2026-01-03,объект Бета,все,тишина,6,14,0,0,5,,,,,,,,,,
2026-01-03,объект Гамма,все,тишина,8,69,1,63,2,,,,,,,,,,
2026-01-03,объект Вита,все,тишина,15,38,0,0,3,,,,,,,,,,
2026-01-03,объект Эпсилон,все,всплеск Неиспр,75,75,6,18,1,,,,,,,,,,
2026-01-03,объект Зита,все,всплеск Неиспр,58,56,12,24,1,,,,,,,,,,
2026-01-03,объект Каппа,все,всплеск Неиспр,66,70,18,36,1,,,,,,,,,,
2026-01-03,объект Йота,все,тишина,9,43,0,0,2,,,,,,,,,,
2026-01-03,объект Кси,все,тишина,10,32,1,1007,2,,,,,,,,,,
2026-01-04,объект Альфа,все,всплеск Неиспр,84,92,8,86,1,,,,,,,,,,
2026-01-04,Комплекс объект Дельта,все,всплеск Неиспр,43,43,15,30,1,,,,,,,,,,
2026-01-04,объект Омикрон,все,всплеск Неиспр,46,27,10,27,1,,,,,,,,,,
2026-01-04,объект Мю,все,возврат,926,343,0,0,1,,,,,,,,,,
2026-01-05,объект Гамма,все,возврат,87,69,1,47,1,,,,,,,,,,
2026-01-05,Комплекс объект Дельта,все,всплеск Неиспр,94,43,7,28,1,,,,,,,,,,
2026-01-05,объект Эпсилон,все,тишина,33,75,0,0,3,,,,,,,,,,
2026-01-05,объект Йота,все,возврат,47,43,0,0,1,,,,,,,,,,
2026-01-05,объект Мю,все,всплеск Неиспр,729,343,21,21,1,,,,,,,,,,
2026-01-05,ПС объект Омега,все,всплеск Неиспр,24,27,6,8,1,,,,,,,,,,
2026-01-05,объект Кси,все,возврат,30,32,13,1066,1,,,,,,,,,,
2026-01-05,объект Кси,все,всплеск Неиспр,30,32,13,1066,1,,,,,,,,,,
2026-01-06,объект Альфа,все,всплеск Неиспр,110,92,7,40,1,,,,,,,,,,
2026-01-06,Комплекс объект Дельта,все,всплеск Неиспр,37,43,20,33,1,,,,,,,,,,
2026-01-06,объект Вита,все,возврат,93,38,0,0,1,,,,,,,,,,
2026-01-06,объект Йота,все,тишина,14,43,0,0,3,,,,,,,,,,
2026-01-06,объект Омикрон,все,всплеск Неиспр,44,27,9,11,1,,,,,,,,,,
2026-01-07,объект Вита,все,тишина,16,38,0,0,2,,,,,,,,,,
2026-01-07,ПС объект Омега,все,всплеск Неиспр,40,27,6,12,1,,,,,,,,,,
2026-01-08,объект Бета,все,возврат,89,14,0,0,1,,,,,,,,,,
2026-01-08,Комплекс объект Дельта,все,всплеск Неиспр,35,43,7,18,1,,,,,,,,,,
2026-01-08,объект Эпсилон,все,возврат,150,75,0,0,1,,,,,,,,,,
2026-01-09,объект Вита,все,возврат,42,38,0,0,1,,,,,,,,,,
2026-01-09,объект Каппа,все,всплеск Неиспр,140,70,6,6,1,,,,,,,,,,
2026-01-09,объект Йота,все,возврат,52,43,0,0,1,,,,,,,,,,
2026-01-10,объект Гамма,все,тишина,4,69,1,1,2,начало_демонтажа_датчиков,2026-01-12,Объект 1,P01,56,2,2,,Объект 1/P01;Объект 2/P01,
2026-01-10,Комплекс объект Дельта,все,тишина,7,43,0,0,2,начало_демонтажа_датчиков,2026-01-12,Объект 1,P01,56,2,2,,Объект 1/P01;Объект 2/P01,
2026-01-10,объект Вита,все,тишина,14,38,0,0,2,начало_демонтажа_датчиков,2026-01-12,Объект 1,P01,56,2,2,,Объект 1/P01;Объект 2/P01,
2026-01-10,объект Эпсилон,все,всплеск Неиспр,43,75,8,8,1,начало_демонтажа_датчиков,2026-01-12,Объект 1,P01,56,2,2,,Объект 1/P01;Объект 2/P01,
2026-01-10,объект Йота,все,тишина,9,43,0,0,2,начало_демонтажа_датчиков,2026-01-12,Объект 1,P01,56,2,2,,Объект 1/P01;Объект 2/P01,
2026-01-10,объект Мю,все,всплеск Неиспр,142,343,38,78,1,начало_демонтажа_датчиков,2026-01-12,Объект 1,P01,56,2,2,,Объект 1/P01;Объект 2/P01,
2026-01-10,объект Кси,все,всплеск Неиспр,49,32,13,570,1,начало_демонтажа_датчиков,2026-01-12,Объект 1,P01,56,2,2,,Объект 1/P01;Объект 2/P01,
2026-01-11,Комплекс объект Дельта,все,всплеск Неиспр,19,43,12,24,1,начало_демонтажа_датчиков,2026-01-12,Объект 1,P01,56,1,1,,Объект 1/P01;Объект 2/P01,
2026-01-11,объект Зита,все,всплеск Неиспр,51,56,10,10,1,начало_демонтажа_датчиков,2026-01-12,Объект 1,P01,56,1,1,,Объект 1/P01;Объект 2/P01,
2026-01-11,объект Каппа,все,всплеск Неиспр,80,70,19,19,1,начало_демонтажа_датчиков,2026-01-12,Объект 1,P01,56,1,1,,Объект 1/P01;Объект 2/P01,
2026-01-11,объект Кси,все,тишина,0,32,0,0,2,начало_демонтажа_датчиков,2026-01-12,Объект 1,P01,56,1,1,,Объект 1/P01;Объект 2/P01,
2026-01-11,объект Кси,газ,тишина,0,3,0,0,2,начало_демонтажа_датчиков,2026-01-12,Объект 1,P01,56,1,1,,Объект 1/P01;Объект 2/P01,
2026-01-12,объект Гамма,все,возврат,68,69,3,52,1,начало_демонтажа_датчиков,2026-01-12,Объект 1,P01,56,0,0,,Объект 1/P01;Объект 2/P01,
2026-01-12,Комплекс объект Дельта,все,всплеск Неиспр,29,43,7,14,1,начало_демонтажа_датчиков,2026-01-12,Объект 1,P01,56,0,0,,Объект 1/P01;Объект 2/P01,
2026-01-12,объект Вита,все,возврат,91,38,0,0,1,начало_демонтажа_датчиков,2026-01-12,Объект 1,P01,56,0,0,,Объект 1/P01;Объект 2/P01,
2026-01-12,объект Йота,все,возврат,58,43,1,1,1,начало_демонтажа_датчиков,2026-01-12,Объект 1,P01,56,0,0,,Объект 1/P01;Объект 2/P01,
2026-01-12,ПС объект Омега,все,всплеск Неиспр,47,27,23,39,1,начало_демонтажа_датчиков,2026-01-12,Объект 1,P01,56,0,0,,Объект 1/P01;Объект 2/P01,
2026-01-13,Комплекс объект Дельта,все,возврат,68,43,1,1,1,предоставление_в_ОМ_на_ППР_и_поверку,2026-01-13,Объект 1,P01,56,0,-1,,Объект 1/P01;Объект 2/P01,
2026-01-13,объект Мю,все,всплеск Неиспр,973,343,35,35,1,предоставление_в_ОМ_на_ППР_и_поверку,2026-01-13,Объект 1,P01,56,0,-1,,Объект 1/P01;Объект 2/P01,
2026-01-13,объект Кси,все,возврат,89,32,1,571,1,предоставление_в_ОМ_на_ППР_и_поверку,2026-01-13,Объект 1,P01,56,0,-1,,Объект 1/P01;Объект 2/P01,
2026-01-13,объект Кси,газ,возврат,4,3,0,0,1,предоставление_в_ОМ_на_ППР_и_поверку,2026-01-13,Объект 1,P01,56,0,-1,,Объект 1/P01;Объект 2/P01,
2026-01-14,Комплекс объект Дельта,все,всплеск Неиспр,511,43,5,10,1,предоставление_в_ОМ_на_ППР_и_поверку,2026-01-13,Объект 1,P01,56,-1,-2,,Объект 1/P01;Объект 2/P01,
2026-01-14,объект Мю,все,всплеск Неиспр,103,343,18,34,1,предоставление_в_ОМ_на_ППР_и_поверку,2026-01-13,Объект 1,P01,56,-1,-2,,Объект 1/P01;Объект 2/P01,
2026-01-14,объект Кси,все,всплеск Неиспр,44,32,27,989,1,предоставление_в_ОМ_на_ППР_и_поверку,2026-01-13,Объект 1,P01,56,-1,-2,,Объект 1/P01;Объект 2/P01,
2026-01-15,Комплекс объект Дельта,все,всплеск Неиспр,105,43,20,36,1,предоставление_в_ОМ_на_ППР_и_поверку,2026-01-13,Объект 1,P01,56,-2,,,Объект 1/P01;Объект 2/P01,
2026-01-15,ПС объект Ро,все,всплеск Неиспр,253,10,9,13,1,предоставление_в_ОМ_на_ППР_и_поверку,2026-01-13,Объект 1,P01,56,-2,,,Объект 1/P01;Объект 2/P01,
2026-01-15,объект Кси,все,всплеск Неиспр,68,32,13,907,1,предоставление_в_ОМ_на_ППР_и_поверку,2026-01-13,Объект 1,P01,56,-2,,,Объект 1/P01;Объект 2/P01,
2026-01-16,объект Альфа,все,всплеск Неиспр,117,92,5,5,1,,,,,,,,,Объект 1/P01;Объект 2/P01,
2026-01-16,Комплекс объект Дельта,все,всплеск Неиспр,501,43,29,49,1,,,,,,,,,Объект 1/P01;Объект 2/P01,
2026-01-16,объект Вита,все,тишина,15,38,0,0,2,,,,,,,,,Объект 1/P01;Объект 2/P01,
2026-01-17,Комплекс объект Дельта,все,тишина,7,43,0,0,2,,,,,,,,,Объект 1/P01;Объект 2/P01,
2026-01-17,объект Тау,все,тишина,6,13,0,0,3,,,,,,,,,Объект 1/P01;Объект 2/P01,
2026-01-17,ПС объект Омега,все,всплеск Неиспр,29,27,9,41,1,,,,,,,,,Объект 1/P01;Объект 2/P01,
2026-01-18,Комплекс объект Дельта,все,всплеск Неиспр,15,43,7,65,1,,,,,,,,,Объект 1/P01;Объект 2/P01,
2026-01-18,объект Каппа,все,всплеск Неиспр,55,70,8,8,1,,,,,,,,,Объект 1/P01;Объект 2/P01,
2026-01-18,объект Мю,все,всплеск Неиспр,118,343,34,102,1,,,,,,,,,Объект 1/P01;Объект 2/P01,
2026-01-18,ПС объект Омега,все,всплеск Неиспр,578,27,10,22,1,,,,,,,,,Объект 1/P01;Объект 2/P01,
2026-01-19,объект Бета,все,всплеск Неиспр,229,14,22,30,1,,,,,,,,,Объект 1/P01;Объект 2/P01,
2026-01-19,Комплекс объект Дельта,все,возврат,89,43,0,0,1,,,,,,,,,Объект 1/P01;Объект 2/P01,
2026-01-19,объект Вита,все,возврат,81,38,0,0,1,,,,,,,,,Объект 1/P01;Объект 2/P01,
2026-01-20,объект Гамма,все,всплеск Неиспр,83,69,12,21,1,вывоз_датчиков_из_ОМ,2026-01-22,Объект 1,P01,56,2,,2,Объект 1/P01;Объект 2/P01,
2026-01-21,объект Альфа,все,всплеск Неиспр,152,92,5,9,1,вывоз_датчиков_из_ОМ,2026-01-22,Объект 1,P01,56,1,,1,Объект 1/P01;Объект 2/P01,
2026-01-21,Комплекс объект Дельта,все,всплеск Неиспр,94,43,13,21,1,вывоз_датчиков_из_ОМ,2026-01-22,Объект 1,P01,56,1,,1,Объект 1/P01;Объект 2/P01,
2026-01-21,объект Зита,все,всплеск Неиспр,119,56,11,22,1,вывоз_датчиков_из_ОМ,2026-01-22,Объект 1,P01,56,1,,1,Объект 1/P01;Объект 2/P01,
2026-01-21,объект Каппа,все,всплеск Неиспр,979,70,5,7,1,вывоз_датчиков_из_ОМ,2026-01-22,Объект 1,P01,56,1,,1,Объект 1/P01;Объект 2/P01,
2026-01-21,объект Тау,все,возврат,113,13,0,0,1,вывоз_датчиков_из_ОМ,2026-01-22,Объект 1,P01,56,1,,1,Объект 1/P01;Объект 2/P01,
2026-01-21,объект Омикрон,все,всплеск Неиспр,252,27,12,12,1,вывоз_датчиков_из_ОМ,2026-01-22,Объект 1,P01,56,1,,1,Объект 1/P01;Объект 2/P01,
2026-01-22,объект Зита,все,всплеск Неиспр,532,56,7,10,1,вывоз_датчиков_из_ОМ,2026-01-22,Объект 1,P01,56,0,,0,Объект 1/P01;Объект 2/P01,
2026-01-23,Комплекс объект Дельта,все,всплеск Неиспр,91,43,7,7,1,вывоз_датчиков_из_ОМ,2026-01-22,Объект 1,P01,56,-1,,-1,Объект 1/P01;Объект 2/P01,
2026-01-23,объект Зита,все,всплеск Неиспр,90,56,12,24,1,вывоз_датчиков_из_ОМ,2026-01-22,Объект 1,P01,56,-1,,-1,Объект 1/P01;Объект 2/P01,
2026-01-23,объект Омикрон,все,всплеск Неиспр,44,27,9,15,1,вывоз_датчиков_из_ОМ,2026-01-22,Объект 1,P01,56,-1,,-1,Объект 1/P01;Объект 2/P01,
2026-01-23,объект Кси,все,всплеск Неиспр,32,32,12,23,1,вывоз_датчиков_из_ОМ,2026-01-22,Объект 1,P01,56,-1,,-1,Объект 1/P01;Объект 2/P01,
2026-01-24,Комплекс объект Дельта,все,тишина,7,43,0,0,2,вывоз_датчиков_из_ОМ,2026-01-22,Объект 1,P01,56,-2,,-2,Объект 1/P01;Объект 2/P01,
2026-01-24,объект Эпсилон,все,тишина,31,75,0,0,2,вывоз_датчиков_из_ОМ,2026-01-22,Объект 1,P01,56,-2,,-2,Объект 1/P01;Объект 2/P01,
2026-01-24,объект Зита,все,всплеск Неиспр,69,56,11,22,1,вывоз_датчиков_из_ОМ,2026-01-22,Объект 1,P01,56,-2,,-2,Объект 1/P01;Объект 2/P01,
2026-01-24,объект Мю,все,всплеск Неиспр,922,343,11,11,1,вывоз_датчиков_из_ОМ,2026-01-22,Объект 1,P01,56,-2,,-2,Объект 1/P01;Объект 2/P01,
2026-01-24,ПС объект Омега,все,всплеск Неиспр,27,27,6,6,1,вывоз_датчиков_из_ОМ,2026-01-22,Объект 1,P01,56,-2,,-2,Объект 1/P01;Объект 2/P01,
2026-01-26,объект Гамма,все,всплеск Неиспр,89,69,5,48,1,сдача_работ_комиссии,2026-01-27,Объект 1,P01,56,1,,,Объект 1/P01;Объект 2/P01,
2026-01-26,Комплекс объект Дельта,все,возврат,391,43,0,0,1,сдача_работ_комиссии,2026-01-27,Объект 1,P01,56,1,,,Объект 1/P01;Объект 2/P01,
2026-01-26,объект Эпсилон,все,возврат,68,75,0,0,1,сдача_работ_комиссии,2026-01-27,Объект 1,P01,56,1,,,Объект 1/P01;Объект 2/P01,
2026-01-26,объект Тау,все,всплеск Неиспр,41,13,6,6,1,сдача_работ_комиссии,2026-01-27,Объект 1,P01,56,1,,,Объект 1/P01;Объект 2/P01,
2026-01-26,объект Мю,все,всплеск Неиспр,1323,343,36,45,1,сдача_работ_комиссии,2026-01-27,Объект 1,P01,56,1,,,Объект 1/P01;Объект 2/P01,
2026-01-26,ПС объект Омега,все,всплеск Неиспр,129,27,17,53,1,сдача_работ_комиссии,2026-01-27,Объект 1,P01,56,1,,,Объект 1/P01;Объект 2/P01,
2026-01-27,Комплекс объект Дельта,все,всплеск Неиспр,85,43,21,33,1,сдача_работ_комиссии,2026-01-27,Объект 1,P01,56,0,2,,Объект 1/P01;Объект 2/P01;Объект 3/P02,
2026-01-27,объект Эпсилон,все,всплеск Неиспр,114,75,18,25,1,сдача_работ_комиссии,2026-01-27,Объект 1,P01,56,0,2,,Объект 1/P01;Объект 2/P01;Объект 3/P02,
2026-01-27,объект Каппа,все,всплеск Неиспр,980,70,10,30,1,сдача_работ_комиссии,2026-01-27,Объект 1,P01,56,0,2,,Объект 1/P01;Объект 2/P01;Объект 3/P02,
2026-01-27,объект Тау,все,всплеск Неиспр,54,13,9,9,1,сдача_работ_комиссии,2026-01-27,Объект 1,P01,56,0,2,,Объект 1/P01;Объект 2/P01;Объект 3/P02,
2026-01-27,объект Омикрон,все,всплеск Неиспр,100,27,11,11,1,сдача_работ_комиссии,2026-01-27,Объект 1,P01,56,0,2,,Объект 1/P01;Объект 2/P01;Объект 3/P02,
2026-01-27,ПС объект Омега,все,всплеск Неиспр,594,27,16,24,1,сдача_работ_комиссии,2026-01-27,Объект 1,P01,56,0,2,,Объект 1/P01;Объект 2/P01;Объект 3/P02,
2026-01-28,Комплекс объект Дельта,все,всплеск Неиспр,99,43,18,40,1,сдача_работ_комиссии,2026-01-28,Объект 2,P01,13,0,1,,Объект 1/P01;Объект 2/P01;Объект 3/P02,
2026-01-28,объект Эпсилон,все,всплеск Неиспр,188,75,8,8,1,сдача_работ_комиссии,2026-01-28,Объект 2,P01,13,0,1,,Объект 1/P01;Объект 2/P01;Объект 3/P02,
2026-01-28,объект Тау,все,всплеск Неиспр,43,13,9,9,1,сдача_работ_комиссии,2026-01-28,Объект 2,P01,13,0,1,,Объект 1/P01;Объект 2/P01;Объект 3/P02,
2026-01-28,объект Омикрон,все,всплеск Неиспр,67,27,9,9,1,сдача_работ_комиссии,2026-01-28,Объект 2,P01,13,0,1,,Объект 1/P01;Объект 2/P01;Объект 3/P02,
2026-01-28,ПС объект Омега,все,всплеск Неиспр,494,27,53,231,1,сдача_работ_комиссии,2026-01-28,Объект 2,P01,13,0,1,,Объект 1/P01;Объект 2/P01;Объект 3/P02,
2026-01-29,Комплекс объект Дельта,все,всплеск Неиспр,214,43,14,14,1,начало_демонтажа_датчиков,2026-01-29,Объект 3,P02,62,0,0,,Объект 1/P01;Объект 2/P01;Объект 3/P02,
2026-01-29,Комплекс объект Дельта,газ,всплеск Неиспр,62,4,7,7,1,начало_демонтажа_датчиков,2026-01-29,Объект 3,P02,62,0,0,,Объект 1/P01;Объект 2/P01;Объект 3/P02,
2026-01-29,объект Вита,все,всплеск Неиспр,199,38,9,10,1,начало_демонтажа_датчиков,2026-01-29,Объект 3,P02,62,0,0,,Объект 1/P01;Объект 2/P01;Объект 3/P02,
2026-01-29,объект Эпсилон,все,всплеск Неиспр,112,75,27,29,1,начало_демонтажа_датчиков,2026-01-29,Объект 3,P02,62,0,0,,Объект 1/P01;Объект 2/P01;Объект 3/P02,
2026-01-29,объект Зита,все,всплеск Неиспр,61,56,11,22,1,начало_демонтажа_датчиков,2026-01-29,Объект 3,P02,62,0,0,,Объект 1/P01;Объект 2/P01;Объект 3/P02,
2026-01-29,объект Омикрон,все,всплеск Неиспр,44,27,12,12,1,начало_демонтажа_датчиков,2026-01-29,Объект 3,P02,62,0,0,,Объект 1/P01;Объект 2/P01;Объект 3/P02,
2026-01-29,ПС объект Омега,все,всплеск Неиспр,140,27,6,14,1,начало_демонтажа_датчиков,2026-01-29,Объект 3,P02,62,0,0,,Объект 1/P01;Объект 2/P01;Объект 3/P02,
2026-01-30,Комплекс объект Дельта,газ,тишина,1,4,0,0,4,предоставление_в_ОМ_на_ППР_и_поверку,2026-01-30,Объект 3,P02,62,0,-1,,Объект 2/P01;Объект 3/P02,
2026-01-30,объект Мю,все,всплеск Неиспр,1249,343,34,374,1,предоставление_в_ОМ_на_ППР_и_поверку,2026-01-30,Объект 3,P02,62,0,-1,,Объект 2/P01;Объект 3/P02,
2026-01-30,ПС объект Омега,все,всплеск Неиспр,58,27,11,24,1,предоставление_в_ОМ_на_ППР_и_поверку,2026-01-30,Объект 3,P02,62,0,-1,,Объект 2/P01;Объект 3/P02,
2026-01-30,объект Кси,все,всплеск Неиспр,1328,32,14,30,1,предоставление_в_ОМ_на_ППР_и_поверку,2026-01-30,Объект 3,P02,62,0,-1,,Объект 2/P01;Объект 3/P02,
2026-01-31,объект Гамма,все,тишина,9,69,3,11,2,предоставление_в_ОМ_на_ППР_и_поверку,2026-01-30,Объект 3,P02,62,-1,-2,,Объект 3/P02,
2026-01-31,объект Тау,все,всплеск Неиспр,41,13,6,6,1,предоставление_в_ОМ_на_ППР_и_поверку,2026-01-30,Объект 3,P02,62,-1,-2,,Объект 3/P02,
2026-01-31,объект Мю,все,всплеск Неиспр,121,343,34,204,1,предоставление_в_ОМ_на_ППР_и_поверку,2026-01-30,Объект 3,P02,62,-1,-2,,Объект 3/P02,
2026-02-01,объект Мю,все,всплеск Неиспр,1269,940.5,35,104,1,предоставление_в_ОМ_на_ППР_и_поверку,2026-01-30,Объект 3,P02,62,-2,,,Объект 3/P02,
2026-02-01,ПС объект Омега,все,всплеск Неиспр,43,47.0,12,43,1,предоставление_в_ОМ_на_ППР_и_поверку,2026-01-30,Объект 3,P02,62,-2,,,Объект 3/P02,
2026-02-02,объект Гамма,все,возврат,76,27.5,3,4,1,,,,,,,,,Объект 3/P02,
2026-02-02,объект Тау,все,всплеск Неиспр,494,27.0,36,57,1,,,,,,,,,Объект 3/P02,
2026-02-02,ПС объект Омега,все,всплеск Неиспр,51,47.0,6,35,1,,,,,,,,,Объект 3/P02,
2026-02-02,объект Кси,все,всплеск Неиспр,31,35.5,12,24,1,,,,,,,,,Объект 3/P02,
2026-02-03,Комплекс объект Дельта,все,всплеск Неиспр,193,97.5,60,82,1,,,,,,,,,Объект 3/P02,
2026-02-03,Комплекс объект Дельта,газ,возврат,62,10.0,48,67,1,,,,,,,,,Объект 3/P02,
2026-02-03,Комплекс объект Дельта,газ,всплеск Неиспр,62,10.0,48,67,1,,,,,,,,,Объект 3/P02,
2026-02-03,объект Вита,все,всплеск Неиспр,38,39.0,6,6,1,,,,,,,,,Объект 3/P02,
2026-02-03,объект Тау,все,всплеск Неиспр,590,27.0,53,213,1,,,,,,,,,Объект 3/P02,
2026-02-03,объект Мю,все,всплеск Неиспр,1183,940.5,16,16,1,,,,,,,,,Объект 3/P02,
2026-02-04,объект Альфа,все,всплеск Неиспр,191,94.0,29,82,1,,,,,,,,,Объект 3/P02,
2026-02-04,объект Эпсилон,все,всплеск Неиспр,112,104.0,12,12,1,,,,,,,,,Объект 3/P02,
2026-02-04,объект Каппа,все,всплеск Неиспр,1034,72.0,10,20,1,,,,,,,,,Объект 3/P02,
2026-02-04,объект Омикрон,все,всплеск Неиспр,43,33.5,12,12,1,,,,,,,,,Объект 3/P02,
2026-02-05,ПС объект Омега,все,всплеск Неиспр,159,47.0,10,33,1,,,,,,,,,Объект 3/P02,
2026-02-06,Комплекс объект Дельта,все,всплеск Неиспр,122,97.5,12,24,1,,,,,,,,,Объект 3/P02,
2026-02-06,ПС объект Омега,все,всплеск Неиспр,36,47.0,5,174,1,,,,,,,,,Объект 3/P02,
2026-02-07,объект Гамма,все,тишина,7,27.5,2,4,2,вывоз_датчиков_из_ОМ,2026-02-09,Объект 3,P02,62,2,,2,Объект 3/P02,
2026-02-07,объект Эпсилон,все,тишина,32,104.0,0,0,2,вывоз_датчиков_из_ОМ,2026-02-09,Объект 3,P02,62,2,,2,Объект 3/P02,
2026-02-07,ПС объект Омега,все,всплеск Неиспр,168,47.0,53,316,1,вывоз_датчиков_из_ОМ,2026-02-09,Объект 3,P02,62,2,,2,Объект 3/P02,
2026-02-07,объект Кси,все,всплеск Неиспр,1332,35.5,5,50,1,вывоз_датчиков_из_ОМ,2026-02-09,Объект 3,P02,62,2,,2,Объект 3/P02,
2026-02-08,объект Мю,все,всплеск Неиспр,1205,940.5,21,21,1,вывоз_датчиков_из_ОМ,2026-02-09,Объект 3,P02,62,1,,1,Объект 3/P02,
2026-02-09,объект Гамма,все,возврат,84,27.5,7,12,1,вывоз_датчиков_из_ОМ,2026-02-09,Объект 3,P02,62,0,,0,Объект 3/P02,
2026-02-09,объект Гамма,все,всплеск Неиспр,84,27.5,7,12,1,вывоз_датчиков_из_ОМ,2026-02-09,Объект 3,P02,62,0,,0,Объект 3/P02,
2026-02-09,Комплекс объект Дельта,все,всплеск Неиспр,220,97.5,12,104,1,вывоз_датчиков_из_ОМ,2026-02-09,Объект 3,P02,62,0,,0,Объект 3/P02,
2026-02-09,объект Эпсилон,все,возврат,182,104.0,4,7,1,вывоз_датчиков_из_ОМ,2026-02-09,Объект 3,P02,62,0,,0,Объект 3/P02,
2026-02-09,объект Йота,все,всплеск Неиспр,108,47.5,10,28,1,вывоз_датчиков_из_ОМ,2026-02-09,Объект 3,P02,62,0,,0,Объект 3/P02,
2026-02-09,объект Кси,все,всплеск Неиспр,1342,35.5,9,9,1,вывоз_датчиков_из_ОМ,2026-02-09,Объект 3,P02,62,0,,0,Объект 3/P02,
2026-02-10,объект Гамма,все,всплеск Неиспр,934,27.5,73,247,1,вывоз_датчиков_из_ОМ,2026-02-09,Объект 3,P02,62,-1,,-1,Объект 3/P02,
2026-02-10,объект Эпсилон,все,всплеск Неиспр,230,104.0,25,66,1,вывоз_датчиков_из_ОМ,2026-02-09,Объект 3,P02,62,-1,,-1,Объект 3/P02,
2026-02-10,объект Йота,все,всплеск Неиспр,52,47.5,6,6,1,вывоз_датчиков_из_ОМ,2026-02-09,Объект 3,P02,62,-1,,-1,Объект 3/P02,
2026-02-11,объект Эпсилон,все,всплеск Неиспр,198,104.0,10,34,1,сдача_работ_комиссии,2026-02-12,Объект 3,P02,62,1,2,-2,Объект 3/P02;Объект 4/P03,
2026-02-11,ПС объект Омега,все,всплеск Неиспр,80,47.0,6,25,1,сдача_работ_комиссии,2026-02-12,Объект 3,P02,62,1,2,-2,Объект 3/P02;Объект 4/P03,
2026-02-12,объект Гамма,все,тишина,4,27.5,1,2,3,сдача_работ_комиссии,2026-02-12,Объект 3,P02,62,0,1,,Объект 3/P02;Объект 4/P03,
2026-02-12,Комплекс объект Дельта,все,всплеск Неиспр,237,97.5,12,81,1,сдача_работ_комиссии,2026-02-12,Объект 3,P02,62,0,1,,Объект 3/P02;Объект 4/P03,
2026-02-12,объект Зита,все,всплеск Неиспр,154,39.5,5,5,1,сдача_работ_комиссии,2026-02-12,Объект 3,P02,62,0,1,,Объект 3/P02;Объект 4/P03,
2026-02-12,объект Каппа,все,всплеск Неиспр,91,72.0,10,41,1,сдача_работ_комиссии,2026-02-12,Объект 3,P02,62,0,1,,Объект 3/P02;Объект 4/P03,
2026-02-13,Комплекс объект Дельта,все,всплеск Неиспр,72,97.5,8,16,1,начало_демонтажа_датчиков,2026-02-13,Объект 4,P03,47,0,0,,Объект 3/P02;Объект 4/P03,
2026-02-13,объект Эпсилон,все,всплеск Неиспр,192,104.0,20,36,1,начало_демонтажа_датчиков,2026-02-13,Объект 4,P03,47,0,0,,Объект 3/P02;Объект 4/P03,
2026-02-13,объект Каппа,все,всплеск Неиспр,71,72.0,9,18,1,начало_демонтажа_датчиков,2026-02-13,Объект 4,P03,47,0,0,,Объект 3/P02;Объект 4/P03,
2026-02-13,объект Омикрон,все,всплеск Неиспр,110,33.5,17,36,1,начало_демонтажа_датчиков,2026-02-13,Объект 4,P03,47,0,0,,Объект 3/P02;Объект 4/P03,
2026-02-13,объект Мю,все,всплеск Неиспр,487,940.5,21,50,1,начало_демонтажа_датчиков,2026-02-13,Объект 4,P03,47,0,0,,Объект 3/P02;Объект 4/P03,
2026-02-14,объект Вита,все,тишина,18,39.0,0,0,2,начало_демонтажа_датчиков,2026-02-13,Объект 4,P03,47,-1,-1,,Объект 3/P02;Объект 4/P03,
2026-02-14,объект Каппа,все,всплеск Неиспр,80,72.0,18,18,1,начало_демонтажа_датчиков,2026-02-13,Объект 4,P03,47,-1,-1,,Объект 3/P02;Объект 4/P03,
2026-02-14,объект Мю,все,всплеск Неиспр,1238,940.5,38,759,1,начало_демонтажа_датчиков,2026-02-13,Объект 4,P03,47,-1,-1,,Объект 3/P02;Объект 4/P03,
2026-02-15,объект Мю,все,всплеск Неиспр,135,940.5,35,106,1,предоставление_в_ОМ_на_ППР_и_поверку,2026-02-16,Объект 4,P03,47,1,-2,,Объект 4/P03,
2026-02-16,объект Гамма,все,возврат,90,27.5,0,0,1,предоставление_в_ОМ_на_ППР_и_поверку,2026-02-16,Объект 4,P03,47,0,,,Объект 4/P03,
2026-02-16,Комплекс объект Дельта,все,всплеск Неиспр,146,97.5,27,71,1,предоставление_в_ОМ_на_ППР_и_поверку,2026-02-16,Объект 4,P03,47,0,,,Объект 4/P03,
2026-02-16,объект Эпсилон,все,всплеск Неиспр,194,104.0,21,38,1,предоставление_в_ОМ_на_ППР_и_поверку,2026-02-16,Объект 4,P03,47,0,,,Объект 4/P03,
2026-02-16,объект Йота,все,всплеск Неиспр,70,47.5,8,8,1,предоставление_в_ОМ_на_ППР_и_поверку,2026-02-16,Объект 4,P03,47,0,,,Объект 4/P03,
2026-02-16,объект Тау,все,всплеск Неиспр,84,27.0,15,30,1,предоставление_в_ОМ_на_ППР_и_поверку,2026-02-16,Объект 4,P03,47,0,,,Объект 4/P03,
2026-02-16,объект Мю,все,всплеск Неиспр,1229,940.5,10,10,1,предоставление_в_ОМ_на_ППР_и_поверку,2026-02-16,Объект 4,P03,47,0,,,Объект 4/P03,
2026-02-16,ПС объект Омега,все,тишина,23,47.0,0,0,2,предоставление_в_ОМ_на_ППР_и_поверку,2026-02-16,Объект 4,P03,47,0,,,Объект 4/P03,
2026-02-17,объект Вита,все,возврат,102,39.0,0,0,1,предоставление_в_ОМ_на_ППР_и_поверку,2026-02-16,Объект 4,P03,47,-1,,,Объект 4/P03,
2026-02-17,объект Мю,все,всплеск Неиспр,183,940.5,34,170,1,предоставление_в_ОМ_на_ППР_и_поверку,2026-02-16,Объект 4,P03,47,-1,,,Объект 4/P03,
2026-02-18,объект Гамма,все,всплеск Неиспр,58,27.5,23,23,1,предоставление_в_ОМ_на_ППР_и_поверку,2026-02-16,Объект 4,P03,47,-2,,,Объект 4/P03,
2026-02-18,Комплекс объект Дельта,все,всплеск Неиспр,99,97.5,12,12,1,предоставление_в_ОМ_на_ППР_и_поверку,2026-02-16,Объект 4,P03,47,-2,,,Объект 4/P03,
2026-02-18,объект Тау,все,всплеск Неиспр,333,27.0,6,6,1,предоставление_в_ОМ_на_ППР_и_поверку,2026-02-16,Объект 4,P03,47,-2,,,Объект 4/P03,
2026-02-18,ПС объект Омега,все,возврат,128,47.0,1,1,1,предоставление_в_ОМ_на_ППР_и_поверку,2026-02-16,Объект 4,P03,47,-2,,,Объект 4/P03,
2026-02-19,объект Мю,все,всплеск Неиспр,134,940.5,34,34,1,,,,,,,,,Объект 4/P03,
2026-02-20,объект Гамма,все,тишина,5,27.5,1,1,4,,,,,,,,,Объект 4/P03,
2026-02-20,Комплекс объект Дельта,все,всплеск Неиспр,99,97.5,15,44,1,,,,,,,,,Объект 4/P03,
2026-02-20,объект Вита,все,тишина,16,39.0,0,0,4,,,,,,,,,Объект 4/P03,
2026-02-20,ПС объект Ро,все,тишина,4,9.5,0,0,3,,,,,,,,,Объект 4/P03,
2026-02-20,ПС объект Омега,все,тишина,15,47.0,0,0,3,,,,,,,,,Объект 4/P03,
2026-02-20,объект Кси,все,всплеск Неиспр,31,35.5,5,7,1,,,,,,,,,Объект 4/P03,
2026-02-21,Комплекс объект Дельта,все,тишина,14,97.5,0,0,3,,,,,,,,,Объект 4/P03,
2026-02-21,объект Эпсилон,все,всплеск Неиспр,55,104.0,11,11,1,,,,,,,,,Объект 4/P03,
2026-02-21,объект Каппа,все,тишина,29,72.0,0,0,2,,,,,,,,,Объект 4/P03,
2026-02-21,объект Йота,все,тишина,3,47.5,0,0,3,,,,,,,,,Объект 4/P03,
2026-02-21,объект Тау,все,всплеск Неиспр,56,27.0,6,6,1,,,,,,,,,Объект 4/P03,
2026-02-22,объект Эпсилон,все,тишина,31,104.0,0,0,2,вывоз_датчиков_из_ОМ,2026-02-24,Объект 4,P03,47,2,,2,Объект 4/P03,
2026-02-22,объект Тау,все,тишина,9,27.0,0,0,2,вывоз_датчиков_из_ОМ,2026-02-24,Объект 4,P03,47,2,,2,Объект 4/P03,
2026-02-23,ПС объект Ро,все,возврат,14,9.5,0,0,1,вывоз_датчиков_из_ОМ,2026-02-24,Объект 4,P03,47,1,,1,Объект 4/P03,
2026-02-23,ПС объект Омега,все,всплеск Неиспр,28,47.0,12,12,1,вывоз_датчиков_из_ОМ,2026-02-24,Объект 4,P03,47,1,,1,Объект 4/P03,
2026-02-24,объект Гамма,все,возврат,92,27.5,0,0,1,вывоз_датчиков_из_ОМ,2026-02-24,Объект 4,P03,47,0,,0,Объект 4/P03,
2026-02-24,Комплекс объект Дельта,все,возврат,136,97.5,2,8,1,вывоз_датчиков_из_ОМ,2026-02-24,Объект 4,P03,47,0,,0,Объект 4/P03,
2026-02-24,объект Вита,все,возврат,59,39.0,3,3,1,вывоз_датчиков_из_ОМ,2026-02-24,Объект 4,P03,47,0,,0,Объект 4/P03,
2026-02-24,объект Эпсилон,все,возврат,130,104.0,0,0,1,вывоз_датчиков_из_ОМ,2026-02-24,Объект 4,P03,47,0,,0,Объект 4/P03,
2026-02-24,объект Каппа,все,возврат,70,72.0,0,0,1,вывоз_датчиков_из_ОМ,2026-02-24,Объект 4,P03,47,0,,0,Объект 4/P03,
2026-02-24,объект Йота,все,возврат,66,47.5,0,0,1,вывоз_датчиков_из_ОМ,2026-02-24,Объект 4,P03,47,0,,0,Объект 4/P03,
2026-02-24,объект Омикрон,все,всплеск Неиспр,37,33.5,5,5,1,вывоз_датчиков_из_ОМ,2026-02-24,Объект 4,P03,47,0,,0,Объект 4/P03,
2026-02-24,ПС объект Омега,все,возврат,163,47.0,52,226,1,вывоз_датчиков_из_ОМ,2026-02-24,Объект 4,P03,47,0,,0,Объект 4/P03,
2026-02-24,ПС объект Омега,все,всплеск Неиспр,163,47.0,52,226,1,вывоз_датчиков_из_ОМ,2026-02-24,Объект 4,P03,47,0,,0,Объект 4/P03,
2026-02-25,объект Альфа,все,всплеск Неиспр,137,94.0,6,108,1,вывоз_датчиков_из_ОМ,2026-02-24,Объект 4,P03,47,-1,,-1,Объект 4/P03,
2026-02-25,Комплекс объект Дельта,все,всплеск Неиспр,90,97.5,8,16,1,вывоз_датчиков_из_ОМ,2026-02-24,Объект 4,P03,47,-1,,-1,Объект 4/P03,
2026-02-25,объект Тау,все,возврат,99,27.0,0,0,1,вывоз_датчиков_из_ОМ,2026-02-24,Объект 4,P03,47,-1,,-1,Объект 4/P03,
2026-02-25,ПС объект Омега,все,тишина,15,47.0,0,0,2,вывоз_датчиков_из_ОМ,2026-02-24,Объект 4,P03,47,-1,,-1,Объект 4/P03,
2026-02-26,объект Омикрон,все,всплеск Неиспр,94,33.5,5,7,1,сдача_работ_комиссии,2026-02-27,Объект 4,P03,47,1,,-2,Объект 4/P03,
2026-02-26,объект Мю,все,всплеск Неиспр,1163,940.5,42,148,1,сдача_работ_комиссии,2026-02-27,Объект 4,P03,47,1,,-2,Объект 4/P03,
2026-02-27,объект Омикрон,все,всплеск Неиспр,39,33.5,5,12,1,сдача_работ_комиссии,2026-02-27,Объект 4,P03,47,0,,,Объект 4/P03,
2026-02-27,объект Мю,все,всплеск Неиспр,223,940.5,37,105,1,сдача_работ_комиссии,2026-02-27,Объект 4,P03,47,0,,,Объект 4/P03,
2026-02-27,объект Мю,все,тишина,223,940.5,37,105,2,сдача_работ_комиссии,2026-02-27,Объект 4,P03,47,0,,,Объект 4/P03,
2026-02-27,объект Сигма,все,тишина,2,5.0,0,0,2,сдача_работ_комиссии,2026-02-27,Объект 4,P03,47,0,,,Объект 4/P03,
2026-02-27,ПС объект Омега,все,возврат,137,47.0,14,14,1,сдача_работ_комиссии,2026-02-27,Объект 4,P03,47,0,,,Объект 4/P03,
2026-02-27,ПС объект Омега,все,всплеск Неиспр,137,47.0,14,14,1,сдача_работ_комиссии,2026-02-27,Объект 4,P03,47,0,,,Объект 4/P03,
2026-02-28,объект Бета,все,тишина,6,20.0,0,0,2,сдача_работ_комиссии,2026-02-27,Объект 4,P03,47,-1,2,,Объект 4/P03;Объект 5/P04,
2026-02-28,Комплекс объект Дельта,все,тишина,18,97.5,0,0,2,сдача_работ_комиссии,2026-02-27,Объект 4,P03,47,-1,2,,Объект 4/P03;Объект 5/P04,
2026-02-28,объект Каппа,все,тишина,34,72.0,1,1,2,сдача_работ_комиссии,2026-02-27,Объект 4,P03,47,-1,2,,Объект 4/P03;Объект 5/P04,
2026-02-28,объект Кси,все,тишина,6,35.5,0,0,2,сдача_работ_комиссии,2026-02-27,Объект 4,P03,47,-1,2,,Объект 4/P03;Объект 5/P04,
2026-03-01,объект Эпсилон,все,всплеск Неиспр,45,85,10,10,1,начало_демонтажа_датчиков,2026-03-02,Объект 5,P04,102,1,1,,Объект 4/P03;Объект 5/P04,
2026-03-01,объект Тау,все,всплеск Неиспр,86,94,6,6,1,начало_демонтажа_датчиков,2026-03-02,Объект 5,P04,102,1,1,,Объект 4/P03;Объект 5/P04,
2026-03-01,объект Сигма,все,возврат,7,7,0,0,1,начало_демонтажа_датчиков,2026-03-02,Объект 5,P04,102,1,1,,Объект 4/P03;Объект 5/P04,
2026-03-02,объект Бета,все,возврат,92,62,0,0,1,начало_демонтажа_датчиков,2026-03-02,Объект 5,P04,102,0,0,,Объект 5/P04,
2026-03-02,объект Омикрон,все,всплеск Неиспр,57,42,12,12,1,начало_демонтажа_датчиков,2026-03-02,Объект 5,P04,102,0,0,,Объект 5/P04,
2026-03-02,объект Мю,все,возврат,76,82,1,2,1,начало_демонтажа_датчиков,2026-03-02,Объект 5,P04,102,0,0,,Объект 5/P04,
2026-03-02,объект Кси,все,возврат,97,22,0,0,1,начало_демонтажа_датчиков,2026-03-02,Объект 5,P04,102,0,0,,Объект 5/P04,
2026-03-03,объект Гамма,все,тишина,37,87,0,0,2,предоставление_в_ОМ_на_ППР_и_поверку,2026-03-03,Объект 5,P04,102,0,-1,,Объект 5/P04,
2026-03-03,Комплекс объект Дельта,все,возврат,403,114,0,0,1,предоставление_в_ОМ_на_ППР_и_поверку,2026-03-03,Объект 5,P04,102,0,-1,,Объект 5/P04,
2026-03-04,Комплекс объект Дельта,все,всплеск Неиспр,126,114,8,16,1,предоставление_в_ОМ_на_ППР_и_поверку,2026-03-03,Объект 5,P04,102,-1,-2,,Объект 5/P04,
2026-03-04,объект Каппа,все,возврат,114,84,1,1,1,предоставление_в_ОМ_на_ППР_и_поверку,2026-03-03,Объект 5,P04,102,-1,-2,,Объект 5/P04,
2026-03-04,ПС объект Ро,все,всплеск Неиспр,251,44,9,15,1,предоставление_в_ОМ_на_ППР_и_поверку,2026-03-03,Объект 5,P04,102,-1,-2,,Объект 5/P04,
2026-03-05,объект Вита,все,всплеск Неиспр,47,73,8,20,1,предоставление_в_ОМ_на_ППР_и_поверку,2026-03-03,Объект 5,P04,102,-2,,,Объект 5/P04,
2026-03-05,ПС объект Ро,все,тишина,9,44,0,0,6,предоставление_в_ОМ_на_ППР_и_поверку,2026-03-03,Объект 5,P04,102,-2,,,Объект 5/P04,
2026-03-05,объект Кси,все,всплеск Неиспр,1178,22,83,561,1,предоставление_в_ОМ_на_ППР_и_поверку,2026-03-03,Объект 5,P04,102,-2,,,Объект 5/P04,
2026-03-06,объект Вита,все,тишина,29,73,0,0,5,,,,,,,,,Объект 5/P04,
2026-03-06,объект Эпсилон,все,всплеск Неиспр,99,85,5,5,1,,,,,,,,,Объект 5/P04,
2026-03-06,объект Каппа,все,тишина,33,84,0,0,2,,,,,,,,,Объект 5/P04,
2026-03-06,объект Кси,все,всплеск Неиспр,733,22,18,21,1,,,,,,,,,Объект 5/P04,
2026-03-07,объект Бета,все,тишина,11,62,0,0,3,,,,,,,,,Объект 5/P04,
2026-03-07,Комплекс объект Дельта,все,тишина,18,114,0,0,2,,,,,,,,,Объект 5/P04,
2026-03-07,объект Йота,все,тишина,6,56,0,0,3,,,,,,,,,Объект 5/P04,
2026-03-07,объект Омикрон,все,тишина,20,42,0,0,2,,,,,,,,,Объект 5/P04,
2026-03-08,Комплекс объект Дельта,все,всплеск Неиспр,34,114,13,26,1,,,,,,,,,Объект 5/P04,
2026-03-08,объект Каппа,все,всплеск Неиспр,52,84,10,20,1,,,,,,,,,Объект 5/P04,
2026-03-08,объект Кси,все,тишина,6,22,0,0,2,,,,,,,,,Объект 5/P04,
2026-03-09,объект Гамма,все,всплеск Неиспр,61,87,7,7,1,,,,,,,,,Объект 5/P04,
2026-03-09,Комплекс объект Дельта,все,возврат,240,114,0,0,1,,,,,,,,,Объект 5/P04,
2026-03-09,объект Тау,все,всплеск Неиспр,79,94,12,18,1,,,,,,,,,Объект 5/P04,
2026-03-10,объект Бета,все,возврат,362,62,21,23,1,,,,,,,,,Объект 5/P04,
2026-03-10,объект Бета,все,всплеск Неиспр,362,62,21,23,1,,,,,,,,,Объект 5/P04,
2026-03-10,объект Гамма,все,возврат,145,87,28,49,1,,,,,,,,,Объект 5/P04,
2026-03-10,объект Гамма,все,всплеск Неиспр,145,87,28,49,1,,,,,,,,,Объект 5/P04,
2026-03-10,объект Йота,все,возврат,68,56,0,0,1,,,,,,,,,Объект 5/P04,
2026-03-10,объект Омикрон,все,возврат,99,42,0,0,1,,,,,,,,,Объект 5/P04,
2026-03-10,объект Кси,все,возврат,143,22,0,0,1,,,,,,,,,Объект 5/P04,
2026-03-11,объект Гамма,все,всплеск Неиспр,106,87,25,58,1,вывоз_датчиков_из_ОМ,2026-03-13,Объект 5,P04,102,2,,2,Объект 5/P04,
2026-03-11,Комплекс объект Дельта,все,всплеск Неиспр,514,114,9,11,1,вывоз_датчиков_из_ОМ,2026-03-13,Объект 5,P04,102,2,,2,Объект 5/P04,
2026-03-11,объект Вита,все,возврат,304,73,19,20,1,вывоз_датчиков_из_ОМ,2026-03-13,Объект 5,P04,102,2,,2,Объект 5/P04,
2026-03-11,объект Вита,все,всплеск Неиспр,304,73,19,20,1,вывоз_датчиков_из_ОМ,2026-03-13,Объект 5,P04,102,2,,2,Объект 5/P04,
2026-03-11,объект Каппа,все,возврат,129,84,1,1,1,вывоз_датчиков_из_ОМ,2026-03-13,Объект 5,P04,102,2,,2,Объект 5/P04,
2026-03-11,ПС объект Ро,все,возврат,70,44,0,0,1,вывоз_датчиков_из_ОМ,2026-03-13,Объект 5,P04,102,2,,2,Объект 5/P04,
2026-03-12,объект Гамма,все,всплеск Неиспр,176,87,51,315,1,вывоз_датчиков_из_ОМ,2026-03-13,Объект 5,P04,102,1,,1,Объект 5/P04,
2026-03-12,Комплекс объект Дельта,все,всплеск Неиспр,569,114,5,9,1,вывоз_датчиков_из_ОМ,2026-03-13,Объект 5,P04,102,1,,1,Объект 5/P04,
2026-03-12,объект Каппа,все,всплеск Неиспр,888,84,11,17,1,вывоз_датчиков_из_ОМ,2026-03-13,Объект 5,P04,102,1,,1,Объект 5/P04,
2026-03-12,объект Тау,все,всплеск Неиспр,421,94,21,318,1,вывоз_датчиков_из_ОМ,2026-03-13,Объект 5,P04,102,1,,1,Объект 5/P04,
2026-03-13,объект Бета,все,тишина,12,62,0,0,3,вывоз_датчиков_из_ОМ,2026-03-13,Объект 5,P04,102,0,,0,Объект 5/P04,
2026-03-13,объект Гамма,все,всплеск Неиспр,113,87,14,24,1,вывоз_датчиков_из_ОМ,2026-03-13,Объект 5,P04,102,0,,0,Объект 5/P04,
2026-03-13,Комплекс объект Дельта,все,всплеск Неиспр,186,114,6,86,1,вывоз_датчиков_из_ОМ,2026-03-13,Объект 5,P04,102,0,,0,Объект 5/P04,
2026-03-13,объект Тау,все,всплеск Неиспр,193,94,15,341,1,вывоз_датчиков_из_ОМ,2026-03-13,Объект 5,P04,102,0,,0,Объект 5/P04,
2026-03-13,объект Мю,все,всплеск Неиспр,63,82,5,8,1,вывоз_датчиков_из_ОМ,2026-03-13,Объект 5,P04,102,0,,0,Объект 5/P04,
2026-03-14,объект Гамма,все,тишина,37,87,2,2,2,вывоз_датчиков_из_ОМ,2026-03-13,Объект 5,P04,102,-1,,-1,Объект 5/P04,
2026-03-14,Комплекс объект Дельта,все,всплеск Неиспр,37,114,12,24,1,вывоз_датчиков_из_ОМ,2026-03-13,Объект 5,P04,102,-1,,-1,Объект 5/P04,
2026-03-14,Комплекс объект Дельта,все,тишина,37,114,12,24,2,вывоз_датчиков_из_ОМ,2026-03-13,Объект 5,P04,102,-1,,-1,Объект 5/P04,
2026-03-14,объект Вита,все,тишина,22,73,0,0,2,вывоз_датчиков_из_ОМ,2026-03-13,Объект 5,P04,102,-1,,-1,Объект 5/P04,
2026-03-14,объект Каппа,все,тишина,39,84,3,3,2,вывоз_датчиков_из_ОМ,2026-03-13,Объект 5,P04,102,-1,,-1,Объект 5/P04,
2026-03-14,ПС объект Ро,все,тишина,10,44,0,0,2,вывоз_датчиков_из_ОМ,2026-03-13,Объект 5,P04,102,-1,,-1,Объект 5/P04,
2026-03-14,объект Кси,все,тишина,6,22,0,0,2,вывоз_датчиков_из_ОМ,2026-03-13,Объект 5,P04,102,-1,,-1,Объект 5/P04,
2026-03-15,объект Эпсилон,все,всплеск Неиспр,49,85,11,12,1,вывоз_датчиков_из_ОМ,2026-03-13,Объект 5,P04,102,-2,,-2,Объект 5/P04,
2026-03-15,ПС объект Омега,все,всплеск Неиспр,30,30,11,11,1,вывоз_датчиков_из_ОМ,2026-03-13,Объект 5,P04,102,-2,,-2,Объект 5/P04,
2026-03-16,объект Бета,все,возврат,94,62,0,0,1,,,,,,,,,Объект 5/P04,
2026-03-16,объект Гамма,все,возврат,87,87,1,1,1,,,,,,,,,Объект 5/P04,
2026-03-16,Комплекс объект Дельта,все,возврат,120,114,0,0,1,,,,,,,,,Объект 5/P04,
2026-03-16,объект Вита,все,возврат,84,73,0,0,1,,,,,,,,,Объект 5/P04,
2026-03-16,объект Зита,все,всплеск Неиспр,219,41,14,33,1,,,,,,,,,Объект 5/P04,
2026-03-16,объект Каппа,все,возврат,107,84,0,0,1,,,,,,,,,Объект 5/P04,
2026-03-16,объект Тау,все,всплеск Неиспр,328,94,11,11,1,,,,,,,,,Объект 5/P04,
2026-03-16,ПС объект Ро,все,возврат,67,44,3,3,1,,,,,,,,,Объект 5/P04,
2026-03-16,объект Кси,все,возврат,61,22,19,19,1,,,,,,,,,Объект 5/P04,
2026-03-16,объект Кси,все,всплеск Неиспр,61,22,19,19,1,,,,,,,,,Объект 5/P04,
2026-03-17,объект Гамма,все,всплеск Неиспр,205,87,10,17,1,сдача_работ_комиссии,2026-03-19,Объект 5,P04,102,2,,,Объект 5/P04,
2026-03-17,Комплекс объект Дельта,все,всплеск Неиспр,134,114,7,7,1,сдача_работ_комиссии,2026-03-19,Объект 5,P04,102,2,,,Объект 5/P04,
2026-03-17,объект Тау,все,всплеск Неиспр,252,94,15,21,1,сдача_работ_комиссии,2026-03-19,Объект 5,P04,102,2,,,Объект 5/P04,
2026-03-17,объект Кси,все,всплеск Неиспр,118,22,19,19,1,сдача_работ_комиссии,2026-03-19,Объект 5,P04,102,2,,,Объект 5/P04,
2026-03-18,объект Гамма,все,всплеск Неиспр,86,87,5,10,1,сдача_работ_комиссии,2026-03-19,Объект 5,P04,102,1,,,Объект 5/P04,
2026-03-18,объект Мю,все,всплеск Неиспр,207,82,6,11,1,сдача_работ_комиссии,2026-03-19,Объект 5,P04,102,1,,,Объект 5/P04,
2026-03-19,Комплекс объект Дельта,все,всплеск Неиспр,111,114,9,38,1,сдача_работ_комиссии,2026-03-19,Объект 5,P04,102,0,,,Объект 5/P04,
2026-03-19,объект Вита,все,всплеск Неиспр,147,73,6,12,1,сдача_работ_комиссии,2026-03-19,Объект 5,P04,102,0,,,Объект 5/P04,
2026-03-19,объект Эпсилон,все,всплеск Неиспр,168,85,5,6,1,сдача_работ_комиссии,2026-03-19,Объект 5,P04,102,0,,,Объект 5/P04,
2026-03-19,объект Каппа,все,всплеск Неиспр,97,84,10,24,1,сдача_работ_комиссии,2026-03-19,Объект 5,P04,102,0,,,Объект 5/P04,
2026-03-19,объект Тау,все,всплеск Неиспр,331,94,30,598,1,сдача_работ_комиссии,2026-03-19,Объект 5,P04,102,0,,,Объект 5/P04,
2026-03-19,объект Мю,все,всплеск Неиспр,157,82,38,80,1,сдача_работ_комиссии,2026-03-19,Объект 5,P04,102,0,,,Объект 5/P04,
2026-03-20,объект Мю,все,всплеск Неиспр,1293,82,35,141,1,сдача_работ_комиссии,2026-03-19,Объект 5,P04,102,-1,,,Объект 5/P04,
2026-03-21,объект Бета,все,тишина,3,62,0,0,2,сдача_работ_комиссии,2026-03-19,Объект 5,P04,102,-2,2,,Объект 5/P04;Объект 6/P05;Объект 7/P05,
2026-03-21,объект Гамма,все,всплеск Неиспр,79,87,7,12,1,сдача_работ_комиссии,2026-03-19,Объект 5,P04,102,-2,2,,Объект 5/P04;Объект 6/P05;Объект 7/P05,
2026-03-21,Комплекс объект Дельта,все,тишина,35,114,0,0,2,сдача_работ_комиссии,2026-03-19,Объект 5,P04,102,-2,2,,Объект 5/P04;Объект 6/P05;Объект 7/P05,
2026-03-21,объект Вита,все,тишина,17,73,0,0,2,сдача_работ_комиссии,2026-03-19,Объект 5,P04,102,-2,2,,Объект 5/P04;Объект 6/P05;Объект 7/P05,
2026-03-21,объект Каппа,все,тишина,34,84,2,3,2,сдача_работ_комиссии,2026-03-19,Объект 5,P04,102,-2,2,,Объект 5/P04;Объект 6/P05;Объект 7/P05,
2026-03-21,объект Тау,все,тишина,22,94,0,0,4,сдача_работ_комиссии,2026-03-19,Объект 5,P04,102,-2,2,,Объект 5/P04;Объект 6/P05;Объект 7/P05,
2026-03-21,объект Мю,все,всплеск Неиспр,51,82,5,8,1,сдача_работ_комиссии,2026-03-19,Объект 5,P04,102,-2,2,,Объект 5/P04;Объект 6/P05;Объект 7/P05,
2026-03-21,ПС объект Ро,все,тишина,9,44,0,0,2,сдача_работ_комиссии,2026-03-19,Объект 5,P04,102,-2,2,,Объект 5/P04;Объект 6/P05;Объект 7/P05,
2026-03-21,объект Кси,все,всплеск Неиспр,49,22,11,12,1,сдача_работ_комиссии,2026-03-19,Объект 5,P04,102,-2,2,,Объект 5/P04;Объект 6/P05;Объект 7/P05,
2026-03-22,ПС объект Омега,все,всплеск Неиспр,139,30,10,15,1,начало_демонтажа_датчиков,2026-03-23,Объект 6,P05,34,1,1,,Объект 6/P05;Объект 7/P05,
2026-03-23,объект Бета,все,возврат,72,62,0,0,1,начало_демонтажа_датчиков,2026-03-23,Объект 6,P05,34,0,0,,Объект 6/P05;Объект 7/P05,
2026-03-23,Комплекс объект Дельта,все,возврат,177,114,0,0,1,начало_демонтажа_датчиков,2026-03-23,Объект 6,P05,34,0,0,,Объект 6/P05;Объект 7/P05,
2026-03-23,объект Вита,все,возврат,103,73,0,0,1,начало_демонтажа_датчиков,2026-03-23,Объект 6,P05,34,0,0,,Объект 6/P05;Объект 7/P05,
2026-03-23,объект Каппа,все,возврат,141,84,0,0,1,начало_демонтажа_датчиков,2026-03-23,Объект 6,P05,34,0,0,,Объект 6/P05;Объект 7/P05,
2026-03-23,объект Мю,все,всплеск Неиспр,824,82,6,12,1,начало_демонтажа_датчиков,2026-03-23,Объект 6,P05,34,0,0,,Объект 6/P05;Объект 7/P05,
2026-03-23,ПС объект Ро,все,возврат,133,44,0,0,1,начало_демонтажа_датчиков,2026-03-23,Объект 6,P05,34,0,0,,Объект 6/P05;Объект 7/P05,
2026-03-24,Комплекс объект Дельта,все,всплеск Неиспр,124,114,15,22,1,предоставление_в_ОМ_на_ППР_и_поверку,2026-03-24,Объект 6,P05,34,0,-1,,Объект 6/P05;Объект 7/P05,
2026-03-24,объект Омикрон,все,всплеск Неиспр,63,42,10,14,1,предоставление_в_ОМ_на_ППР_и_поверку,2026-03-24,Объект 6,P05,34,0,-1,,Объект 6/P05;Объект 7/P05,
2026-03-24,ПС объект Ро,газ,тишина,0,4,0,0,3,предоставление_в_ОМ_на_ППР_и_поверку,2026-03-24,Объект 6,P05,34,0,-1,,Объект 6/P05;Объект 7/P05,
2026-03-24,объект Кси,все,всплеск Неиспр,92,22,16,17,1,предоставление_в_ОМ_на_ППР_и_поверку,2026-03-24,Объект 6,P05,34,0,-1,,Объект 6/P05;Объект 7/P05,
2026-03-25,объект Тау,все,возврат,362,94,7,7,1,предоставление_в_ОМ_на_ППР_и_поверку,2026-03-24,Объект 6,P05,34,-1,-2,,Объект 6/P05;Объект 7/P05,
2026-03-25,объект Тау,все,всплеск Неиспр,362,94,7,7,1,предоставление_в_ОМ_на_ППР_и_поверку,2026-03-24,Объект 6,P05,34,-1,-2,,Объект 6/P05;Объект 7/P05,
2026-03-25,объект Мю,все,всплеск Неиспр,124,82,33,35,1,предоставление_в_ОМ_на_ППР_и_поверку,2026-03-24,Объект 6,P05,34,-1,-2,,Объект 6/P05;Объект 7/P05,
2026-03-25,ПС объект Омега,все,всплеск Неиспр,36,30,9,9,1,предоставление_в_ОМ_на_ППР_и_поверку,2026-03-24,Объект 6,P05,34,-1,-2,,Объект 6/P05;Объект 7/P05,
2026-03-26,объект Гамма,все,всплеск Неиспр,109,87,8,60,1,предоставление_в_ОМ_на_ППР_и_поверку,2026-03-24,Объект 6,P05,34,-2,,,Объект 6/P05;Объект 7/P05,
2026-03-26,Комплекс объект Дельта,все,всплеск Неиспр,112,114,12,19,1,предоставление_в_ОМ_на_ППР_и_поверку,2026-03-24,Объект 6,P05,34,-2,,,Объект 6/P05;Объект 7/P05,
2026-03-26,объект Эпсилон,все,всплеск Неиспр,71,85,11,11,1,предоставление_в_ОМ_на_ППР_и_поверку,2026-03-24,Объект 6,P05,34,-2,,,Объект 6/P05;Объект 7/P05,
2026-03-26,объект Зита,все,всплеск Неиспр,629,41,23,107,1,предоставление_в_ОМ_на_ППР_и_поверку,2026-03-24,Объект 6,P05,34,-2,,,Объект 6/P05;Объект 7/P05,
2026-03-27,Комплекс объект Дельта,все,всплеск Неиспр,117,114,25,52,1,,,,,,,,,Объект 6/P05;Объект 7/P05,
2026-03-27,ПС объект Ро,все,всплеск Неиспр,174,44,24,32,1,,,,,,,,,Объект 6/P05;Объект 7/P05,
2026-03-27,ПС объект Ро,газ,возврат,35,4,24,32,1,,,,,,,,,Объект 6/P05;Объект 7/P05,
2026-03-27,ПС объект Ро,газ,всплеск Неиспр,35,4,24,32,1,,,,,,,,,Объект 6/P05;Объект 7/P05,
2026-03-27,ПС объект Омега,все,всплеск Неиспр,378,30,7,59,1,,,,,,,,,Объект 6/P05;Объект 7/P05,
2026-03-28,объект Бета,все,тишина,14,62,0,0,2,,,,,,,,,Объект 6/P05;Объект 7/P05,
2026-03-28,объект Гамма,все,всплеск Неиспр,94,87,8,9,1,,,,,,,,,Объект 6/P05;Объект 7/P05,
2026-03-28,Комплекс объект Дельта,все,всплеск Неиспр,49,114,20,23,1,,,,,,,,,Объект 6/P05;Объект 7/P05,
2026-03-28,объект Вита,все,тишина,16,73,0,0,2,,,,,,,,,Объект 6/P05;Объект 7/P05,
2026-03-28,объект Тау,все,всплеск Неиспр,70,94,11,11,1,,,,,,,,,Объект 6/P05;Объект 7/P05,
2026-03-28,ПС объект Омега,все,всплеск Неиспр,35,30,5,6,1,,,,,,,,,Объект 6/P05;Объект 7/P05,
2026-03-29,Комплекс объект Дельта,все,всплеск Неиспр,76,114,28,80,1,,,,,,,,,Объект 6/P05;Объект 7/P05,
2026-03-29,объект Эпсилон,все,всплеск Неиспр,68,85,10,16,1,,,,,,,,,Объект 6/P05;Объект 7/P05,
2026-03-29,объект Каппа,все,всплеск Неиспр,60,84,10,20,1,,,,,,,,,Объект 6/P05;Объект 7/P05,
2026-03-29,объект Тау,все,всплеск Неиспр,57,94,9,9,1,,,,,,,,,Объект 6/P05;Объект 7/P05,
2026-03-29,объект Кси,все,всплеск Неиспр,51,22,13,20,1,,,,,,,,,Объект 6/P05;Объект 7/P05,
2026-03-30,объект Бета,все,возврат,75,62,0,0,1,,,,,,,,,Объект 6/P05;Объект 7/P05,
2026-03-30,объект Вита,все,возврат,99,73,0,0,1,,,,,,,,,Объект 6/P05;Объект 7/P05,
2026-03-30,объект Эпсилон,все,всплеск Неиспр,105,85,11,11,1,,,,,,,,,Объект 6/P05;Объект 7/P05,
2026-03-30,объект Тау,все,всплеск Неиспр,94,94,6,6,1,,,,,,,,,Объект 6/P05;Объект 7/P05,
2026-03-30,объект Омикрон,все,всплеск Неиспр,63,42,17,38,1,,,,,,,,,Объект 6/P05;Объект 7/P05,
2026-04-01,объект Гамма,все,всплеск Неиспр,140,152.5,9,92,1,вывоз_датчиков_из_ОМ,2026-04-03,Объект 6,P05,34,2,,2,Объект 6/P05;Объект 7/P05,
2026-04-01,объект Тау,все,всплеск Неиспр,743,89.5,76,110,1,вывоз_датчиков_из_ОМ,2026-04-03,Объект 6,P05,34,2,,2,Объект 6/P05;Объект 7/P05,
2026-04-01,объект Мю,все,всплеск Неиспр,157,155.5,17,21,1,вывоз_датчиков_из_ОМ,2026-04-03,Объект 6,P05,34,2,,2,Объект 6/P05;Объект 7/P05,
2026-04-01,ПС объект Омега,все,тишина,20,77.5,0,0,2,вывоз_датчиков_из_ОМ,2026-04-03,Объект 6,P05,34,2,,2,Объект 6/P05;Объект 7/P05,
2026-04-02,Комплекс объект Дельта,все,всплеск Неиспр,544,128.5,17,25,1,вывоз_датчиков_из_ОМ,2026-04-03,Объект 6,P05,34,1,,1,Объект 6/P05;Объект 7/P05,
2026-04-02,ПС объект Ро,все,всплеск Неиспр,164,65.0,8,73,1,вывоз_датчиков_из_ОМ,2026-04-03,Объект 6,P05,34,1,,1,Объект 6/P05;Объект 7/P05,
2026-04-03,объект Гамма,все,всплеск Неиспр,68,152.5,11,14,1,вывоз_датчиков_из_ОМ,2026-04-03,Объект 6,P05,34,0,,0,Объект 6/P05;Объект 7/P05,
2026-04-03,объект Гамма,все,тишина,68,152.5,11,14,2,вывоз_датчиков_из_ОМ,2026-04-03,Объект 6,P05,34,0,,0,Объект 6/P05;Объект 7/P05,
2026-04-03,объект Эпсилон,все,всплеск Неиспр,953,190.5,6,6,1,вывоз_датчиков_из_ОМ,2026-04-03,Объект 6,P05,34,0,,0,Объект 6/P05;Объект 7/P05,
2026-04-03,объект Зита,все,всплеск Неиспр,47,83.0,11,11,1,вывоз_датчиков_из_ОМ,2026-04-03,Объект 6,P05,34,0,,0,Объект 6/P05;Объект 7/P05,
2026-04-03,объект Омикрон,все,всплеск Неиспр,73,74.5,8,12,1,вывоз_датчиков_из_ОМ,2026-04-03,Объект 6,P05,34,0,,0,Объект 6/P05;Объект 7/P05,
2026-04-03,объект Мю,все,всплеск Неиспр,147,155.5,34,102,1,вывоз_датчиков_из_ОМ,2026-04-03,Объект 6,P05,34,0,,0,Объект 6/P05;Объект 7/P05,
2026-04-03,ПС объект Ро,все,всплеск Неиспр,158,65.0,8,41,1,вывоз_датчиков_из_ОМ,2026-04-03,Объект 6,P05,34,0,,0,Объект 6/P05;Объект 7/P05,
2026-04-03,ПС объект Омега,все,возврат,128,77.5,5,5,1,вывоз_датчиков_из_ОМ,2026-04-03,Объект 6,P05,34,0,,0,Объект 6/P05;Объект 7/P05,
2026-04-03,ПС объект Омега,все,всплеск Неиспр,128,77.5,5,5,1,вывоз_датчиков_из_ОМ,2026-04-03,Объект 6,P05,34,0,,0,Объект 6/P05;Объект 7/P05,
2026-04-03,объект Кси,все,тишина,31,90.5,0,0,3,вывоз_датчиков_из_ОМ,2026-04-03,Объект 6,P05,34,0,,0,Объект 6/P05;Объект 7/P05,
2026-04-04,объект Бета,все,тишина,8,97.5,0,0,2,вывоз_датчиков_из_ОМ,2026-04-03,Объект 6,P05,34,-1,,-1,Объект 6/P05;Объект 7/P05,
2026-04-04,объект Гамма,все,всплеск Неиспр,76,152.5,7,13,1,вывоз_датчиков_из_ОМ,2026-04-03,Объект 6,P05,34,-1,,-1,Объект 6/P05;Объект 7/P05,
2026-04-04,Комплекс объект Дельта,все,тишина,23,128.5,0,0,3,вывоз_датчиков_из_ОМ,2026-04-03,Объект 6,P05,34,-1,,-1,Объект 6/P05;Объект 7/P05,
2026-04-04,объект Эпсилон,все,всплеск Неиспр,73,190.5,28,28,1,вывоз_датчиков_из_ОМ,2026-04-03,Объект 6,P05,34,-1,,-1,Объект 6/P05;Объект 7/P05,
2026-04-04,объект Эпсилон,все,тишина,73,190.5,28,28,2,вывоз_датчиков_из_ОМ,2026-04-03,Объект 6,P05,34,-1,,-1,Объект 6/P05;Объект 7/P05,
2026-04-04,объект Омикрон,все,тишина,24,74.5,0,0,2,вывоз_датчиков_из_ОМ,2026-04-03,Объект 6,P05,34,-1,,-1,Объект 6/P05;Объект 7/P05,
2026-04-04,ПС объект Омега,все,тишина,23,77.5,0,0,2,вывоз_датчиков_из_ОМ,2026-04-03,Объект 6,P05,34,-1,,-1,Объект 6/P05;Объект 7/P05,
2026-04-05,Комплекс объект Дельта,все,всплеск Неиспр,28,128.5,7,18,1,вывоз_датчиков_из_ОМ,2026-04-03,Объект 6,P05,34,-2,,-2,Объект 6/P05;Объект 7/P05,
2026-04-05,объект Омикрон,все,всплеск Неиспр,32,74.5,10,10,1,вывоз_датчиков_из_ОМ,2026-04-03,Объект 6,P05,34,-2,,-2,Объект 6/P05;Объект 7/P05,
2026-04-05,объект Мю,все,всплеск Неиспр,1317,155.5,39,45,1,вывоз_датчиков_из_ОМ,2026-04-03,Объект 6,P05,34,-2,,-2,Объект 6/P05;Объект 7/P05,
2026-04-05,ПС объект Омега,все,всплеск Неиспр,32,77.5,7,7,1,вывоз_датчиков_из_ОМ,2026-04-03,Объект 6,P05,34,-2,,-2,Объект 6/P05;Объект 7/P05,
2026-04-06,объект Бета,все,возврат,149,97.5,0,0,1,сдача_работ_комиссии,2026-04-08,Объект 6,P05,34,2,,,Объект 6/P05;Объект 7/P05,
2026-04-06,объект Гамма,все,возврат,143,152.5,4,8,1,сдача_работ_комиссии,2026-04-08,Объект 6,P05,34,2,,,Объект 6/P05;Объект 7/P05,
2026-04-06,объект Эпсилон,все,возврат,231,190.5,2,2,1,сдача_работ_комиссии,2026-04-08,Объект 6,P05,34,2,,,Объект 6/P05;Объект 7/P05,
2026-04-06,объект Омикрон,все,возврат,72,74.5,0,0,1,сдача_работ_комиссии,2026-04-08,Объект 6,P05,34,2,,,Объект 6/P05;Объект 7/P05,
2026-04-06,объект Мю,все,всплеск Неиспр,569,155.5,11,23,1,сдача_работ_комиссии,2026-04-08,Объект 6,P05,34,2,,,Объект 6/P05;Объект 7/P05,
2026-04-06,ПС объект Омега,все,возврат,143,77.5,10,15,1,сдача_работ_комиссии,2026-04-08,Объект 6,P05,34,2,,,Объект 6/P05;Объект 7/P05,
2026-04-06,ПС объект Омега,все,всплеск Неиспр,143,77.5,10,15,1,сдача_работ_комиссии,2026-04-08,Объект 6,P05,34,2,,,Объект 6/P05;Объект 7/P05,
2026-04-06,объект Кси,все,возврат,148,90.5,0,0,1,сдача_работ_комиссии,2026-04-08,Объект 6,P05,34,2,,,Объект 6/P05;Объект 7/P05,
2026-04-07,объект Гамма,все,всплеск Неиспр,319,152.5,99,1952,1,сдача_работ_комиссии,2026-04-08,Объект 6,P05,34,1,2,,Объект 6/P05;Объект 7/P05;Объект 8/P06,
2026-04-07,Комплекс объект Дельта,все,возврат,195,128.5,14,23,1,сдача_работ_комиссии,2026-04-08,Объект 6,P05,34,1,2,,Объект 6/P05;Объект 7/P05;Объект 8/P06,
2026-04-07,Комплекс объект Дельта,все,всплеск Неиспр,195,128.5,14,23,1,сдача_работ_комиссии,2026-04-08,Объект 6,P05,34,1,2,,Объект 6/P05;Объект 7/P05;Объект 8/P06,
2026-04-07,объект Тау,все,всплеск Неиспр,125,89.5,10,12,1,сдача_работ_комиссии,2026-04-08,Объект 6,P05,34,1,2,,Объект 6/P05;Объект 7/P05;Объект 8/P06,
2026-04-07,объект Мю,все,всплеск Неиспр,1323,155.5,35,105,1,сдача_работ_комиссии,2026-04-08,Объект 6,P05,34,1,2,,Объект 6/P05;Объект 7/P05;Объект 8/P06,
2026-04-07,ПС объект Ро,все,всплеск Неиспр,117,65.0,8,8,1,сдача_работ_комиссии,2026-04-08,Объект 6,P05,34,1,2,,Объект 6/P05;Объект 7/P05;Объект 8/P06,
2026-04-07,ПС объект Омега,все,всплеск Неиспр,130,77.5,8,18,1,сдача_работ_комиссии,2026-04-08,Объект 6,P05,34,1,2,,Объект 6/P05;Объект 7/P05;Объект 8/P06,
2026-04-08,объект Гамма,все,всплеск Неиспр,190,152.5,87,475,1,сдача_работ_комиссии,2026-04-08,Объект 6,P05,34,0,1,,Объект 6/P05;Объект 7/P05;Объект 8/P06,
2026-04-08,объект Эпсилон,все,всплеск Неиспр,279,190.5,13,13,1,сдача_работ_комиссии,2026-04-08,Объект 6,P05,34,0,1,,Объект 6/P05;Объект 7/P05;Объект 8/P06,
2026-04-08,объект Омикрон,все,всплеск Неиспр,83,74.5,9,12,1,сдача_работ_комиссии,2026-04-08,Объект 6,P05,34,0,1,,Объект 6/P05;Объект 7/P05;Объект 8/P06,
2026-04-08,ПС объект Ро,все,всплеск Неиспр,173,65.0,8,86,1,сдача_работ_комиссии,2026-04-08,Объект 6,P05,34,0,1,,Объект 6/P05;Объект 7/P05;Объект 8/P06,
2026-04-08,ПС объект Омега,все,всплеск Неиспр,181,77.5,15,17,1,сдача_работ_комиссии,2026-04-08,Объект 6,P05,34,0,1,,Объект 6/P05;Объект 7/P05;Объект 8/P06,
2026-04-09,объект Гамма,все,всплеск Неиспр,154,152.5,9,4048,1,начало_демонтажа_датчиков,2026-04-09,Объект 8,P06,101,0,0,,Объект 6/P05;Объект 7/P05;Объект 8/P06,
2026-04-09,Комплекс объект Дельта,все,всплеск Неиспр,172,128.5,5,19,1,начало_демонтажа_датчиков,2026-04-09,Объект 8,P06,101,0,0,,Объект 6/P05;Объект 7/P05;Объект 8/P06,
2026-04-09,объект Эпсилон,все,всплеск Неиспр,189,190.5,6,13,1,начало_демонтажа_датчиков,2026-04-09,Объект 8,P06,101,0,0,,Объект 6/P05;Объект 7/P05;Объект 8/P06,
2026-04-09,объект Зита,все,всплеск Неиспр,188,83.0,6,11,1,начало_демонтажа_датчиков,2026-04-09,Объект 8,P06,101,0,0,,Объект 6/P05;Объект 7/P05;Объект 8/P06,
2026-04-09,объект Тау,все,тишина,41,89.5,3,3,6,начало_демонтажа_датчиков,2026-04-09,Объект 8,P06,101,0,0,,Объект 6/P05;Объект 7/P05;Объект 8/P06,
2026-04-09,объект Мю,все,всплеск Неиспр,147,155.5,16,18,1,начало_демонтажа_датчиков,2026-04-09,Объект 8,P06,101,0,0,,Объект 6/P05;Объект 7/P05;Объект 8/P06,
2026-04-09,ПС объект Омега,все,всплеск Неиспр,295,77.5,54,54,1,начало_демонтажа_датчиков,2026-04-09,Объект 8,P06,101,0,0,,Объект 6/P05;Объект 7/P05;Объект 8/P06,
2026-04-10,объект Гамма,все,всплеск Неиспр,157,152.5,30,235,1,предоставление_в_ОМ_на_ППР_и_поверку,2026-04-10,Объект 8,P06,101,0,-1,,Объект 6/P05;Объект 7/P05;Объект 8/P06,
2026-04-10,объект Вита,все,всплеск Неиспр,145,94.0,7,15,1,предоставление_в_ОМ_на_ППР_и_поверку,2026-04-10,Объект 8,P06,101,0,-1,,Объект 6/P05;Объект 7/P05;Объект 8/P06,
2026-04-10,объект Эпсилон,все,всплеск Неиспр,174,190.5,7,7,1,предоставление_в_ОМ_на_ППР_и_поверку,2026-04-10,Объект 8,P06,101,0,-1,,Объект 6/P05;Объект 7/P05;Объект 8/P06,
2026-04-10,объект Каппа,все,всплеск Неиспр,213,123.0,18,47,1,предоставление_в_ОМ_на_ППР_и_поверку,2026-04-10,Объект 8,P06,101,0,-1,,Объект 6/P05;Объект 7/P05;Объект 8/P06,
2026-04-10,объект Мю,все,всплеск Неиспр,159,155.5,22,22,1,предоставление_в_ОМ_на_ППР_и_поверку,2026-04-10,Объект 8,P06,101,0,-1,,Объект 6/P05;Объект 7/P05;Объект 8/P06,
2026-04-11,объект Бета,все,тишина,9,97.5,0,0,2,предоставление_в_ОМ_на_ППР_и_поверку,2026-04-10,Объект 8,P06,101,-1,-2,,Объект 8/P06,
2026-04-11,объект Гамма,все,тишина,9,152.5,3,3,2,предоставление_в_ОМ_на_ППР_и_поверку,2026-04-10,Объект 8,P06,101,-1,-2,,Объект 8/P06,
2026-04-11,Комплекс объект Дельта,все,тишина,20,128.5,0,0,2,предоставление_в_ОМ_на_ППР_и_поверку,2026-04-10,Объект 8,P06,101,-1,-2,,Объект 8/P06,
2026-04-11,объект Вита,все,тишина,8,94.0,0,0,2,предоставление_в_ОМ_на_ППР_и_поверку,2026-04-10,Объект 8,P06,101,-1,-2,,Объект 8/P06,
2026-04-11,объект Эпсилон,все,тишина,44,190.5,2,2,2,предоставление_в_ОМ_на_ППР_и_поверку,2026-04-10,Объект 8,P06,101,-1,-2,,Объект 8/P06,
2026-04-11,объект Каппа,все,тишина,35,123.0,0,0,2,предоставление_в_ОМ_на_ППР_и_поверку,2026-04-10,Объект 8,P06,101,-1,-2,,Объект 8/P06,
2026-04-11,объект Омикрон,все,тишина,25,74.5,0,0,2,предоставление_в_ОМ_на_ППР_и_поверку,2026-04-10,Объект 8,P06,101,-1,-2,,Объект 8/P06,
2026-04-11,ПС объект Омега,все,тишина,20,77.5,0,0,2,предоставление_в_ОМ_на_ППР_и_поверку,2026-04-10,Объект 8,P06,101,-1,-2,,Объект 8/P06,
2026-04-11,объект Кси,все,тишина,7,90.5,0,0,2,предоставление_в_ОМ_на_ППР_и_поверку,2026-04-10,Объект 8,P06,101,-1,-2,,Объект 8/P06,
2026-04-12,объект Мю,все,всплеск Неиспр,150,155.5,17,19,1,предоставление_в_ОМ_на_ППР_и_поверку,2026-04-10,Объект 8,P06,101,-2,,,Объект 8/P06,
2026-04-13,объект Бета,все,возврат,133,97.5,0,0,1,,,,,,,,,Объект 8/P06,
2026-04-13,объект Гамма,все,возврат,162,152.5,24,50,1,,,,,,,,,Объект 8/P06,
2026-04-13,объект Гамма,все,всплеск Неиспр,162,152.5,24,50,1,,,,,,,,,Объект 8/P06,
2026-04-13,Комплекс объект Дельта,все,возврат,186,128.5,20,40,1,,,,,,,,,Объект 8/P06,
2026-04-13,Комплекс объект Дельта,все,всплеск Неиспр,186,128.5,20,40,1,,,,,,,,,Объект 8/P06,
2026-04-13,объект Вита,все,возврат,123,94.0,0,0,1,,,,,,,,,Объект 8/P06,
2026-04-13,объект Эпсилон,все,возврат,172,190.5,6,7,1,,,,,,,,,Объект 8/P06,
2026-04-13,объект Эпсилон,все,всплеск Неиспр,172,190.5,6,7,1,,,,,,,,,Объект 8/P06,
2026-04-13,объект Каппа,все,возврат,134,123.0,0,0,1,,,,,,,,,Объект 8/P06,
2026-04-13,объект Омикрон,все,возврат,85,74.5,2,2,1,,,,,,,,,Объект 8/P06,
2026-04-13,ПС объект Омега,все,возврат,539,77.5,56,363,1,,,,,,,,,Объект 8/P06,
2026-04-13,ПС объект Омега,все,всплеск Неиспр,539,77.5,56,363,1,,,,,,,,,Объект 8/P06,
2026-04-13,объект Кси,все,возврат,143,90.5,1,1,1,,,,,,,,,Объект 8/P06,
2026-04-14,объект Гамма,все,всплеск Неиспр,889,152.5,170,5333,1,,,,,,,,,Объект 8/P06,
2026-04-14,объект Эпсилон,все,всплеск Неиспр,294,190.5,15,42,1,,,,,,,,,Объект 8/P06,
2026-04-14,объект Мю,все,всплеск Неиспр,202,155.5,5,6,1,,,,,,,,,Объект 8/P06,
2026-04-14,ПС объект Омега,все,всплеск Неиспр,181,77.5,30,61,1,,,,,,,,,Объект 8/P06,
2026-04-15,объект Эпсилон,все,всплеск Неиспр,256,190.5,10,10,1,вывоз_датчиков_из_ОМ,2026-04-17,Объект 8,P06,101,2,,2,Объект 8/P06,
2026-04-15,объект Тау,все,возврат,200,89.5,0,0,1,вывоз_датчиков_из_ОМ,2026-04-17,Объект 8,P06,101,2,,2,Объект 8/P06,
2026-04-15,объект Мю,все,всплеск Неиспр,152,155.5,12,15,1,вывоз_датчиков_из_ОМ,2026-04-17,Объект 8,P06,101,2,,2,Объект 8/P06,
2026-04-16,объект Эпсилон,все,всплеск Неиспр,231,190.5,7,30,1,вывоз_датчиков_из_ОМ,2026-04-17,Объект 8,P06,101,1,,1,Объект 8/P06,
2026-04-16,объект Кси,все,всплеск Неиспр,890,90.5,15,19,1,вывоз_датчиков_из_ОМ,2026-04-17,Объект 8,P06,101,1,,1,Объект 8/P06,
2026-04-17,объект Гамма,все,всплеск Неиспр,832,152.5,19,2564,1,вывоз_датчиков_из_ОМ,2026-04-17,Объект 8,P06,101,0,,0,Объект 8/P06,
2026-04-17,ПС объект Омега,все,всплеск Неиспр,135,77.5,6,68,1,вывоз_датчиков_из_ОМ,2026-04-17,Объект 8,P06,101,0,,0,Объект 8/P06,
2026-04-18,объект Гамма,все,всплеск Неиспр,53,152.5,18,7824,1,вывоз_датчиков_из_ОМ,2026-04-17,Объект 8,P06,101,-1,,-1,Объект 8/P06,
2026-04-18,объект Вита,все,тишина,21,94.0,3,3,2,вывоз_датчиков_из_ОМ,2026-04-17,Объект 8,P06,101,-1,,-1,Объект 8/P06,
2026-04-18,объект Эпсилон,все,тишина,44,190.5,0,0,2,вывоз_датчиков_из_ОМ,2026-04-17,Объект 8,P06,101,-1,,-1,Объект 8/P06,
2026-04-18,объект Каппа,все,тишина,35,123.0,0,0,2,вывоз_датчиков_из_ОМ,2026-04-17,Объект 8,P06,101,-1,,-1,Объект 8/P06,
2026-04-18,объект Омикрон,все,тишина,31,74.5,0,0,2,вывоз_датчиков_из_ОМ,2026-04-17,Объект 8,P06,101,-1,,-1,Объект 8/P06,
2026-04-18,ПС объект Омега,все,тишина,19,77.5,0,0,2,вывоз_датчиков_из_ОМ,2026-04-17,Объект 8,P06,101,-1,,-1,Объект 8/P06,
2026-04-18,объект Кси,все,всплеск Неиспр,144,90.5,13,13,1,вывоз_датчиков_из_ОМ,2026-04-17,Объект 8,P06,101,-1,,-1,Объект 8/P06,
2026-04-19,объект Гамма,все,всплеск Неиспр,192,152.5,111,6158,1,вывоз_датчиков_из_ОМ,2026-04-17,Объект 8,P06,101,-2,,-2,Объект 8/P06,
2026-04-20,объект Альфа,все,всплеск Неиспр,177,142.5,18,26,1,сдача_работ_комиссии,2026-04-22,Объект 8,P06,101,2,,,Объект 8/P06,
2026-04-20,объект Гамма,все,всплеск Неиспр,751,152.5,160,695,1,сдача_работ_комиссии,2026-04-22,Объект 8,P06,101,2,,,Объект 8/P06,
2026-04-20,объект Вита,все,возврат,143,94.0,0,0,1,сдача_работ_комиссии,2026-04-22,Объект 8,P06,101,2,,,Объект 8/P06,
2026-04-20,объект Эпсилон,все,возврат,208,190.5,7,7,1,сдача_работ_комиссии,2026-04-22,Объект 8,P06,101,2,,,Объект 8/P06,
2026-04-20,объект Эпсилон,все,всплеск Неиспр,208,190.5,7,7,1,сдача_работ_комиссии,2026-04-22,Объект 8,P06,101,2,,,Объект 8/P06,
2026-04-20,объект Каппа,все,возврат,116,123.0,0,0,1,сдача_работ_комиссии,2026-04-22,Объект 8,P06,101,2,,,Объект 8/P06,
2026-04-20,объект Омикрон,все,возврат,131,74.5,5,5,1,сдача_работ_комиссии,2026-04-22,Объект 8,P06,101,2,,,Объект 8/P06,
2026-04-20,объект Омикрон,все,всплеск Неиспр,131,74.5,5,5,1,сдача_работ_комиссии,2026-04-22,Объект 8,P06,101,2,,,Объект 8/P06,
2026-04-20,ПС объект Омега,все,возврат,205,77.5,30,381,1,сдача_работ_комиссии,2026-04-22,Объект 8,P06,101,2,,,Объект 8/P06,
2026-04-20,ПС объект Омега,все,всплеск Неиспр,205,77.5,30,381,1,сдача_работ_комиссии,2026-04-22,Объект 8,P06,101,2,,,Объект 8/P06,
2026-04-21,объект Альфа,все,всплеск Неиспр,310,142.5,11,42,1,сдача_работ_комиссии,2026-04-22,Объект 8,P06,101,1,2,,Объект 8/P06;Объект 9/P07,
2026-04-21,объект Гамма,все,всплеск Неиспр,945,152.5,56,207,1,сдача_работ_комиссии,2026-04-22,Объект 8,P06,101,1,2,,Объект 8/P06;Объект 9/P07,
2026-04-21,объект Эпсилон,все,всплеск Неиспр,184,190.5,20,27,1,сдача_работ_комиссии,2026-04-22,Объект 8,P06,101,1,2,,Объект 8/P06;Объект 9/P07,
2026-04-21,объект Зита,все,всплеск Неиспр,201,83.0,16,236,1,сдача_работ_комиссии,2026-04-22,Объект 8,P06,101,1,2,,Объект 8/P06;Объект 9/P07,
2026-04-21,объект Йота,все,всплеск Неиспр,70,61.0,8,20,1,сдача_работ_комиссии,2026-04-22,Объект 8,P06,101,1,2,,Объект 8/P06;Объект 9/P07,
2026-04-22,объект Гамма,все,всплеск Неиспр,962,152.5,60,622,1,сдача_работ_комиссии,2026-04-22,Объект 8,P06,101,0,1,,Объект 8/P06;Объект 9/P07,
2026-04-22,Комплекс объект Дельта,все,всплеск Неиспр,135,128.5,8,16,1,сдача_работ_комиссии,2026-04-22,Объект 8,P06,101,0,1,,Объект 8/P06;Объект 9/P07,
2026-04-22,объект Эпсилон,все,всплеск Неиспр,213,190.5,17,37,1,сдача_работ_комиссии,2026-04-22,Объект 8,P06,101,0,1,,Объект 8/P06;Объект 9/P07,
2026-04-22,объект Тау,все,всплеск Неиспр,120,89.5,6,6,1,сдача_работ_комиссии,2026-04-22,Объект 8,P06,101,0,1,,Объект 8/P06;Объект 9/P07,
2026-04-22,объект Омикрон,все,всплеск Неиспр,229,74.5,12,12,1,сдача_работ_комиссии,2026-04-22,Объект 8,P06,101,0,1,,Объект 8/P06;Объект 9/P07,
2026-04-22,объект Мю,все,всплеск Неиспр,147,155.5,10,23,1,сдача_работ_комиссии,2026-04-22,Объект 8,P06,101,0,1,,Объект 8/P06;Объект 9/P07,
2026-04-22,ПС объект Омега,все,всплеск Неиспр,228,77.5,24,425,1,сдача_работ_комиссии,2026-04-22,Объект 8,P06,101,0,1,,Объект 8/P06;Объект 9/P07,
2026-04-23,объект Гамма,все,всплеск Неиспр,668,152.5,36,150,1,начало_демонтажа_датчиков,2026-04-23,Объект 9,P07,40,0,0,,Объект 8/P06;Объект 9/P07,
2026-04-23,Комплекс объект Дельта,все,всплеск Неиспр,129,128.5,8,18,1,начало_демонтажа_датчиков,2026-04-23,Объект 9,P07,40,0,0,,Объект 8/P06;Объект 9/P07,
2026-04-23,объект Эпсилон,все,всплеск Неиспр,229,190.5,23,24,1,начало_демонтажа_датчиков,2026-04-23,Объект 9,P07,40,0,0,,Объект 8/P06;Объект 9/P07,
2026-04-23,объект Тау,все,всплеск Неиспр,215,89.5,6,12,1,начало_демонтажа_датчиков,2026-04-23,Объект 9,P07,40,0,0,,Объект 8/P06;Объект 9/P07,
2026-04-23,объект Мю,все,всплеск Неиспр,255,155.5,73,74,1,начало_демонтажа_датчиков,2026-04-23,Объект 9,P07,40,0,0,,Объект 8/P06;Объект 9/P07,
2026-04-23,объект Мю,газ,всплеск Неиспр,39,26.0,39,39,1,начало_демонтажа_датчиков,2026-04-23,Объект 9,P07,40,0,0,,Объект 8/P06;Объект 9/P07,
2026-04-24,объект Альфа,все,всплеск Неиспр,155,142.5,8,10,1,предоставление_в_ОМ_на_ППР_и_поверку,2026-04-24,Объект 9,P07,40,0,-1,,Объект 8/P06;Объект 9/P07,
2026-04-24,объект Гамма,все,всплеск Неиспр,948,152.5,73,339,1,предоставление_в_ОМ_на_ППР_и_поверку,2026-04-24,Объект 9,P07,40,0,-1,,Объект 8/P06;Объект 9/P07,
2026-04-24,Комплекс объект Дельта,все,всплеск Неиспр,139,128.5,7,28,1,предоставление_в_ОМ_на_ППР_и_поверку,2026-04-24,Объект 9,P07,40,0,-1,,Объект 8/P06;Объект 9/P07,
2026-04-24,объект Эпсилон,все,всплеск Неиспр,177,190.5,43,47,1,предоставление_в_ОМ_на_ППР_и_поверку,2026-04-24,Объект 9,P07,40,0,-1,,Объект 8/P06;Объект 9/P07,
2026-04-24,объект Мю,газ,тишина,1,26.0,1,3,6,предоставление_в_ОМ_на_ППР_и_поверку,2026-04-24,Объект 9,P07,40,0,-1,,Объект 8/P06;Объект 9/P07,
2026-04-24,ПС объект Омега,все,всплеск Неиспр,133,77.5,11,11,1,предоставление_в_ОМ_на_ППР_и_поверку,2026-04-24,Объект 9,P07,40,0,-1,,Объект 8/P06;Объект 9/P07,
2026-04-25,объект Бета,все,тишина,12,97.5,0,0,2,предоставление_в_ОМ_на_ППР_и_поверку,2026-04-24,Объект 9,P07,40,-1,-2,,Объект 9/P07,
2026-04-25,объект Гамма,все,тишина,53,152.5,0,0,2,предоставление_в_ОМ_на_ППР_и_поверку,2026-04-24,Объект 9,P07,40,-1,-2,,Объект 9/P07,
2026-04-25,Комплекс объект Дельта,все,всплеск Неиспр,127,128.5,25,57,1,предоставление_в_ОМ_на_ППР_и_поверку,2026-04-24,Объект 9,P07,40,-1,-2,,Объект 9/P07,
2026-04-25,объект Каппа,все,тишина,58,123.0,0,0,2,предоставление_в_ОМ_на_ППР_и_поверку,2026-04-24,Объект 9,P07,40,-1,-2,,Объект 9/P07,
2026-04-25,объект Тау,все,всплеск Неиспр,105,89.5,9,9,1,предоставление_в_ОМ_на_ППР_и_поверку,2026-04-24,Объект 9,P07,40,-1,-2,,Объект 9/P07,
2026-04-25,объект Омикрон,все,тишина,21,74.5,0,0,2,предоставление_в_ОМ_на_ППР_и_поверку,2026-04-24,Объект 9,P07,40,-1,-2,,Объект 9/P07,
2026-04-25,объект Мю,все,всплеск Неиспр,50,155.5,10,10,1,предоставление_в_ОМ_на_ППР_и_поверку,2026-04-24,Объект 9,P07,40,-1,-2,,Объект 9/P07,
2026-04-25,объект Мю,все,тишина,50,155.5,10,10,2,предоставление_в_ОМ_на_ППР_и_поверку,2026-04-24,Объект 9,P07,40,-1,-2,,Объект 9/P07,
2026-04-25,объект Сигма,все,тишина,2,7.5,0,0,2,предоставление_в_ОМ_на_ППР_и_поверку,2026-04-24,Объект 9,P07,40,-1,-2,,Объект 9/P07,
2026-04-25,ПС объект Омега,все,тишина,20,77.5,0,0,3,предоставление_в_ОМ_на_ППР_и_поверку,2026-04-24,Объект 9,P07,40,-1,-2,,Объект 9/P07,
2026-04-26,Комплекс объект Дельта,все,всплеск Неиспр,118,128.5,8,16,1,предоставление_в_ОМ_на_ППР_и_поверку,2026-04-24,Объект 9,P07,40,-2,,,Объект 9/P07,
2026-04-26,объект Эпсилон,все,всплеск Неиспр,327,190.5,39,68,1,предоставление_в_ОМ_на_ППР_и_поверку,2026-04-24,Объект 9,P07,40,-2,,,Объект 9/P07,
2026-04-26,объект Каппа,все,всплеск Неиспр,54,123.0,10,20,1,предоставление_в_ОМ_на_ППР_и_поверку,2026-04-24,Объект 9,P07,40,-2,,,Объект 9/P07,
2026-04-26,объект Тау,все,всплеск Неиспр,59,89.5,10,10,1,предоставление_в_ОМ_на_ППР_и_поверку,2026-04-24,Объект 9,P07,40,-2,,,Объект 9/P07,
2026-04-26,объект Кси,все,всплеск Неиспр,49,90.5,12,12,1,предоставление_в_ОМ_на_ППР_и_поверку,2026-04-24,Объект 9,P07,40,-2,,,Объект 9/P07,
2026-04-27,объект Бета,все,возврат,145,97.5,0,0,1,,,,,,,,,Объект 9/P07,
2026-04-27,объект Гамма,все,возврат,1002,152.5,68,250,1,,,,,,,,,Объект 9/P07,
2026-04-27,объект Гамма,все,всплеск Неиспр,1002,152.5,68,250,1,,,,,,,,,Объект 9/P07,
2026-04-27,объект Зита,все,всплеск Неиспр,72,83.0,12,24,1,,,,,,,,,Объект 9/P07,
2026-04-27,объект Каппа,все,возврат,129,123.0,0,0,1,,,,,,,,,Объект 9/P07,
2026-04-27,объект Омикрон,все,возврат,106,74.5,0,0,1,,,,,,,,,Объект 9/P07,
2026-04-27,объект Мю,все,возврат,158,155.5,34,143,1,,,,,,,,,Объект 9/P07,
2026-04-27,объект Мю,все,всплеск Неиспр,158,155.5,34,143,1,,,,,,,,,Объект 9/P07,
2026-04-27,объект Сигма,все,возврат,7,7.5,0,0,1,,,,,,,,,Объект 9/P07,
2026-04-27,объект Кси,все,всплеск Неиспр,112,90.5,8,15,1,,,,,,,,,Объект 9/P07,
2026-04-28,объект Альфа,все,всплеск Неиспр,121,142.5,11,11,1,,,,,,,,,Объект 9/P07,
2026-04-28,объект Гамма,все,всплеск Неиспр,484,152.5,15,40,1,,,,,,,,,Объект 9/P07,
2026-04-28,объект Мю,все,всплеск Неиспр,216,155.5,34,38,1,,,,,,,,,Объект 9/P07,
2026-04-28,ПС объект Омега,все,возврат,146,77.5,20,40,1,,,,,,,,,Объект 9/P07,
2026-04-28,ПС объект Омега,все,всплеск Неиспр,146,77.5,20,40,1,,,,,,,,,Объект 9/P07,
2026-04-29,объект Гамма,все,всплеск Неиспр,135,152.5,6,6,1,,,,,,,,,Объект 9/P07,
2026-04-29,объект Мю,все,всплеск Неиспр,167,155.5,38,116,1,,,,,,,,,Объект 9/P07,
2026-04-30,объект Бета,все,тишина,13,97.5,0,0,3,,,,,,,,,Объект 9/P07,
2026-04-30,объект Эпсилон,все,тишина,66,190.5,0,0,2,,,,,,,,,Объект 9/P07,
2026-04-30,объект Тау,все,всплеск Неиспр,125,89.5,12,12,1,,,,,,,,,Объект 9/P07,
2026-04-30,объект Мю,все,всплеск Неиспр,230,155.5,5,5,1,,,,,,,,,Объект 9/P07,
2026-04-30,объект Мю,газ,возврат,38,26.0,4,4,1,,,,,,,,,Объект 9/P07,
2026-04-30,объект Кси,все,всплеск Неиспр,162,90.5,9,10,1,,,,,,,,,Объект 9/P07,
2026-05-01,объект Бета,газ,тишина,0,4,0,0,2,,,,,,,,,Объект 9/P07,
2026-05-01,объект Гамма,все,тишина,9,82,1,1,3,,,,,,,,,Объект 9/P07,
2026-05-01,Комплекс объект Дельта,все,всплеск Неиспр,49,115,20,56,1,,,,,,,,,Объект 9/P07,
2026-05-01,объект Йота,все,тишина,7,62,0,0,3,,,,,,,,,Объект 9/P07,
2026-05-01,объект Тау,все,всплеск Неиспр,101,128,9,9,1,,,,,,,,,Объект 9/P07,
2026-05-01,объект Мю,все,всплеск Неиспр,122,154,34,136,1,,,,,,,,,Объект 9/P07,
2026-05-01,ПС объект Омега,все,всплеск Неиспр,31,30,9,9,1,,,,,,,,,Объект 9/P07,
2026-05-02,Комплекс объект Дельта,все,всплеск Неиспр,85,115,28,40,1,,,,,,,,,Объект 9/P07,
2026-05-02,объект Вита,все,всплеск Неиспр,301,89,22,88,1,,,,,,,,,Объект 9/P07,
2026-05-02,объект Каппа,все,всплеск Неиспр,67,111,10,20,1,,,,,,,,,Объект 9/P07,
2026-05-02,объект Тау,все,всплеск Неиспр,157,128,9,9,1,,,,,,,,,Объект 9/P07,
2026-05-02,объект Омикрон,все,всплеск Неиспр,68,89,12,23,1,,,,,,,,,Объект 9/P07,
2026-05-02,объект Мю,все,всплеск Неиспр,188,154,34,310,1,,,,,,,,,Объект 9/P07,
2026-05-02,ПС объект Омега,все,всплеск Неиспр,30,30,9,9,1,,,,,,,,,Объект 9/P07,
2026-05-02,объект Кси,все,всплеск Неиспр,53,102,13,13,1,,,,,,,,,Объект 9/P07,
2026-05-03,объект Бета,все,возврат,399,118,0,0,1,,,,,,,,,Объект 9/P07,
2026-05-03,объект Бета,газ,возврат,4,4,0,0,1,,,,,,,,,Объект 9/P07,
2026-05-04,объект Гамма,все,возврат,143,82,1,1,1,,,,,,,,,Объект 9/P07,
2026-05-04,объект Вита,все,всплеск Неиспр,116,89,5,5,1,,,,,,,,,Объект 9/P07,
2026-05-04,объект Эпсилон,все,возврат,248,111,0,0,1,,,,,,,,,Объект 9/P07,
2026-05-04,объект Йота,все,возврат,62,62,0,0,1,,,,,,,,,Объект 9/P07,
2026-05-04,объект Кси,все,всплеск Неиспр,170,102,12,34,1,,,,,,,,,Объект 9/P07,
2026-05-05,Комплекс объект Дельта,все,всплеск Неиспр,114,115,8,16,1,вывоз_датчиков_из_ОМ,2026-05-07,Объект 9,P07,40,2,,2,Объект 9/P07,
2026-05-05,объект Мю,все,всплеск Неиспр,234,154,10,20,1,вывоз_датчиков_из_ОМ,2026-05-07,Объект 9,P07,40,2,,2,Объект 9/P07,
2026-05-06,объект Альфа,все,всплеск Неиспр,142,139,8,17,1,вывоз_датчиков_из_ОМ,2026-05-07,Объект 9,P07,40,1,,1,Объект 9/P07,
2026-05-06,объект Гамма,все,всплеск Неиспр,108,82,9,10,1,вывоз_датчиков_из_ОМ,2026-05-07,Объект 9,P07,40,1,,1,Объект 9/P07,
2026-05-06,объект Мю,все,всплеск Неиспр,233,154,44,167,1,вывоз_датчиков_из_ОМ,2026-05-07,Объект 9,P07,40,1,,1,Объект 9/P07,
2026-05-07,Комплекс объект Дельта,все,всплеск Неиспр,126,115,12,24,1,вывоз_датчиков_из_ОМ,2026-05-07,Объект 9,P07,40,0,,0,Объект 9/P07,
2026-05-07,объект Вита,все,всплеск Неиспр,89,89,12,23,1,вывоз_датчиков_из_ОМ,2026-05-07,Объект 9,P07,40,0,,0,Объект 9/P07,
2026-05-07,объект Мю,все,всплеск Неиспр,255,154,18,133,1,вывоз_датчиков_из_ОМ,2026-05-07,Объект 9,P07,40,0,,0,Объект 9/P07,
2026-05-07,ПС объект Ро,все,всплеск Неиспр,326,75,10,14,1,вывоз_датчиков_из_ОМ,2026-05-07,Объект 9,P07,40,0,,0,Объект 9/P07,
2026-05-08,объект Вита,все,тишина,34,89,0,0,3,вывоз_датчиков_из_ОМ,2026-05-07,Объект 9,P07,40,-1,,-1,Объект 9/P07,
2026-05-08,объект Каппа,все,всплеск Неиспр,148,111,20,210,1,вывоз_датчиков_из_ОМ,2026-05-07,Объект 9,P07,40,-1,,-1,Объект 9/P07,
2026-05-08,объект Мю,все,всплеск Неиспр,154,154,10,10,1,вывоз_датчиков_из_ОМ,2026-05-07,Объект 9,P07,40,-1,,-1,Объект 9/P07,
2026-05-09,объект Гамма,все,тишина,23,82,3,3,3,вывоз_датчиков_из_ОМ,2026-05-07,Объект 9,P07,40,-2,,-2,Объект 9/P07,
2026-05-09,Комплекс объект Дельта,все,тишина,19,115,1,1,2,вывоз_датчиков_из_ОМ,2026-05-07,Объект 9,P07,40,-2,,-2,Объект 9/P07,
2026-05-09,объект Эпсилон,все,тишина,50,111,0,0,3,вывоз_датчиков_из_ОМ,2026-05-07,Объект 9,P07,40,-2,,-2,Объект 9/P07,
2026-05-09,объект Каппа,все,тишина,49,111,3,8,2,вывоз_датчиков_из_ОМ,2026-05-07,Объект 9,P07,40,-2,,-2,Объект 9/P07,
2026-05-09,объект Йота,все,тишина,10,62,0,0,3,вывоз_датчиков_из_ОМ,2026-05-07,Объект 9,P07,40,-2,,-2,Объект 9/P07,
2026-05-09,объект Тау,все,тишина,23,128,0,0,3,вывоз_датчиков_из_ОМ,2026-05-07,Объект 9,P07,40,-2,,-2,Объект 9/P07,
2026-05-09,объект Омикрон,все,тишина,30,89,0,0,2,вывоз_датчиков_из_ОМ,2026-05-07,Объект 9,P07,40,-2,,-2,Объект 9/P07,
2026-05-09,объект Мю,все,всплеск Неиспр,170,154,34,171,1,вывоз_датчиков_из_ОМ,2026-05-07,Объект 9,P07,40,-2,,-2,Объект 9/P07,
2026-05-10,объект Зита,все,всплеск Неиспр,54,81,12,20,1,,,,,,,,,Объект 9/P07,
2026-05-10,объект Мю,все,всплеск Неиспр,136,154,31,34,1,,,,,,,,,Объект 9/P07,
2026-05-10,объект Кси,все,всплеск Неиспр,68,102,22,44,1,,,,,,,,,Объект 9/P07,
2026-05-11,Комплекс объект Дельта,все,всплеск Неиспр,94,115,15,23,1,,,,,,,,,Объект 9/P07,
2026-05-11,объект Каппа,все,всплеск Неиспр,68,111,30,64,1,,,,,,,,,Объект 9/P07,
2026-05-11,объект Омикрон,все,возврат,122,89,0,0,1,,,,,,,,,Объект 9/P07,
2026-05-12,объект Гамма,все,возврат,94,82,2,5,1,сдача_работ_комиссии,2026-05-14,Объект 9,P07,40,2,,,Объект 9/P07,
2026-05-12,Комплекс объект Дельта,все,возврат,184,115,0,0,1,сдача_работ_комиссии,2026-05-14,Объект 9,P07,40,2,,,Объект 9/P07,
2026-05-12,объект Эпсилон,все,возврат,138,111,0,0,1,сдача_работ_комиссии,2026-05-14,Объект 9,P07,40,2,,,Объект 9/P07,
2026-05-12,объект Зита,все,всплеск Неиспр,105,81,13,26,1,сдача_работ_комиссии,2026-05-14,Объект 9,P07,40,2,,,Объект 9/P07,
2026-05-12,объект Каппа,все,возврат,137,111,2,5,1,сдача_работ_комиссии,2026-05-14,Объект 9,P07,40,2,,,Объект 9/P07,
2026-05-12,объект Тау,все,возврат,136,128,0,0,1,сдача_работ_комиссии,2026-05-14,Объект 9,P07,40,2,,,Объект 9/P07,
2026-05-12,объект Мю,все,всплеск Неиспр,185,154,11,22,1,сдача_работ_комиссии,2026-05-14,Объект 9,P07,40,2,,,Объект 9/P07,
2026-05-13,объект Гамма,все,всплеск Неиспр,97,82,5,85,1,сдача_работ_комиссии,2026-05-14,Объект 9,P07,40,1,2,,Объект 10/P08;Объект 11/P08;Объект 12/P08;Объект 13/P08;Объект 9/P07,
2026-05-13,Комплекс объект Дельта,все,всплеск Неиспр,97,115,16,25,1,сдача_работ_комиссии,2026-05-14,Объект 9,P07,40,1,2,,Объект 10/P08;Объект 11/P08;Объект 12/P08;Объект 13/P08;Объект 9/P07,
2026-05-13,объект Эпсилон,все,всплеск Неиспр,140,111,13,13,1,сдача_работ_комиссии,2026-05-14,Объект 9,P07,40,1,2,,Объект 10/P08;Объект 11/P08;Объект 12/P08;Объект 13/P08;Объект 9/P07,
2026-05-13,объект Зита,все,всплеск Неиспр,157,81,9,9,1,сдача_работ_комиссии,2026-05-14,Объект 9,P07,40,1,2,,Объект 10/P08;Объект 11/P08;Объект 12/P08;Объект 13/P08;Объект 9/P07,
2026-05-13,объект Каппа,все,всплеск Неиспр,195,111,18,38,1,сдача_работ_комиссии,2026-05-14,Объект 9,P07,40,1,2,,Объект 10/P08;Объект 11/P08;Объект 12/P08;Объект 13/P08;Объект 9/P07,
2026-05-13,объект Йота,все,возврат,62,62,0,0,1,сдача_работ_комиссии,2026-05-14,Объект 9,P07,40,1,2,,Объект 10/P08;Объект 11/P08;Объект 12/P08;Объект 13/P08;Объект 9/P07,
2026-05-13,объект Омикрон,все,всплеск Неиспр,102,89,10,10,1,сдача_работ_комиссии,2026-05-14,Объект 9,P07,40,1,2,,Объект 10/P08;Объект 11/P08;Объект 12/P08;Объект 13/P08;Объект 9/P07,
2026-05-14,объект Вита,все,возврат,158,89,12,50,1,сдача_работ_комиссии,2026-05-14,Объект 9,P07,40,0,1,,Объект 10/P08;Объект 11/P08;Объект 12/P08;Объект 13/P08;Объект 9/P07,
2026-05-14,объект Вита,все,всплеск Неиспр,158,89,12,50,1,сдача_работ_комиссии,2026-05-14,Объект 9,P07,40,0,1,,Объект 10/P08;Объект 11/P08;Объект 12/P08;Объект 13/P08;Объект 9/P07,
2026-05-14,объект Мю,все,всплеск Неиспр,174,154,34,34,1,сдача_работ_комиссии,2026-05-14,Объект 9,P07,40,0,1,,Объект 10/P08;Объект 11/P08;Объект 12/P08;Объект 13/P08;Объект 9/P07,
2026-05-15,объект Гамма,все,всплеск Неиспр,117,82,9,13,1,начало_демонтажа_датчиков,2026-05-15,Объект 10,P08,6,0,0,,Объект 10/P08;Объект 11/P08;Объект 12/P08;Объект 13/P08;Объект 9/P07,
2026-05-15,Комплекс объект Дельта,все,всплеск Неиспр,105,115,5,20,1,начало_демонтажа_датчиков,2026-05-15,Объект 10,P08,6,0,0,,Объект 10/P08;Объект 11/P08;Объект 12/P08;Объект 13/P08;Объект 9/P07,
2026-05-15,объект Каппа,все,всплеск Неиспр,150,111,5,7,1,начало_демонтажа_датчиков,2026-05-15,Объект 10,P08,6,0,0,,Объект 10/P08;Объект 11/P08;Объект 12/P08;Объект 13/P08;Объект 9/P07,
2026-05-15,объект Омикрон,все,всплеск Неиспр,117,89,12,46,1,начало_демонтажа_датчиков,2026-05-15,Объект 10,P08,6,0,0,,Объект 10/P08;Объект 11/P08;Объект 12/P08;Объект 13/P08;Объект 9/P07,
2026-05-15,объект Мю,все,всплеск Неиспр,157,154,10,20,1,начало_демонтажа_датчиков,2026-05-15,Объект 10,P08,6,0,0,,Объект 10/P08;Объект 11/P08;Объект 12/P08;Объект 13/P08;Объект 9/P07,
2026-05-16,объект Альфа,все,тишина,68,139,0,0,2,начало_демонтажа_датчиков,2026-05-15,Объект 10,P08,6,-1,-1,,Объект 10/P08;Объект 11/P08;Объект 12/P08;Объект 13/P08;Объект 9/P07,
2026-05-16,объект Гамма,все,тишина,4,82,1,1,2,начало_демонтажа_датчиков,2026-05-15,Объект 10,P08,6,-1,-1,,Объект 10/P08;Объект 11/P08;Объект 12/P08;Объект 13/P08;Объект 9/P07,
2026-05-16,Комплекс объект Дельта,все,всплеск Неиспр,41,115,9,14,1,начало_демонтажа_датчиков,2026-05-15,Объект 10,P08,6,-1,-1,,Объект 10/P08;Объект 11/P08;Объект 12/P08;Объект 13/P08;Объект 9/P07,
2026-05-16,Комплекс объект Дельта,все,тишина,41,115,9,14,2,начало_демонтажа_датчиков,2026-05-15,Объект 10,P08,6,-1,-1,,Объект 10/P08;Объект 11/P08;Объект 12/P08;Объект 13/P08;Объект 9/P07,
2026-05-16,объект Вита,все,всплеск Неиспр,85,89,14,23,1,начало_демонтажа_датчиков,2026-05-15,Объект 10,P08,6,-1,-1,,Объект 10/P08;Объект 11/P08;Объект 12/P08;Объект 13/P08;Объект 9/P07,
2026-05-16,объект Каппа,все,всплеск Неиспр,84,111,30,69,1,начало_демонтажа_датчиков,2026-05-15,Объект 10,P08,6,-1,-1,,Объект 10/P08;Объект 11/P08;Объект 12/P08;Объект 13/P08;Объект 9/P07,
2026-05-16,объект Тау,все,всплеск Неиспр,28,128,6,6,1,начало_демонтажа_датчиков,2026-05-15,Объект 10,P08,6,-1,-1,,Объект 10/P08;Объект 11/P08;Объект 12/P08;Объект 13/P08;Объект 9/P07,
2026-05-16,объект Тау,все,тишина,28,128,6,6,2,начало_демонтажа_датчиков,2026-05-15,Объект 10,P08,6,-1,-1,,Объект 10/P08;Объект 11/P08;Объект 12/P08;Объект 13/P08;Объект 9/P07,
2026-05-16,объект Омикрон,все,тишина,31,89,0,0,2,начало_демонтажа_датчиков,2026-05-15,Объект 10,P08,6,-1,-1,,Объект 10/P08;Объект 11/P08;Объект 12/P08;Объект 13/P08;Объект 9/P07,
2026-05-16,объект Кси,все,тишина,37,102,0,0,2,начало_демонтажа_датчиков,2026-05-15,Объект 10,P08,6,-1,-1,,Объект 10/P08;Объект 11/P08;Объект 12/P08;Объект 13/P08;Объект 9/P07,
2026-05-17,Комплекс объект Дельта,все,всплеск Неиспр,42,115,7,14,1,предоставление_в_ОМ_на_ППР_и_поверку,2026-05-18,Объект 10,P08,6,1,-2,,Объект 10/P08;Объект 11/P08;Объект 12/P08;Объект 13/P08,
2026-05-17,объект Омикрон,все,всплеск Неиспр,44,89,5,5,1,предоставление_в_ОМ_на_ППР_и_поверку,2026-05-18,Объект 10,P08,6,1,-2,,Объект 10/P08;Объект 11/P08;Объект 12/P08;Объект 13/P08,
2026-05-18,объект Альфа,все,возврат,159,139,8,25,1,предоставление_в_ОМ_на_ППР_и_поверку,2026-05-18,Объект 10,P08,6,0,,,Объект 10/P08;Объект 11/P08;Объект 12/P08;Объект 13/P08,
2026-05-18,объект Альфа,все,всплеск Неиспр,159,139,8,25,1,предоставление_в_ОМ_на_ППР_и_поверку,2026-05-18,Объект 10,P08,6,0,,,Объект 10/P08;Объект 11/P08;Объект 12/P08;Объект 13/P08,
2026-05-18,объект Бета,все,всплеск Неиспр,309,118,22,23,1,предоставление_в_ОМ_на_ППР_и_поверку,2026-05-18,Объект 10,P08,6,0,,,Объект 10/P08;Объект 11/P08;Объект 12/P08;Объект 13/P08,
2026-05-18,объект Гамма,все,возврат,85,82,4,4,1,предоставление_в_ОМ_на_ППР_и_поверку,2026-05-18,Объект 10,P08,6,0,,,Объект 10/P08;Объект 11/P08;Объект 12/P08;Объект 13/P08,
2026-05-18,Комплекс объект Дельта,все,возврат,199,115,8,9,1,предоставление_в_ОМ_на_ППР_и_поверку,2026-05-18,Объект 10,P08,6,0,,,Объект 10/P08;Объект 11/P08;Объект 12/P08;Объект 13/P08,
2026-05-18,Комплекс объект Дельта,все,всплеск Неиспр,199,115,8,9,1,предоставление_в_ОМ_на_ППР_и_поверку,2026-05-18,Объект 10,P08,6,0,,,Объект 10/P08;Объект 11/P08;Объект 12/P08;Объект 13/P08,
2026-05-18,объект Вита,все,всплеск Неиспр,174,89,11,49,1,предоставление_в_ОМ_на_ППР_и_поверку,2026-05-18,Объект 10,P08,6,0,,,Объект 10/P08;Объект 11/P08;Объект 12/P08;Объект 13/P08,
2026-05-18,объект Тау,все,возврат,139,128,1,1,1,предоставление_в_ОМ_на_ППР_и_поверку,2026-05-18,Объект 10,P08,6,0,,,Объект 10/P08;Объект 11/P08;Объект 12/P08;Объект 13/P08,
2026-05-18,объект Омикрон,все,возврат,144,89,8,24,1,предоставление_в_ОМ_на_ППР_и_поверку,2026-05-18,Объект 10,P08,6,0,,,Объект 10/P08;Объект 11/P08;Объект 12/P08;Объект 13/P08,
2026-05-18,объект Омикрон,все,всплеск Неиспр,144,89,8,24,1,предоставление_в_ОМ_на_ППР_и_поверку,2026-05-18,Объект 10,P08,6,0,,,Объект 10/P08;Объект 11/P08;Объект 12/P08;Объект 13/P08,
2026-05-18,объект Кси,все,возврат,179,102,0,0,1,предоставление_в_ОМ_на_ППР_и_поверку,2026-05-18,Объект 10,P08,6,0,,,Объект 10/P08;Объект 11/P08;Объект 12/P08;Объект 13/P08,
2026-05-19,объект Гамма,все,всплеск Неиспр,413,82,84,89,1,предоставление_в_ОМ_на_ППР_и_поверку,2026-05-18,Объект 10,P08,6,-1,,,Объект 10/P08;Объект 11/P08;Объект 12/P08;Объект 13/P08,
2026-05-19,Комплекс объект Дельта,все,всплеск Неиспр,145,115,5,10,1,предоставление_в_ОМ_на_ППР_и_поверку,2026-05-18,Объект 10,P08,6,-1,,,Объект 10/P08;Объект 11/P08;Объект 12/P08;Объект 13/P08,
2026-05-19,объект Зита,все,всплеск Неиспр,187,81,23,46,1,предоставление_в_ОМ_на_ППР_и_поверку,2026-05-18,Объект 10,P08,6,-1,,,Объект 10/P08;Объект 11/P08;Объект 12/P08;Объект 13/P08,
2026-05-19,объект Каппа,все,всплеск Неиспр,118,111,6,7,1,предоставление_в_ОМ_на_ППР_и_поверку,2026-05-18,Объект 10,P08,6,-1,,,Объект 10/P08;Объект 11/P08;Объект 12/P08;Объект 13/P08,
2026-05-19,объект Мю,все,всплеск Неиспр,230,154,16,17,1,предоставление_в_ОМ_на_ППР_и_поверку,2026-05-18,Объект 10,P08,6,-1,,,Объект 10/P08;Объект 11/P08;Объект 12/P08;Объект 13/P08,
2026-05-19,ПС объект Омега,все,всплеск Неиспр,46,30,24,47,1,предоставление_в_ОМ_на_ППР_и_поверку,2026-05-18,Объект 10,P08,6,-1,,,Объект 10/P08;Объект 11/P08;Объект 12/P08;Объект 13/P08,
2026-05-20,объект Гамма,все,всплеск Неиспр,157,82,23,77,1,предоставление_в_ОМ_на_ППР_и_поверку,2026-05-18,Объект 10,P08,6,-2,,,Объект 10/P08;Объект 11/P08;Объект 12/P08;Объект 13/P08,
2026-05-20,Комплекс объект Дельта,все,всплеск Неиспр,163,115,7,14,1,предоставление_в_ОМ_на_ППР_и_поверку,2026-05-18,Объект 10,P08,6,-2,,,Объект 10/P08;Объект 11/P08;Объект 12/P08;Объект 13/P08,
2026-05-21,объект Тау,все,всплеск Неиспр,191,128,5,8,1,,,,,,,,,Объект 10/P08;Объект 11/P08;Объект 12/P08;Объект 13/P08,
2026-05-21,объект Мю,все,всплеск Неиспр,173,154,34,241,1,,,,,,,,,Объект 10/P08;Объект 11/P08;Объект 12/P08;Объект 13/P08,
2026-05-21,объект Кси,все,всплеск Неиспр,154,102,22,44,1,,,,,,,,,Объект 10/P08;Объект 11/P08;Объект 12/P08;Объект 13/P08,
2026-05-22,объект Гамма,все,всплеск Неиспр,69,82,29,48,1,,,,,,,,,Объект 10/P08;Объект 11/P08;Объект 12/P08;Объект 13/P08,
2026-05-22,объект Вита,все,всплеск Неиспр,132,89,14,47,1,,,,,,,,,Объект 10/P08;Объект 11/P08;Объект 12/P08;Объект 13/P08,
2026-05-22,объект Эпсилон,все,всплеск Неиспр,600,111,39,98,1,,,,,,,,,Объект 10/P08;Объект 11/P08;Объект 12/P08;Объект 13/P08,
2026-05-23,Комплекс объект Дельта,все,всплеск Неиспр,95,115,26,68,1,,,,,,,,,Объект 10/P08;Объект 11/P08;Объект 12/P08;Объект 13/P08,
2026-05-23,объект Эпсилон,все,всплеск Неиспр,70,111,8,10,1,,,,,,,,,Объект 10/P08;Объект 11/P08;Объект 12/P08;Объект 13/P08,
2026-05-23,объект Тау,все,всплеск Неиспр,44,128,9,9,1,,,,,,,,,Объект 10/P08;Объект 11/P08;Объект 12/P08;Объект 13/P08,
2026-05-23,объект Тау,все,тишина,44,128,9,9,2,,,,,,,,,Объект 10/P08;Объект 11/P08;Объект 12/P08;Объект 13/P08,
2026-05-23,объект Мю,все,всплеск Неиспр,176,154,34,375,1,,,,,,,,,Объект 10/P08;Объект 11/P08;Объект 12/P08;Объект 13/P08,
2026-05-23,ПС объект Омега,все,всплеск Неиспр,30,30,6,11,1,,,,,,,,,Объект 10/P08;Объект 11/P08;Объект 12/P08;Объект 13/P08,
2026-05-23,объект Кси,все,тишина,19,102,0,0,2,,,,,,,,,Объект 10/P08;Объект 11/P08;Объект 12/P08;Объект 13/P08,
2026-05-24,объект Гамма,все,всплеск Неиспр,58,82,5,8,1,вывоз_датчиков_из_ОМ,2026-05-26,Объект 10,P08,6,2,,2,Объект 10/P08;Объект 11/P08;Объект 12/P08;Объект 13/P08,
2026-05-24,объект Омикрон,все,всплеск Неиспр,60,89,12,12,1,вывоз_датчиков_из_ОМ,2026-05-26,Объект 10,P08,6,2,,2,Объект 10/P08;Объект 11/P08;Объект 12/P08;Объект 13/P08,
2026-05-25,объект Гамма,все,всплеск Неиспр,81,82,5,490,1,вывоз_датчиков_из_ОМ,2026-05-26,Объект 10,P08,6,1,,1,Объект 10/P08;Объект 11/P08;Объект 12/P08;Объект 13/P08,
2026-05-25,Комплекс объект Дельта,все,всплеск Неиспр,166,115,7,8,1,вывоз_датчиков_из_ОМ,2026-05-26,Объект 10,P08,6,1,,1,Объект 10/P08;Объект 11/P08;Объект 12/P08;Объект 13/P08,
2026-05-25,объект Тау,все,возврат,134,128,0,0,1,вывоз_датчиков_из_ОМ,2026-05-26,Объект 10,P08,6,1,,1,Объект 10/P08;Объект 11/P08;Объект 12/P08;Объект 13/P08,
2026-05-25,объект Кси,все,возврат,146,102,0,0,1,вывоз_датчиков_из_ОМ,2026-05-26,Объект 10,P08,6,1,,1,Объект 10/P08;Объект 11/P08;Объект 12/P08;Объект 13/P08,
2026-05-26,объект Гамма,все,всплеск Неиспр,30,82,6,491,1,вывоз_датчиков_из_ОМ,2026-05-26,Объект 10,P08,6,0,,0,Объект 10/P08;Объект 11/P08;Объект 12/P08;Объект 13/P08,
2026-05-26,Комплекс объект Дельта,все,всплеск Неиспр,204,115,7,21,1,вывоз_датчиков_из_ОМ,2026-05-26,Объект 10,P08,6,0,,0,Объект 10/P08;Объект 11/P08;Объект 12/P08;Объект 13/P08,
2026-05-26,объект Зита,все,всплеск Неиспр,72,81,9,10,1,вывоз_датчиков_из_ОМ,2026-05-26,Объект 10,P08,6,0,,0,Объект 10/P08;Объект 11/P08;Объект 12/P08;Объект 13/P08,
2026-05-26,объект Мю,все,всплеск Неиспр,236,154,8,134,1,вывоз_датчиков_из_ОМ,2026-05-26,Объект 10,P08,6,0,,0,Объект 10/P08;Объект 11/P08;Объект 12/P08;Объект 13/P08,
2026-05-27,объект Гамма,все,всплеск Неиспр,131,82,5,5,1,вывоз_датчиков_из_ОМ,2026-05-26,Объект 10,P08,6,-1,,-1,Объект 10/P08;Объект 11/P08;Объект 12/P08;Объект 13/P08,
2026-05-27,ПС объект Омега,все,всплеск Неиспр,51,30,13,19,1,вывоз_датчиков_из_ОМ,2026-05-26,Объект 10,P08,6,-1,,-1,Объект 10/P08;Объект 11/P08;Объект 12/P08;Объект 13/P08,
2026-05-28,Комплекс объект Дельта,все,всплеск Неиспр,175,115,33,77,1,сдача_работ_комиссии,2026-05-29,Объект 10,P08,6,1,,-2,Объект 10/P08;Объект 11/P08;Объект 12/P08;Объект 13/P08,
2026-05-28,объект Эпсилон,все,всплеск Неиспр,287,111,43,57,1,сдача_работ_комиссии,2026-05-29,Объект 10,P08,6,1,,-2,Объект 10/P08;Объект 11/P08;Объект 12/P08;Объект 13/P08,
2026-05-28,объект Омикрон,все,всплеск Неиспр,97,89,8,24,1,сдача_работ_комиссии,2026-05-29,Объект 10,P08,6,1,,-2,Объект 10/P08;Объект 11/P08;Объект 12/P08;Объект 13/P08,
2026-05-28,объект Мю,все,всплеск Неиспр,191,154,30,55,1,сдача_работ_комиссии,2026-05-29,Объект 10,P08,6,1,,-2,Объект 10/P08;Объект 11/P08;Объект 12/P08;Объект 13/P08,
2026-05-28,ПС объект Омега,все,всплеск Неиспр,62,30,31,31,1,сдача_работ_комиссии,2026-05-29,Объект 10,P08,6,1,,-2,Объект 10/P08;Объект 11/P08;Объект 12/P08;Объект 13/P08,
2026-05-29,объект Гамма,все,всплеск Неиспр,116,82,15,17,1,сдача_работ_комиссии,2026-05-29,Объект 10,P08,6,0,,,Объект 10/P08;Объект 11/P08;Объект 12/P08;Объект 13/P08,
2026-05-29,объект Вита,все,всплеск Неиспр,274,89,9,18,1,сдача_работ_комиссии,2026-05-29,Объект 10,P08,6,0,,,Объект 10/P08;Объект 11/P08;Объект 12/P08;Объект 13/P08,
2026-05-29,объект Кси,все,всплеск Неиспр,731,102,11,13,1,сдача_работ_комиссии,2026-05-29,Объект 10,P08,6,0,,,Объект 10/P08;Объект 11/P08;Объект 12/P08;Объект 13/P08,
2026-05-30,объект Бета,все,тишина,13,118,0,0,3,сдача_работ_комиссии,2026-05-29,Объект 10,P08,6,-1,,,Объект 10/P08;Объект 11/P08;Объект 12/P08;Объект 13/P08,
2026-05-30,объект Бета,газ,тишина,0,4,0,0,2,сдача_работ_комиссии,2026-05-29,Объект 10,P08,6,-1,,,Объект 10/P08;Объект 11/P08;Объект 12/P08;Объект 13/P08,
2026-05-30,Комплекс объект Дельта,все,всплеск Неиспр,120,115,7,14,1,сдача_работ_комиссии,2026-05-29,Объект 10,P08,6,-1,,,Объект 10/P08;Объект 11/P08;Объект 12/P08;Объект 13/P08,
2026-05-30,ПС объект Омега,все,всплеск Неиспр,158,30,52,58,1,сдача_работ_комиссии,2026-05-29,Объект 10,P08,6,-1,,,Объект 10/P08;Объект 11/P08;Объект 12/P08;Объект 13/P08,
2026-05-30,объект Кси,все,всплеск Неиспр,344,102,13,28,1,сдача_работ_комиссии,2026-05-29,Объект 10,P08,6,-1,,,Объект 10/P08;Объект 11/P08;Объект 12/P08;Объект 13/P08,
2026-05-31,Комплекс объект Дельта,все,всплеск Неиспр,114,115,8,27,1,сдача_работ_комиссии,2026-05-29,Объект 10,P08,6,-2,,,Объект 10/P08;Объект 11/P08;Объект 12/P08;Объект 13/P08,
2026-05-31,объект Вита,все,тишина,12,89,0,0,2,сдача_работ_комиссии,2026-05-29,Объект 10,P08,6,-2,,,Объект 10/P08;Объект 11/P08;Объект 12/P08;Объект 13/P08,
2026-05-31,объект Эпсилон,все,всплеск Неиспр,73,111,21,21,1,сдача_работ_комиссии,2026-05-29,Объект 10,P08,6,-2,,,Объект 10/P08;Объект 11/P08;Объект 12/P08;Объект 13/P08,
2026-05-31,объект Каппа,все,тишина,29,111,0,0,2,сдача_работ_комиссии,2026-05-29,Объект 10,P08,6,-2,,,Объект 10/P08;Объект 11/P08;Объект 12/P08;Объект 13/P08,
2026-05-31,объект Йота,все,тишина,6,62,0,0,2,сдача_работ_комиссии,2026-05-29,Объект 10,P08,6,-2,,,Объект 10/P08;Объект 11/P08;Объект 12/P08;Объект 13/P08,
2026-05-31,объект Тау,все,тишина,45,128,0,0,2,сдача_работ_комиссии,2026-05-29,Объект 10,P08,6,-2,,,Объект 10/P08;Объект 11/P08;Объект 12/P08;Объект 13/P08,
2026-05-31,объект Омикрон,все,тишина,42,89,0,0,2,сдача_работ_комиссии,2026-05-29,Объект 10,P08,6,-2,,,Объект 10/P08;Объект 11/P08;Объект 12/P08;Объект 13/P08,
2026-05-31,объект Кси,все,тишина,11,102,0,0,2,сдача_работ_комиссии,2026-05-29,Объект 10,P08,6,-2,,,Объект 10/P08;Объект 11/P08;Объект 12/P08;Объект 13/P08,
2026-06-01,ПС объект Омега,все,тишина,0,57.5,0,0,2,,,,,,,,,,да
2026-06-02,объект Бета,все,возврат,95,63.5,0,0,1,начало_демонтажа_датчиков,2026-06-04,Объект 14,P09,33,2,2,,Объект 14/P09,
2026-06-02,объект Гамма,все,всплеск Неиспр,39,72.5,6,1434,1,начало_демонтажа_датчиков,2026-06-04,Объект 14,P09,33,2,2,,Объект 14/P09,
2026-06-02,объект Вита,все,возврат,153,107.0,0,0,1,начало_демонтажа_датчиков,2026-06-04,Объект 14,P09,33,2,2,,Объект 14/P09,
2026-06-02,объект Каппа,все,возврат,432,122.5,5,7,1,начало_демонтажа_датчиков,2026-06-04,Объект 14,P09,33,2,2,,Объект 14/P09,
2026-06-02,объект Каппа,все,всплеск Неиспр,432,122.5,5,7,1,начало_демонтажа_датчиков,2026-06-04,Объект 14,P09,33,2,2,,Объект 14/P09,
2026-06-02,объект Тау,все,возврат,258,154.5,12,15,1,начало_демонтажа_датчиков,2026-06-04,Объект 14,P09,33,2,2,,Объект 14/P09,
2026-06-02,объект Тау,все,всплеск Неиспр,258,154.5,12,15,1,начало_демонтажа_датчиков,2026-06-04,Объект 14,P09,33,2,2,,Объект 14/P09,
2026-06-02,объект Омикрон,все,возврат,104,77.0,0,0,1,начало_демонтажа_датчиков,2026-06-04,Объект 14,P09,33,2,2,,Объект 14/P09,
2026-06-02,объект Кси,все,возврат,147,47.5,0,0,1,начало_демонтажа_датчиков,2026-06-04,Объект 14,P09,33,2,2,,Объект 14/P09,
2026-06-03,объект Гамма,все,всплеск Неиспр,97,72.5,17,2959,1,начало_демонтажа_датчиков,2026-06-04,Объект 14,P09,33,1,1,,Объект 14/P09,
2026-06-03,объект Мю,все,всплеск Неиспр,974,141.5,34,34,1,начало_демонтажа_датчиков,2026-06-04,Объект 14,P09,33,1,1,,Объект 14/P09,
2026-06-03,ПС объект Омега,все,всплеск Неиспр,36,57.5,20,20,1,начало_демонтажа_датчиков,2026-06-04,Объект 14,P09,33,1,1,,Объект 14/P09,
2026-06-04,объект Вита,все,всплеск Неиспр,151,107.0,12,36,1,начало_демонтажа_датчиков,2026-06-04,Объект 14,P09,33,0,0,,Объект 14/P09,
2026-06-04,объект Эпсилон,все,всплеск Неиспр,227,117.0,6,6,1,начало_демонтажа_датчиков,2026-06-04,Объект 14,P09,33,0,0,,Объект 14/P09,
2026-06-04,объект Каппа,все,всплеск Неиспр,177,122.5,33,33,1,начало_демонтажа_датчиков,2026-06-04,Объект 14,P09,33,0,0,,Объект 14/P09,
2026-06-04,объект Каппа,газ,всплеск Неиспр,33,28.0,33,33,1,начало_демонтажа_датчиков,2026-06-04,Объект 14,P09,33,0,0,,Объект 14/P09,
2026-06-04,объект Йота,все,возврат,77,58.0,0,0,1,начало_демонтажа_датчиков,2026-06-04,Объект 14,P09,33,0,0,,Объект 14/P09,
2026-06-04,объект Тау,все,всплеск Неиспр,662,154.5,103,229,1,начало_демонтажа_датчиков,2026-06-04,Объект 14,P09,33,0,0,,Объект 14/P09,
2026-06-04,ПС объект Омега,все,тишина,25,57.5,0,0,4,начало_демонтажа_датчиков,2026-06-04,Объект 14,P09,33,0,0,,Объект 14/P09,
2026-06-05,Комплекс объект Дельта,все,всплеск Неиспр,143,112.0,8,16,1,предоставление_в_ОМ_на_ППР_и_поверку,2026-06-05,Объект 14,P09,33,0,-1,,Объект 14/P09,
2026-06-05,объект Вита,все,всплеск Неиспр,173,107.0,16,20,1,предоставление_в_ОМ_на_ППР_и_поверку,2026-06-05,Объект 14,P09,33,0,-1,,Объект 14/P09,
2026-06-05,объект Эпсилон,все,всплеск Неиспр,323,117.0,13,17,1,предоставление_в_ОМ_на_ППР_и_поверку,2026-06-05,Объект 14,P09,33,0,-1,,Объект 14/P09,
2026-06-05,объект Каппа,все,всплеск Неиспр,124,122.5,18,43,1,предоставление_в_ОМ_на_ППР_и_поверку,2026-06-05,Объект 14,P09,33,0,-1,,Объект 14/P09,
2026-06-05,объект Каппа,газ,тишина,0,28.0,0,0,10,предоставление_в_ОМ_на_ППР_и_поверку,2026-06-05,Объект 14,P09,33,0,-1,,Объект 14/P09,
2026-06-06,объект Бета,все,тишина,12,63.5,0,0,2,предоставление_в_ОМ_на_ППР_и_поверку,2026-06-05,Объект 14,P09,33,-1,-2,,Объект 14/P09,
2026-06-06,объект Гамма,все,тишина,9,72.5,3,5362,2,предоставление_в_ОМ_на_ППР_и_поверку,2026-06-05,Объект 14,P09,33,-1,-2,,Объект 14/P09,
2026-06-06,объект Эпсилон,все,тишина,52,117.0,0,0,2,предоставление_в_ОМ_на_ППР_и_поверку,2026-06-05,Объект 14,P09,33,-1,-2,,Объект 14/P09,
2026-06-06,объект Тау,все,всплеск Неиспр,28,154.5,6,6,1,предоставление_в_ОМ_на_ППР_и_поверку,2026-06-05,Объект 14,P09,33,-1,-2,,Объект 14/P09,
2026-06-06,объект Тау,все,тишина,28,154.5,6,6,2,предоставление_в_ОМ_на_ППР_и_поверку,2026-06-05,Объект 14,P09,33,-1,-2,,Объект 14/P09,
2026-06-06,объект Омикрон,все,всплеск Неиспр,81,77.0,9,9,1,предоставление_в_ОМ_на_ППР_и_поверку,2026-06-05,Объект 14,P09,33,-1,-2,,Объект 14/P09,
2026-06-07,Комплекс объект Дельта,все,всплеск Неиспр,110,112.0,5,10,1,предоставление_в_ОМ_на_ППР_и_поверку,2026-06-05,Объект 14,P09,33,-2,,,Объект 14/P09,
2026-06-07,объект Каппа,все,всплеск Неиспр,116,122.5,18,22,1,предоставление_в_ОМ_на_ППР_и_поверку,2026-06-05,Объект 14,P09,33,-2,,,Объект 14/P09,
2026-06-08,объект Бета,все,возврат,65,63.5,0,0,1,,,,,,,,,Объект 14/P09,
2026-06-08,объект Гамма,все,возврат,76,72.5,3,3370,1,,,,,,,,,Объект 14/P09,
2026-06-08,объект Эпсилон,все,возврат,188,117.0,9,21,1,,,,,,,,,Объект 14/P09,
2026-06-08,объект Эпсилон,все,всплеск Неиспр,188,117.0,9,21,1,,,,,,,,,Объект 14/P09,
2026-06-08,ПС объект Омега,все,возврат,96,57.5,1,1,1,,,,,,,,,Объект 14/P09,
2026-06-08,ПС объект Омега,все,возврат,96,57.5,1,1,1,,,,,,,,,Объект 14/P09,
2026-06-08,объект Кси,все,всплеск Неиспр,130,47.5,12,12,1,,,,,,,,,Объект 14/P09,
2026-06-09,объект Гамма,все,всплеск Неиспр,391,72.5,25,2616,1,,,,,,,,,Объект 14/P09,
2026-06-09,объект Вита,все,всплеск Неиспр,170,107.0,14,543,1,,,,,,,,,Объект 14/P09,
2026-06-09,объект Тау,все,возврат,351,154.5,13,13,1,,,,,,,,,Объект 14/P09,
2026-06-09,объект Тау,все,всплеск Неиспр,351,154.5,13,13,1,,,,,,,,,Объект 14/P09,
2026-06-09,ПС объект Омега,все,всплеск Неиспр,59,57.5,16,33,1,,,,,,,,,Объект 14/P09,
2026-06-10,объект Тау,все,всплеск Неиспр,363,154.5,12,38,1,,,,,,,,,Объект 14/P09,
2026-06-11,объект Гамма,все,всплеск Неиспр,358,72.5,87,1721,1,,,,,,,,,Объект 14/P09,
2026-06-11,Комплекс объект Дельта,все,всплеск Неиспр,159,112.0,7,15,1,,,,,,,,,Объект 14/P09,
2026-06-11,объект Каппа,все,всплеск Неиспр,180,122.5,20,57,1,,,,,,,,,Объект 14/P09,
2026-06-11,объект Омикрон,все,всплеск Неиспр,82,77.0,12,17,1,,,,,,,,,Объект 14/P09,
2026-06-11,объект Мю,все,всплеск Неиспр,168,141.5,13,13,1,,,,,,,,,Объект 14/P09,
2026-06-11,ПС объект Омега,все,всплеск Неиспр,130,57.5,18,61,1,,,,,,,,,Объект 14/P09,
2026-06-12,объект Бета,все,тишина,19,63.5,0,0,3,,,,,,,,,Объект 14/P09,
2026-06-12,объект Эпсилон,все,всплеск Неиспр,131,117.0,13,13,1,,,,,,,,,Объект 14/P09,
2026-06-12,ПС объект Омега,все,всплеск Неиспр,61,57.5,10,29,1,,,,,,,,,Объект 14/P09,
2026-06-12,объект Кси,все,всплеск Неиспр,31,47.5,12,24,1,,,,,,,,,Объект 14/P09,
2026-06-13,Комплекс объект Дельта,все,всплеск Неиспр,113,112.0,13,31,1,,,,,,,,,Объект 14/P09,
2026-06-13,объект Зита,все,всплеск Неиспр,56,54.5,11,22,1,,,,,,,,,Объект 14/P09,
2026-06-13,объект Каппа,все,всплеск Неиспр,124,122.5,18,33,1,,,,,,,,,Объект 14/P09,
2026-06-13,объект Тау,все,всплеск Неиспр,165,154.5,66,67,1,,,,,,,,,Объект 14/P09,
2026-06-13,объект Мю,все,всплеск Неиспр,139,141.5,16,17,1,,,,,,,,,Объект 14/P09,
2026-06-14,объект Каппа,все,всплеск Неиспр,122,122.5,13,18,1,,,,,,,,,Объект 14/P09,
2026-06-15,объект Бета,все,возврат,144,63.5,0,0,1,,,,,,,,,Объект 14/P09,
2026-06-15,объект Гамма,все,всплеск Неиспр,107,72.5,12,35,1,,,,,,,,,Объект 14/P09,
2026-06-15,Комплекс объект Дельта,все,всплеск Неиспр,134,112.0,5,10,1,,,,,,,,,Объект 14/P09,
2026-06-15,объект Зита,все,всплеск Неиспр,84,54.5,5,6,1,,,,,,,,,Объект 14/P09,
2026-06-15,объект Каппа,все,всплеск Неиспр,208,122.5,25,79,1,,,,,,,,,Объект 14/P09,
2026-06-15,объект Каппа,газ,возврат,33,28.0,1,1,1,,,,,,,,,Объект 14/P09,
2026-06-15,объект Тау,все,всплеск Неиспр,224,154.5,10,10,1,,,,,,,,,Объект 14/P09,
2026-06-16,объект Гамма,все,всплеск Неиспр,101,72.5,18,43,1,вывоз_датчиков_из_ОМ,2026-06-18,Объект 14,P09,33,2,,2,Объект 14/P09,
2026-06-16,объект Тау,все,всплеск Неиспр,191,154.5,12,24,1,вывоз_датчиков_из_ОМ,2026-06-18,Объект 14,P09,33,2,,2,Объект 14/P09,
2026-06-16,объект Мю,все,всплеск Неиспр,181,141.5,17,20,1,вывоз_датчиков_из_ОМ,2026-06-18,Объект 14,P09,33,2,,2,Объект 14/P09,
2026-06-16,ПС объект Омега,все,всплеск Неиспр,42,57.5,12,12,1,вывоз_датчиков_из_ОМ,2026-06-18,Объект 14,P09,33,2,,2,Объект 14/P09,
2026-06-17,объект Гамма,все,всплеск Неиспр,99,72.5,11,27,1,вывоз_датчиков_из_ОМ,2026-06-18,Объект 14,P09,33,1,,1,Объект 14/P09,
2026-06-17,Комплекс объект Дельта,все,всплеск Неиспр,178,112.0,8,16,1,вывоз_датчиков_из_ОМ,2026-06-18,Объект 14,P09,33,1,,1,Объект 14/P09,
2026-06-17,объект Каппа,все,всплеск Неиспр,239,122.5,6,50,1,вывоз_датчиков_из_ОМ,2026-06-18,Объект 14,P09,33,1,,1,Объект 14/P09,
2026-06-17,ПС объект Омега,все,всплеск Неиспр,205,57.5,14,15,1,вывоз_датчиков_из_ОМ,2026-06-18,Объект 14,P09,33,1,,1,Объект 14/P09,
2026-06-18,объект Эпсилон,все,всплеск Неиспр,102,117.0,11,28,1,вывоз_датчиков_из_ОМ,2026-06-18,Объект 14,P09,33,0,,0,Объект 14/P09,
2026-06-19,объект Гамма,все,всплеск Неиспр,100,72.5,18,50,1,вывоз_датчиков_из_ОМ,2026-06-18,Объект 14,P09,33,-1,,-1,Объект 14/P09,
2026-06-19,объект Зита,все,всплеск Неиспр,66,54.5,12,24,1,вывоз_датчиков_из_ОМ,2026-06-18,Объект 14,P09,33,-1,,-1,Объект 14/P09,
2026-06-20,объект Бета,все,тишина,1,63.5,0,0,2,вывоз_датчиков_из_ОМ,2026-06-18,Объект 14,P09,33,-2,,-2,Объект 14/P09,
2026-06-20,Комплекс объект Дельта,все,всплеск Неиспр,65,112.0,10,15,1,вывоз_датчиков_из_ОМ,2026-06-18,Объект 14,P09,33,-2,,-2,Объект 14/P09,
2026-06-20,объект Каппа,все,всплеск Неиспр,109,122.5,18,18,1,вывоз_датчиков_из_ОМ,2026-06-18,Объект 14,P09,33,-2,,-2,Объект 14/P09,
2026-06-20,объект Йота,все,всплеск Неиспр,56,58.0,10,10,1,вывоз_датчиков_из_ОМ,2026-06-18,Объект 14,P09,33,-2,,-2,Объект 14/P09,
2026-06-20,объект Тау,все,всплеск Неиспр,52,154.5,6,12,1,вывоз_датчиков_из_ОМ,2026-06-18,Объект 14,P09,33,-2,,-2,Объект 14/P09,
2026-06-20,объект Тау,все,тишина,52,154.5,6,12,2,вывоз_датчиков_из_ОМ,2026-06-18,Объект 14,P09,33,-2,,-2,Объект 14/P09,
2026-06-20,объект Мю,все,всплеск Неиспр,138,141.5,16,33,1,вывоз_датчиков_из_ОМ,2026-06-18,Объект 14,P09,33,-2,,-2,Объект 14/P09,
2026-06-20,объект Кси,все,всплеск Неиспр,22,47.5,5,5,1,вывоз_датчиков_из_ОМ,2026-06-18,Объект 14,P09,33,-2,,-2,Объект 14/P09,
2026-06-20,объект Кси,все,тишина,22,47.5,5,5,3,вывоз_датчиков_из_ОМ,2026-06-18,Объект 14,P09,33,-2,,-2,Объект 14/P09,
2026-06-21,объект Эпсилон,все,всплеск Неиспр,157,117.0,8,8,1,,,,,,,,,Объект 14/P09,
2026-06-22,объект Бета,все,возврат,131,63.5,0,0,1,,,,,,,,,Объект 14/P09,
2026-06-22,объект Гамма,все,всплеск Неиспр,120,72.5,5,71,1,,,,,,,,,Объект 14/P09,
2026-06-22,Комплекс объект Дельта,все,всплеск Неиспр,112,112.0,8,16,1,,,,,,,,,Объект 14/P09,
2026-06-22,объект Эпсилон,все,всплеск Неиспр,255,117.0,12,14,1,,,,,,,,,Объект 14/P09,
2026-06-22,объект Тау,все,возврат,303,154.5,21,21,1,,,,,,,,,Объект 14/P09,
2026-06-22,объект Тау,все,всплеск Неиспр,303,154.5,21,21,1,,,,,,,,,Объект 14/P09,
2026-06-22,объект Омикрон,все,всплеск Неиспр,76,77.0,8,9,1,,,,,,,,,Объект 14/P09,
2026-06-23,объект Гамма,все,всплеск Неиспр,101,72.5,5,33,1,,,,,,,,,Объект 14/P09,
2026-06-23,объект Каппа,все,всплеск Неиспр,210,122.5,6,28,1,,,,,,,,,Объект 14/P09,
2026-06-23,объект Кси,все,возврат,308,47.5,0,0,1,,,,,,,,,Объект 14/P09,
2026-06-24,Комплекс объект Дельта,все,всплеск Неиспр,113,112.0,12,25,1,,,,,,,,,Объект 14/P09,
2026-06-24,объект Эпсилон,все,всплеск Неиспр,145,117.0,6,6,1,,,,,,,,,Объект 14/P09,
2026-06-24,объект Мю,все,всплеск Неиспр,143,141.5,11,11,1,,,,,,,,,Объект 14/P09,
2026-06-24,ПС объект Омега,все,всплеск Неиспр,116,57.5,11,20,1,,,,,,,,,Объект 14/P09,
2026-06-25,объект Эпсилон,все,всплеск Неиспр,280,117.0,43,261,1,,,,,,,,,Объект 14/P09,
2026-06-25,объект Кси,все,всплеск Неиспр,293,47.5,8,10,1,,,,,,,,,Объект 14/P09,
2026-06-26,объект Альфа,все,всплеск Неиспр,192,143.0,16,20,1,,,,,,,,,Объект 14/P09,
2026-06-26,объект Кси,все,всплеск Неиспр,141,47.5,8,13,1,,,,,,,,,Объект 14/P09,
2026-06-27,объект Бета,все,тишина,7,63.5,0,0,2,сдача_работ_комиссии,2026-06-29,Объект 14,P09,33,2,,,Объект 14/P09,
2026-06-27,Комплекс объект Дельта,все,тишина,19,112.0,0,0,2,сдача_работ_комиссии,2026-06-29,Объект 14,P09,33,2,,,Объект 14/P09,
2026-06-27,объект Тау,все,тишина,8,154.5,0,0,2,сдача_работ_комиссии,2026-06-29,Объект 14,P09,33,2,,,Объект 14/P09,
2026-06-27,ПС объект Омега,все,тишина,19,57.5,0,0,2,сдача_работ_комиссии,2026-06-29,Объект 14,P09,33,2,,,Объект 14/P09,
2026-06-28,объект Вита,все,всплеск Неиспр,89,107.0,11,15,1,сдача_работ_комиссии,2026-06-29,Объект 14,P09,33,1,,,Объект 14/P09,
2026-06-28,объект Каппа,все,всплеск Неиспр,59,122.5,18,92,1,сдача_работ_комиссии,2026-06-29,Объект 14,P09,33,1,,,Объект 14/P09,
2026-06-29,объект Бета,все,возврат,83,63.5,0,0,1,сдача_работ_комиссии,2026-06-29,Объект 14,P09,33,0,,,Объект 14/P09,
2026-06-29,Комплекс объект Дельта,все,возврат,116,112.0,0,0,1,сдача_работ_комиссии,2026-06-29,Объект 14,P09,33,0,,,Объект 14/P09,
2026-06-29,объект Вита,все,всплеск Неиспр,136,107.0,12,23,1,сдача_работ_комиссии,2026-06-29,Объект 14,P09,33,0,,,Объект 14/P09,
2026-06-29,объект Эпсилон,все,всплеск Неиспр,198,117.0,15,15,1,сдача_работ_комиссии,2026-06-29,Объект 14,P09,33,0,,,Объект 14/P09,
2026-06-29,объект Зита,все,всплеск Неиспр,98,54.5,12,24,1,сдача_работ_комиссии,2026-06-29,Объект 14,P09,33,0,,,Объект 14/P09,
2026-06-29,объект Тау,все,возврат,152,154.5,0,0,1,сдача_работ_комиссии,2026-06-29,Объект 14,P09,33,0,,,Объект 14/P09,
2026-06-29,ПС объект Омега,все,возврат,90,57.5,0,0,1,сдача_работ_комиссии,2026-06-29,Объект 14,P09,33,0,,,Объект 14/P09,
2026-06-29,объект Кси,все,всплеск Неиспр,1008,47.5,6,10,1,сдача_работ_комиссии,2026-06-29,Объект 14,P09,33,0,,,Объект 14/P09,
2026-06-30,объект Тау,все,всплеск Неиспр,179,154.5,6,6,1,сдача_работ_комиссии,2026-06-29,Объект 14,P09,33,-1,2,,Объект 14/P09;Объект 15/P10,
2026-06-30,объект Омикрон,все,всплеск Неиспр,74,77.0,6,12,1,сдача_работ_комиссии,2026-06-29,Объект 14,P09,33,-1,2,,Объект 14/P09;Объект 15/P10,
2026-06-30,ПС объект Омега,все,всплеск Неиспр,125,57.5,9,9,1,сдача_работ_комиссии,2026-06-29,Объект 14,P09,33,-1,2,,Объект 14/P09;Объект 15/P10,
2026-06-30,объект Кси,все,всплеск Неиспр,506,47.5,18,52,1,сдача_работ_комиссии,2026-06-29,Объект 14,P09,33,-1,2,,Объект 14/P09;Объект 15/P10,
