дата,день_недели,газ_каналов_ge1,строк_ge1,строк_обнаружен_газ,строк_неисправен,каналов_неисправен,строк_тревожных,всех_каналов_ge1,всех_строк_ge1,медиана_максимума,каналов_макс_ge5,строк_1_0_1_3,строк_выше_2,первое_ge1,последнее_ge1,пик_час,месяц_в_плане_ТО,окно_ППР,ближайший_этап_ППР
2025-02-03,Пн,42,80,49,0,0,0,112,202,1.48,0,18,0,09:18:21,14:40:31,13,-,-,
2025-02-05,Ср,23,52,25,0,0,0,119,283,1.50,0,13,0,09:02:52,11:24:03,10,-,-,
2025-02-12,Ср,62,120,66,0,0,66,168,526,1.49,0,28,4,08:52:38,12:16:20,10,-,-,
2025-04-02,Ср,34,59,47,0,0,0,218,550,1.50,0,17,0,10:07:33,12:30:22,10,-,-,
2025-04-08,Вт,34,63,46,0,0,46,246,930,1.50,0,6,0,09:31:00,11:06:33,10,-,-,
2025-05-12,Пн,40,1206,52,0,0,0,238,1983,1.51,0,659,8,09:39:14,12:17:54,10,-,-,
2025-05-14,Ср,40,979,43,0,0,43,194,1546,1.50,0,532,0,09:29:24,11:51:36,10,-,-,
2025-06-20,Пт,33,806,37,0,0,0,224,1290,1.50,0,510,13,09:14:14,11:12:48,10,-,-,
2025-06-25,Ср,33,859,39,0,0,39,177,1236,1.50,0,497,0,09:42:09,11:47:24,11,-,-,
2025-07-17,Чт,41,68,43,0,0,0,217,484,1.48,0,14,0,09:58:58,13:25:27,10,-,-,
2025-07-23,Ср,41,82,41,0,0,41,212,591,1.50,0,15,0,09:38:39,11:32:38,10,-,-,
2025-10-01,Ср,59,98,62,0,0,0,293,1068,1.52,0,22,6,09:04:27,13:24:42,11,-,-,
2025-10-03,Пт,20,43,22,7,3,29,225,850,1.51,0,5,2,09:39:10,12:54:07,12,-,-,
2025-10-06,Пн,17,441,17,1,1,1,168,930,1.57,0,170,3,10:17:03,10:53:54,10,-,-,
2025-10-08,Ср,79,126,79,0,0,79,198,547,1.44,0,30,0,09:08:33,12:19:42,11,-,-,
2025-10-09,Чт,17,411,17,0,0,17,149,887,1.50,0,196,0,10:30:47,11:05:28,10,-,-,
2025-10-24,Пт,38,965,41,0,0,0,202,1518,1.50,0,590,0,10:09:32,12:10:36,11,-,-,
2025-10-30,Чт,40,998,62,0,0,0,193,1562,1.50,0,485,0,09:43:16,11:40:56,10,-,-,
2025-11-20,Чт,34,671,44,0,0,44,249,1669,1.49,0,275,4,09:37:09,12:10:25,10,-,-,
2025-11-21,Пт,22,312,24,0,0,24,213,1052,1.49,0,116,2,08:53:21,09:56:40,9,-,-,
2025-11-26,Ср,55,776,58,0,0,58,235,1637,1.51,0,209,13,09:17:07,12:11:15,11,-,-,
2025-12-10,Ср,19,170,20,10,2,30,197,958,1.40,0,113,0,11:50:46,14:47:26,12,-,-,
2025-12-11,Чт,67,648,72,1,1,73,282,1410,1.47,0,422,2,10:07:06,14:42:41,12,-,-,
2025-12-12,Пт,14,160,17,0,0,17,221,983,1.50,0,93,0,10:08:35,12:41:07,11,-,-,
2025-12-18,Чт,55,583,55,0,0,55,210,1204,1.50,0,346,5,09:12:04,11:11:18,10,-,-,
2026-02-09,Пн,40,65,43,0,0,43,163,403,1.47,0,15,0,09:12:34,14:56:08,14,да (6 отметок),P02,2026-02-09 (0 дн.)
2026-02-10,Вт,23,481,42,5,1,47,109,716,1.49,0,308,3,09:31:43,18:51:07,18,да (6 отметок),P02,2026-02-09 (1 дн.)
2026-02-12,Чт,62,99,66,0,0,65,184,357,1.44,0,24,1,08:57:03,14:14:58,9,да (6 отметок),P02,2026-02-12 (0 дн.)
2026-04-02,Чт,18,32,32,0,0,32,162,383,1.53,0,4,0,10:51:10,12:27:51,11,да (8 отметок),P05,2026-04-03 (1 дн.)
2026-04-03,Пт,16,30,16,0,0,16,136,364,1.52,0,3,0,09:27:59,10:59:00,10,да (8 отметок),P05,2026-04-03 (0 дн.)
2026-04-08,Ср,34,62,46,0,0,46,180,536,1.49,0,8,0,09:50:13,11:28:39,10,да (8 отметок),P05,2026-04-08 (0 дн.)
2026-05-07,Чт,39,997,40,0,0,41,318,1729,1.49,0,525,5,09:51:51,12:58:07,12,да (7 отметок),P07,2026-05-07 (0 дн.)
2026-05-26,Вт,39,1024,59,0,0,83,224,1550,1.48,0,556,0,08:49:39,11:09:35,10,да (7 отметок),P08,2026-05-26 (0 дн.)
2026-06-17,Ср,33,924,39,0,0,40,212,1351,1.48,0,549,2,09:13:28,13:14:08,11,да (5 отметок),P09,2026-06-18 (1 дн.)
2026-06-23,Вт,33,915,35,0,0,35,165,1245,1.48,0,444,0,09:04:11,10:58:49,10,да (5 отметок),P09,2026-06-18 (5 дн.)
