"строка_листа","пакет_id","подразделение","месяц_ппр","объект","кол_датчиков_шт","этап","дата_этапа","пометка_из_файла","значение_как_в_файле","ячейка","из_объединённой_ячейки","месяц_из_merge"
"10","P01","РЭК","Январь","Объект 1","56","начало_демонтажа_датчиков","2026-01-12","","12.01.2026","E10","нет","нет"
"10","P01","РЭК","Январь","Объект 1","56","предоставление_в_ОМ_на_ППР_и_поверку","2026-01-13","до 900","до 900 13.01.2026","F10","нет","нет"
"10","P01","РЭК","Январь","Объект 1","56","вывоз_датчиков_из_ОМ","2026-01-22","","22.01.2026","G10","нет","нет"
"10","P01","РЭК","Январь","Объект 1","56","сдача_работ_комиссии","2026-01-27","","27.01.2026","H10","нет","нет"
"11","P01","РЭК","Январь","Объект 2","13","начало_демонтажа_датчиков","2026-01-12","","12.01.2026","E10","да","да"
"11","P01","РЭК","Январь","Объект 2","13","предоставление_в_ОМ_на_ППР_и_поверку","2026-01-13","до 900","до 900 13.01.2026","F10","да","да"
"11","P01","РЭК","Январь","Объект 2","13","вывоз_датчиков_из_ОМ","2026-01-22","","22.01.2026","G10","да","да"
"11","P01","РЭК","Январь","Объект 2","13","сдача_работ_комиссии","2026-01-28","","28.01.2026","H11","нет","да"
"12","P02","РЭК","Февраль","Объект 3","62","начало_демонтажа_датчиков","2026-01-29","","29.01.2026","E12","нет","нет"
"12","P02","РЭК","Февраль","Объект 3","62","предоставление_в_ОМ_на_ППР_и_поверку","2026-01-30","до 900","до 900 30.01.2026","F12","нет","нет"
"12","P02","РЭК","Февраль","Объект 3","62","вывоз_датчиков_из_ОМ","2026-02-09","","09.02.2026","G12","нет","нет"
"12","P02","РЭК","Февраль","Объект 3","62","сдача_работ_комиссии","2026-02-12","","12.02.2026","H12","нет","нет"
"13","P03","РЭК","Февраль","Объект 4","47","начало_демонтажа_датчиков","2026-02-13","","13.02.2026","E13","нет","да"
"13","P03","РЭК","Февраль","Объект 4","47","предоставление_в_ОМ_на_ППР_и_поверку","2026-02-16","до 900","до 900 16.02.2026","F13","нет","да"
"13","P03","РЭК","Февраль","Объект 4","47","вывоз_датчиков_из_ОМ","2026-02-24","","24.02.2026","G13","нет","да"
"13","P03","РЭК","Февраль","Объект 4","47","сдача_работ_комиссии","2026-02-27","","27.02.2026","H13","нет","да"
"14","P04","РЭК","Март","Объект 5","102","начало_демонтажа_датчиков","2026-03-02","","02.03.2026","E14","нет","нет"
"14","P04","РЭК","Март","Объект 5","102","предоставление_в_ОМ_на_ППР_и_поверку","2026-03-03","до 900","до 900 03.03.2026","F14","нет","нет"
"14","P04","РЭК","Март","Объект 5","102","вывоз_датчиков_из_ОМ","2026-03-13","","13.03.2026","G14","нет","нет"
"14","P04","РЭК","Март","Объект 5","102","сдача_работ_комиссии","2026-03-19","","19.03.2026","H14","нет","нет"
"15","P05","РЭК","Март","Объект 6","34","начало_демонтажа_датчиков","2026-03-23","","23.03.2026","E15","нет","да"
"15","P05","РЭК","Март","Объект 6","34","предоставление_в_ОМ_на_ППР_и_поверку","2026-03-24","до 900","до 900 24.03.2026","F15","нет","да"
"15","P05","РЭК","Март","Объект 6","34","вывоз_датчиков_из_ОМ","2026-04-03","","03.04.2026","G15","нет","да"
"15","P05","РЭК","Март","Объект 6","34","сдача_работ_комиссии","2026-04-08","","08.04.2026","H15","нет","да"
"16","P05","РЭК","Март","Объект 7","12","начало_демонтажа_датчиков","2026-03-23","","23.03.2026","E15","да","да"
"16","P05","РЭК","Март","Объект 7","12","предоставление_в_ОМ_на_ППР_и_поверку","2026-03-24","до 900","до 900 24.03.2026","F15","да","да"
"16","P05","РЭК","Март","Объект 7","12","вывоз_датчиков_из_ОМ","2026-04-03","","03.04.2026","G15","да","да"
"16","P05","РЭК","Март","Объект 7","12","сдача_работ_комиссии","2026-04-08","","08.04.2026","H15","да","да"
"17","P06","РЭК","Апрель","Объект 8","101","начало_демонтажа_датчиков","2026-04-09","","09.04.2026","E17","нет","нет"
"17","P06","РЭК","Апрель","Объект 8","101","предоставление_в_ОМ_на_ППР_и_поверку","2026-04-10","до 900","до 900 10.04.2026","F17","нет","нет"
"17","P06","РЭК","Апрель","Объект 8","101","вывоз_датчиков_из_ОМ","2026-04-17","","17.04.2026","G17","нет","нет"
"17","P06","РЭК","Апрель","Объект 8","101","сдача_работ_комиссии","2026-04-22","","22.04.2026","H17","нет","нет"
"18","P07","РЭК","Апрель","Объект 9","40","начало_демонтажа_датчиков","2026-04-23","","23.04.2026","E18","нет","да"
"18","P07","РЭК","Апрель","Объект 9","40","предоставление_в_ОМ_на_ППР_и_поверку","2026-04-24","до 900","до 900 24.04.2026","F18","нет","да"
"18","P07","РЭК","Апрель","Объект 9","40","вывоз_датчиков_из_ОМ","2026-05-07","","07.05.2026","G18","нет","да"
"18","P07","РЭК","Апрель","Объект 9","40","сдача_работ_комиссии","2026-05-14","","14.05.2026","H18","нет","да"
"19","P08","РЭК","Май","Объект 10","6","начало_демонтажа_датчиков","2026-05-15","","15.05.2026","E19","нет","нет"
"19","P08","РЭК","Май","Объект 10","6","предоставление_в_ОМ_на_ППР_и_поверку","2026-05-18","до 900","до 900 18.05.2026","F19","нет","нет"
"19","P08","РЭК","Май","Объект 10","6","вывоз_датчиков_из_ОМ","2026-05-26","","26.05.2026","G19","нет","нет"
"19","P08","РЭК","Май","Объект 10","6","сдача_работ_комиссии","2026-05-29","","29.05.2026","H19","нет","нет"
"20","P08","РЭК","Май","Объект 11","8","начало_демонтажа_датчиков","2026-05-15","","15.05.2026","E19","да","да"
"20","P08","РЭК","Май","Объект 11","8","предоставление_в_ОМ_на_ППР_и_поверку","2026-05-18","до 900","до 900 18.05.2026","F19","да","да"
"20","P08","РЭК","Май","Объект 11","8","вывоз_датчиков_из_ОМ","2026-05-26","","26.05.2026","G19","да","да"
"20","P08","РЭК","Май","Объект 11","8","сдача_работ_комиссии","2026-05-29","","29.05.2026","H19","да","да"
"21","P08","РЭК","Май","Объект 12","21","начало_демонтажа_датчиков","2026-05-15","","15.05.2026","E19","да","да"
"21","P08","РЭК","Май","Объект 12","21","предоставление_в_ОМ_на_ППР_и_поверку","2026-05-18","до 900","до 900 18.05.2026","F19","да","да"
"21","P08","РЭК","Май","Объект 12","21","вывоз_датчиков_из_ОМ","2026-05-26","","26.05.2026","G19","да","да"
"21","P08","РЭК","Май","Объект 12","21","сдача_работ_комиссии","2026-05-29","","29.05.2026","H19","да","да"
"22","P08","РЭК","Май","Объект 13","21","начало_демонтажа_датчиков","2026-05-15","","15.05.2026","E19","да","да"
"22","P08","РЭК","Май","Объект 13","21","предоставление_в_ОМ_на_ППР_и_поверку","2026-05-18","до 900","до 900 18.05.2026","F19","да","да"
"22","P08","РЭК","Май","Объект 13","21","вывоз_датчиков_из_ОМ","2026-05-26","","26.05.2026","G19","да","да"
"22","P08","РЭК","Май","Объект 13","21","сдача_работ_комиссии","2026-05-29","","29.05.2026","H19","да","да"
"23","P09","РЭК","Июнь","Объект 14","33","начало_демонтажа_датчиков","2026-06-04","","04.06.2026","E23","нет","нет"
"23","P09","РЭК","Июнь","Объект 14","33","предоставление_в_ОМ_на_ППР_и_поверку","2026-06-05","до 900","до 900 05.06.2026","F23","нет","нет"
"23","P09","РЭК","Июнь","Объект 14","33","вывоз_датчиков_из_ОМ","2026-06-18","","18.06.2026","G23","нет","нет"
"23","P09","РЭК","Июнь","Объект 14","33","сдача_работ_комиссии","2026-06-29","","29.06.2026","H23","нет","нет"
"24","P10","РЭК","Июль","Объект 15","41","начало_демонтажа_датчиков","2026-07-02","","02.07.2026","E24","нет","нет"
"24","P10","РЭК","Июль","Объект 15","41","предоставление_в_ОМ_на_ППР_и_поверку","2026-07-03","до 900","до 900 03.07.2026","F24","нет","нет"
"24","P10","РЭК","Июль","Объект 15","41","вывоз_датчиков_из_ОМ","2026-07-16","","16.07.2026","G24","нет","нет"
"24","P10","РЭК","Июль","Объект 15","41","сдача_работ_комиссии","2026-07-23","","23.07.2026","H24","нет","нет"
"25","P11","РЭК","Август","Объект 16","95","начало_демонтажа_датчиков","2026-07-28","","28.07.2026","E25","нет","нет"
"25","P11","РЭК","Август","Объект 16","95","предоставление_в_ОМ_на_ППР_и_поверку","2026-07-29","до 900","до 900 29.07.2026","F25","нет","нет"
"25","P11","РЭК","Август","Объект 16","95","вывоз_датчиков_из_ОМ","2026-08-14","","14.08.2026","G25","нет","нет"
"25","P11","РЭК","Август","Объект 16","95","сдача_работ_комиссии","2026-08-19","","19.08.2026","H25","нет","нет"
"26","P11","РЭК","Август","Объект 17","22","начало_демонтажа_датчиков","2026-07-28","","28.07.2026","E25","да","да"
"26","P11","РЭК","Август","Объект 17","22","предоставление_в_ОМ_на_ППР_и_поверку","2026-07-29","до 900","до 900 29.07.2026","F25","да","да"
"26","P11","РЭК","Август","Объект 17","22","вывоз_датчиков_из_ОМ","2026-08-14","","14.08.2026","G25","да","да"
"26","P11","РЭК","Август","Объект 17","22","сдача_работ_комиссии","2026-08-21","","21.08.2026","H26","нет","да"
"27","P12","РЭК","Август","Объект 18","21","начало_демонтажа_датчиков","2026-08-24","","24.08.2026","E27","нет","да"
"27","P12","РЭК","Август","Объект 18","21","предоставление_в_ОМ_на_ППР_и_поверку","2026-08-25","до 900","до 900 25.08.2026","F27","нет","да"
"27","P12","РЭК","Август","Объект 18","21","вывоз_датчиков_из_ОМ","2026-09-04","","04.09.2026","G27","нет","да"
"27","P12","РЭК","Август","Объект 18","21","сдача_работ_комиссии","2026-09-10","","10.09.2026","H27","нет","да"
"28","P12","РЭК","Август","Объект 19","5","начало_демонтажа_датчиков","2026-08-24","","24.08.2026","E27","да","да"
"28","P12","РЭК","Август","Объект 19","5","предоставление_в_ОМ_на_ППР_и_поверку","2026-08-25","до 900","до 900 25.08.2026","F27","да","да"
"28","P12","РЭК","Август","Объект 19","5","вывоз_датчиков_из_ОМ","2026-09-04","","04.09.2026","G27","да","да"
"28","P12","РЭК","Август","Объект 19","5","сдача_работ_комиссии","2026-09-10","","10.09.2026","H27","да","да"
"29","P13","РЭК","Сентябрь","Объект 20","79","начало_демонтажа_датчиков","2026-09-15","","15.09.2026","E29","нет","нет"
"29","P13","РЭК","Сентябрь","Объект 20","79","предоставление_в_ОМ_на_ППР_и_поверку","2026-09-16","до 900","до 900 16.09.2026","F29","нет","нет"
"29","P13","РЭК","Сентябрь","Объект 20","79","вывоз_датчиков_из_ОМ","2026-09-30","","30.09.2026","G29","нет","нет"
"29","P13","РЭК","Сентябрь","Объект 20","79","сдача_работ_комиссии","2026-10-07","","07.10.2026","H29","нет","нет"
"30","P13","РЭК","Сентябрь","Объект 21","17","начало_демонтажа_датчиков","2026-09-15","","15.09.2026","E29","да","да"
"30","P13","РЭК","Сентябрь","Объект 21","17","предоставление_в_ОМ_на_ППР_и_поверку","2026-09-16","до 900","до 900 16.09.2026","F29","да","да"
"30","P13","РЭК","Сентябрь","Объект 21","17","вывоз_датчиков_из_ОМ","2026-09-30","","30.09.2026","G29","да","да"
"30","P13","РЭК","Сентябрь","Объект 21","17","сдача_работ_комиссии","2026-10-08","","08.10.2026","H30","нет","да"
"31","P14","РЭК","Октябрь","Объект 22","22","начало_демонтажа_датчиков","2026-10-13","","13.10.2026","E31","нет","нет"
"31","P14","РЭК","Октябрь","Объект 22","22","предоставление_в_ОМ_на_ППР_и_поверку","2026-10-14","до 900","до 900 14.10.2026","F31","нет","нет"
"31","P14","РЭК","Октябрь","Объект 22","22","вывоз_датчиков_из_ОМ","2026-10-23","","23.10.2026","G31","нет","нет"
"31","P14","РЭК","Октябрь","Объект 22","22","сдача_работ_комиссии","2026-10-29","","29.10.2026","H31","нет","нет"
"32","P14","РЭК","Октябрь","Объект 23","36","начало_демонтажа_датчиков","2026-10-13","","13.10.2026","E31","да","да"
"32","P14","РЭК","Октябрь","Объект 23","36","предоставление_в_ОМ_на_ППР_и_поверку","2026-10-14","до 900","до 900 14.10.2026","F31","да","да"
"32","P14","РЭК","Октябрь","Объект 23","36","вывоз_датчиков_из_ОМ","2026-10-23","","23.10.2026","G31","да","да"
"32","P14","РЭК","Октябрь","Объект 23","36","сдача_работ_комиссии","2026-10-29","","29.10.2026","H31","да","да"
"33","P14","РЭК","Октябрь","Объект 24","4","начало_демонтажа_датчиков","2026-10-13","","13.10.2026","E31","да","да"
"33","P14","РЭК","Октябрь","Объект 24","4","предоставление_в_ОМ_на_ППР_и_поверку","2026-10-14","до 900","до 900 14.10.2026","F31","да","да"
"33","P14","РЭК","Октябрь","Объект 24","4","вывоз_датчиков_из_ОМ","2026-10-23","","23.10.2026","G31","да","да"
"33","P14","РЭК","Октябрь","Объект 24","4","сдача_работ_комиссии","2026-10-29","","29.10.2026","H31","да","да"
"34","P15","РЭК","Ноябрь","Объект 25","55","начало_демонтажа_датчиков","2026-11-05","","05.11.2026","E34","нет","нет"
"34","P15","РЭК","Ноябрь","Объект 25","55","предоставление_в_ОМ_на_ППР_и_поверку","2026-11-06","до 900","до 900 06.11.2026","F34","нет","нет"
"34","P15","РЭК","Ноябрь","Объект 25","55","вывоз_датчиков_из_ОМ","2026-11-19","","19.11.2026","G34","нет","нет"
"34","P15","РЭК","Ноябрь","Объект 25","55","сдача_работ_комиссии","2026-11-25","","25.11.2026","H34","нет","нет"
"35","P16","РЭК","Декабрь","Объект 26","55","начало_демонтажа_датчиков","2026-12-02","","02.12.2026","E35","нет","нет"
"35","P16","РЭК","Декабрь","Объект 26","55","предоставление_в_ОМ_на_ППР_и_поверку","2026-12-03","до 900","до 900 03.12.2026","F35","нет","нет"
"35","P16","РЭК","Декабрь","Объект 26","55","вывоз_датчиков_из_ОМ","2026-12-17","","17.12.2026","G35","нет","нет"
"35","P16","РЭК","Декабрь","Объект 26","55","сдача_работ_комиссии","2026-12-22","","22.12.2026","H35","нет","нет"
