row	A	B	C	D	E	F	G	H	I	J	K	L	M	N	O	P	Q	R	S
1										РЭК									
2							График ТО и ТР систем АКМ и ДУ на 2026г	График ТО и ТР систем АКМ и ДУ на 2026г	График ТО и ТР систем АКМ и ДУ на 2026г	График ТО и ТР систем АКМ и ДУ на 2026г	График ТО и ТР систем АКМ и ДУ на 2026г	График ТО и ТР систем АКМ и ДУ на 2026г	График ТО и ТР систем АКМ и ДУ на 2026г						
4		№ п.п.	Вид оборудования	Марка	Кол-во	ед.	Месяц ТО	Месяц ТО	Месяц ТО	Месяц ТО	Месяц ТО	Месяц ТО	Месяц ТО	Месяц ТО	Месяц ТО	Месяц ТО	Месяц ТО	Месяц ТО	Примечания
5		№ п.п.	Вид оборудования	Марка	Кол-во	ед.	янв.	февр.	март	апр.	май	июн.	июл.	авг.	сен.	окт.	ноя.	дек.	Примечания
6		1	Объект																
7				МОД	55	шт.		ТО			ТО			ТО			ТО+ТР		
8				Кабельные линии АКМ	11927	м.					ТО						ТО+ТР		
9				Кабельные линии ДУ	11860	м.					ТО						ТО+ТР		
10				МУИ	7	шт.		ТО			ТО			ТО			ТО+ТР		
11				БП	7	шт.		ТО			ТО			ТО			ТО+ТР		
12				БУиК, БСУ	16	шт.	ТО		ТО		ТО		ТО		ТО		ТО+ТР		
13		2	Объект																
14				Кабельные линии ДУ	7825	м.	ТО+ТР						ТО						
15				Кабельные линии АКМ	6930	м.	ТО+ТР						ТО						
16				БУиК, БСУ	12	шт.	ТО+ТР		ТО		ТО		ТО		ТО		ТО		
17				Аппарат сигнализации (АС-9)	20	шт.	ТО+ТР		ТО		ТО		ТО		ТО		ТО		
18				Газоанализаторы	56	шт.	ТО+ТР		ТО		ТО		ТО		ТО		ТО		
19		3	Объект																
20				Кабельные линии ДУ	12168	м.		ТО+ТР						ТО					
21				Кабельные линии АКМ	14426	м.		ТО+ТР						ТО					
22				МУСБ	42	шт.		ТО+ТР			ТО			ТО			ТО		
23				Газоанализаторы	62	шт.		ТО+ТР			ТО			ТО			ТО		
24				ПККГ	3	шт.		ТО+ТР			ТО			ТО			ТО		
25				БП	5	шт.		ТО+ТР			ТО			ТО			ТО		
26				Повторитель интерфейса	13	шт.		ТО+ТР			ТО			ТО			ТО		
27				Двухпортовый преобразователь	2	шт.		ТО+ТР			ТО			ТО			ТО		
28		4	Объект																
29				Кабельные линии ДУ	1135	м.	ТО+ТР						ТО						
30				Пульт СЗ (ПУИ)	1	шт.	ТО+ТР		ТО		ТО		ТО		ТО		ТО		
31				Кабельные линии АКМ	930	м.	ТО+ТР						ТО						
32				БП	1	шт.	ТО+ТР		ТО		ТО		ТО		ТО		ТО		
33				БУиК, БСУ	3	шт.	ТО+ТР		ТО		ТО		ТО		ТО		ТО		
34				Газоанализаторы	13	шт.	ТО+ТР		ТО		ТО		ТО		ТО		ТО		
35		5	Объект																
36				Газоанализаторы	34	шт.	ТО			ТО+ТР			ТО			ТО			
37				Кабельные линии ДУ	9903	м.				ТО+ТР						ТО			
38				Кабельные линии АКМ	13749	м.				ТО+ТР						ТО			
39				БУиК, БСУ	8	шт.		ТО		ТО+ТР		ТО		ТО		ТО		ТО	
40				ПККГ	3	шт.	ТО			ТО+ТР			ТО			ТО			
41				БП	6	шт.	ТО			ТО+ТР			ТО			ТО			
42				Повторитель интерфейса	1	шт.	ТО			ТО+ТР			ТО			ТО			
43				Двухпортовый преобразователь	3	шт.	ТО			ТО+ТР			ТО			ТО			
44		6	Объект																
45		6	Объект																
46				Кабельные линии АКМ	2606	м.				ТО+ТР						ТО			
47				Кабельные линии ДУ	2536	м.				ТО+ТР						ТО			
48				Пульт СЗ (ПУИ)	1	шт.		ТО		ТО+ТР		ТО		ТО		ТО		ТО	
49				БП	1	шт.		ТО		ТО+ТР		ТО		ТО		ТО		ТО	
50				БУиК, БСУ	2	шт.		ТО		ТО+ТР		ТО		ТО		ТО		ТО	
51				Газоанализаторы	12	шт.		ТО		ТО+ТР		ТО		ТО		ТО		ТО	
52		7	Объект																
53				Пульт СЗ (ПУИ)	4	шт.		ТО		ТО+ТР		ТО		ТО		ТО		ТО	
54				Кабельные линии АКМ	13300	м.				ТО+ТР						ТО			
55				Кабельные линии ДУ	6781	м.				ТО+ТР						ТО			
56				МУСБ	68	шт.	ТО			ТО+ТР			ТО			ТО			
57				Усилитель линии УСЛБ-А	6	шт.	ТО			ТО+ТР			ТО			ТО			
58				БП	1	шт.		ТО		ТО+ТР		ТО		ТО		ТО		ТО	
59				БУиК, БСУ	4	шт.		ТО		ТО+ТР		ТО		ТО		ТО		ТО	
60				Газоанализаторы	101	шт.		ТО		ТО+ТР		ТО		ТО		ТО		ТО	
61		8	Объект																
62				Кабельные линии ДУ	5670	м.		ТО+ТР						ТО					
63				Пульт СЗ (ПУИ)	1	шт.		ТО+ТР		ТО		ТО		ТО		ТО		ТО	
64				Кабельные линии АКМ	7850	м.		ТО+ТР						ТО					
65				БП	1	шт.		ТО+ТР		ТО		ТО		ТО		ТО		ТО	
66				БУиК, БСУ	8	шт.		ТО+ТР		ТО		ТО		ТО		ТО		ТО	
67				Газоанализаторы	47	шт.		ТО+ТР		ТО		ТО		ТО		ТО		ТО	
68		9	к-р Ясенево																
69				Кабельные линии ДУ	7275	м.					ТО+ТР						ТО		
70				МУСБ	45	шт.		ТО			ТО+ТР			ТО			ТО		
71				ИБП	4	шт.		ТО			ТО+ТР			ТО			ТО		
72				Кабельные линии АКМ	40	м.					ТО+ТР						ТО		
73				УЛСБ	6	шт.		ТО			ТО+ТР			ТО			ТО		
74				Газоанализаторы	95	шт.													
76		№ п.п.	Вид оборудования	Марка	Кол-во	ед.												ТО	Примечания
77				ГАСБ	40	шт.		ТО			ТО+ТР			ТО			ТО		
78		10	Объект																
79				Кабельные линии ДУ	490	м.					ТО+ТР						ТО		
80				БУиК, БСУ	3	шт.	ТО		ТО		ТО+ТР		ТО		ТО		ТО		
81		11	Объект																
82				Кабельные линии ДУ	1190	м.					ТО+ТР						ТО		
83				Кабельные линии АКМ	1687	м.					ТО+ТР						ТО		
84				БУиК, БСУ	2	шт.	ТО		ТО		ТО+ТР		ТО		ТО		ТО		
85				Пульт СЗ (ПУИ)	1	шт.	ТО		ТО		ТО+ТР		ТО		ТО		ТО		
86				Газоанализаторы	14	шт.	ТО		ТО		ТО+ТР		ТО		ТО		ТО		
87		12	Объект																
88				БП	1	шт.	ТО		ТО		ТО+ТР		ТО		ТО		ТО		
89				Кабельные линии ДУ	2530	м.					ТО+ТР						ТО		
90				Газоанализаторы	21	шт.	ТО		ТО		ТО+ТР		ТО		ТО		ТО		
91				БУиК, БСУ	4	шт.	ТО		ТО		ТО+ТР		ТО		ТО		ТО		
92		13	Объект																
93				Кабельные линии ДУ	3805	м.					ТО+ТР						ТО		
94				Газоанализаторы	21	шт.	ТО		ТО		ТО+ТР		ТО		ТО		ТО		
95				БУиК, БСУ	2	шт.	ТО		ТО		ТО+ТР		ТО		ТО		ТО		
96				Кабельные линии АКМ	6910	м.					ТО+ТР						ТО		
97				Пульт СЗ (ПУИ)	1	шт.	ТО		ТО		ТО+ТР		ТО		ТО		ТО		
98		14	Объект																
99				Кабельные линии ДУ	1707	м.						ТО+ТР						ТО	
100				МУСБ	43	шт.			ТО			ТО+ТР			ТО			ТО	
101				Кабельные линии АКМ	27.5	м.						ТО+ТР						ТО	
102				ГАСБ	33	шт.			ТО			ТО+ТР			ТО			ТО	
103		15	Объект																
104				Газоанализаторы	41	шт.	ТО			ТО			ТО+ТР			ТО			
105				Кабельные линии ДУ	4172	м.	ТО						ТО+ТР						
106				Кабельные линии АКМ	8125	м.	ТО						ТО+ТР						
107				МУСБ	27	шт.	ТО			ТО			ТО+ТР			ТО			
108				ПККГ	2	шт.	ТО			ТО			ТО+ТР			ТО			
109				БП	3	шт.	ТО			ТО			ТО+ТР			ТО			
110				Повторитель интерфейса	7	шт.	ТО			ТО			ТО+ТР			ТО			
111		16	Объект																
112				Кабельные линии ДУ	28090	м.			ТО+ТР						ТО				
113				Пульт СЗ (ПУИ)	3	шт.	ТО		ТО+ТР		ТО		ТО		ТО		ТО		
114				БП	2	шт.	ТО		ТО+ТР		ТО		ТО		ТО		ТО		
115				Кабельные линии АКМ	21800	м.			ТО+ТР						ТО				
116				БУиК, БСУ	24	шт.	ТО		ТО+ТР		ТО		ТО		ТО		ТО		
117				Газоанализаторы	102	шт.	ТО		ТО+ТР		ТО		ТО		ТО		ТО		
118		17	Объект																
119				Кабельные линии ДУ	1155	м.			ТО						ТО+ТР				
120				Кабельные линии АКМ	26	м.			ТО						ТО+ТР				
121				МУСБ	79	шт.			ТО			ТО			ТО+ТР			ТО	
122				ГАСБ	26	шт.			ТО			ТО			ТО+ТР			ТО	
123				ИБП	3	шт.			ТО			ТО			ТО+ТР			ТО	
124				БП	3	шт.			ТО			ТО			ТО+ТР			ТО	
125				БП	8	шт.								ТР	ТР				
126		№ п.п.	Вид оборудования	Марка	Кол-во	ед.	Месяц ТО												Примечания
127				УЛСБ-А	22	шт.			ТО			ТО			ТО+ТР			ТО	
128		18	Объект																
129				Газоанализаторы	79	шт.	ТО			ТО			ТО			ТО+ТР			
130				Кабельные линии ДУ	1055	м.				ТО						ТО+ТР			
131				Повторитель интерфейса	9	шт.	ТО			ТО			ТО			ТО+ТР			
132				Двухпортовый преобразователь N-port 5232	2	шт.	ТО			ТО			ТО			ТО+ТР			
133				ПККГ	4	шт.	ТО			ТО			ТО			ТО+ТР			
134				БП	4	шт.	ТО			ТО			ТО			ТО+ТР			
135				Кабельные линии АКМ	11918	м.				ТО						ТО+ТР			
136				МУСБ	59	шт.	ТО			ТО			ТО			ТО+ТР			
137		19	Объект																
138				Кабельные линии ДУ	1449	м.				ТО						ТО+ТР			
139				Кабельные линии АКМ	1458	шт.				ТО						ТО+ТР			
140				МУСБ	9	шт.	ТО			ТО			ТО			ТО+ТР			
141				ГАСБ	17	шт.	ТО			ТО			ТО			ТО+ТР			
142				ИБП	2	шт.	ТО			ТО			ТО			ТО+ТР			
143				УЛСБ-А	2	шт.	ТО			ТО			ТО			ТО+ТР			
144		20	Объект																
145			Объект	Кабельные линии ДУ	3570	м.				ТО						ТО+ТР			
146				Кабельные линии АКМ	1850	м.				ТО						ТО+ТР			
147				БУиК, БСУ	3	шт.		ТО		ТО		ТО		ТО		ТО+ТР		ТО	
148				Аппарат сигнализации (АС-9)	8	шт.		ТО		ТО		ТО		ТО		ТО+ТР		ТО	
149				Газоанализаторы	22	шт.		ТО		ТО		ТО		ТО		ТО+ТР		ТО	
150		21	Объект	Кабельные линии ДУ	5740	м.				ТО						ТО+ТР			
151				Кабельные линии АКМ	40	м.				ТО						ТО+ТР			
152				МУСБ	31	шт.	ТО			ТО			ТО			ТО+ТР			
153				ГАСБ	36	шт.	ТО			ТО			ТО			ТО+ТР			
154				ИБП	4	шт.	ТО			ТО			ТО			ТО+ТР			
155				УЛСБ-А	6	шт.	ТО			ТО			ТО			ТО+ТР			
156		22	Объект																
157				ГАСБ	4	шт.	ТО			ТО			ТО			ТО+ТР			
158				Кабельные линии АКМ	4	м.				ТО						ТО+ТР			
159		23	Объект																
160				Кабельные линии ДУ	5310	м.		ТО						ТО+ТР					
161				Пульт СЗ (ПУИ)	3	шт.		ТО		ТО		ТО		ТО+ТР		ТО		ТО	
162				БП	2	шт.		ТО		ТО		ТО		ТО+ТР		ТО		ТО	
163				Кабельные линии АКМ	17346	м.		ТО						ТО+ТР					
164				УЛСБ-А	3	шт.		ТО			ТО			ТО+ТР			ТО		
165				МУСБ	15	шт.		ТО			ТО			ТО+ТР			ТО		
166				БУиК, БСУ	6	шт.		ТО		ТО		ТО		ТО+ТР		ТО		ТО	
167				Газоанализаторы	117	шт.		ТО		ТО		ТО		ТО+ТР		ТО		ТО	
168		24	Объект																
169				Кабельные линии ДУ	1135	м.						ТО						ТО+ТР	
170				Кабельные линии АКМ	520	м.						ТО						ТО+ТР	
171				МУСБ	49	шт.			ТО			ТО			ТО			ТО+ТР	
172				ГАСБ	55	шт.			ТО			ТО			ТО			ТО+ТР	
