строка_xlsx,строка_скрыта,объект_номер,объект_имя,вид_оборудования,количество,единица,вид_работ,месяц_план,периодичность,примечание
7,0,1,Объект,МОД,55,шт.,ТО,2026-02,"4 раз/год, шаг 3 мес",
7,0,1,Объект,МОД,55,шт.,ТО,2026-05,"4 раз/год, шаг 3 мес",
7,0,1,Объект,МОД,55,шт.,ТО,2026-08,"4 раз/год, шаг 3 мес",
7,0,1,Объект,МОД,55,шт.,ТО+ТР,2026-11,"4 раз/год, шаг 3 мес",
8,0,1,Объект,Кабельные линии АКМ,11927,м.,ТО,2026-05,"2 раз/год, шаг 6 мес",
8,0,1,Объект,Кабельные линии АКМ,11927,м.,ТО+ТР,2026-11,"2 раз/год, шаг 6 мес",
9,0,1,Объект,Кабельные линии ДУ,11860,м.,ТО,2026-05,"2 раз/год, шаг 6 мес",
9,0,1,Объект,Кабельные линии ДУ,11860,м.,ТО+ТР,2026-11,"2 раз/год, шаг 6 мес",
10,0,1,Объект,МУИ,7,шт.,ТО,2026-02,"4 раз/год, шаг 3 мес",
10,0,1,Объект,МУИ,7,шт.,ТО,2026-05,"4 раз/год, шаг 3 мес",
10,0,1,Объект,МУИ,7,шт.,ТО,2026-08,"4 раз/год, шаг 3 мес",
10,0,1,Объект,МУИ,7,шт.,ТО+ТР,2026-11,"4 раз/год, шаг 3 мес",
11,0,1,Объект,БП,7,шт.,ТО,2026-02,"4 раз/год, шаг 3 мес",
11,0,1,Объект,БП,7,шт.,ТО,2026-05,"4 раз/год, шаг 3 мес",
11,0,1,Объект,БП,7,шт.,ТО,2026-08,"4 раз/год, шаг 3 мес",
11,0,1,Объект,БП,7,шт.,ТО+ТР,2026-11,"4 раз/год, шаг 3 мес",
12,0,1,Объект,"БУиК, БСУ",16,шт.,ТО,2026-01,"6 раз/год, шаг 2 мес",
12,0,1,Объект,"БУиК, БСУ",16,шт.,ТО,2026-03,"6 раз/год, шаг 2 мес",
12,0,1,Объект,"БУиК, БСУ",16,шт.,ТО,2026-05,"6 раз/год, шаг 2 мес",
12,0,1,Объект,"БУиК, БСУ",16,шт.,ТО,2026-07,"6 раз/год, шаг 2 мес",
12,0,1,Объект,"БУиК, БСУ",16,шт.,ТО,2026-09,"6 раз/год, шаг 2 мес",
12,0,1,Объект,"БУиК, БСУ",16,шт.,ТО+ТР,2026-11,"6 раз/год, шаг 2 мес",
14,0,2,Объект,Кабельные линии ДУ,7825,м.,ТО+ТР,2026-01,"2 раз/год, шаг 6 мес",
14,0,2,Объект,Кабельные линии ДУ,7825,м.,ТО,2026-07,"2 раз/год, шаг 6 мес",
15,0,2,Объект,Кабельные линии АКМ,6930,м.,ТО+ТР,2026-01,"2 раз/год, шаг 6 мес",
15,0,2,Объект,Кабельные линии АКМ,6930,м.,ТО,2026-07,"2 раз/год, шаг 6 мес",
16,0,2,Объект,"БУиК, БСУ",12,шт.,ТО+ТР,2026-01,"6 раз/год, шаг 2 мес",
16,0,2,Объект,"БУиК, БСУ",12,шт.,ТО,2026-03,"6 раз/год, шаг 2 мес",
16,0,2,Объект,"БУиК, БСУ",12,шт.,ТО,2026-05,"6 раз/год, шаг 2 мес",
16,0,2,Объект,"БУиК, БСУ",12,шт.,ТО,2026-07,"6 раз/год, шаг 2 мес",
16,0,2,Объект,"БУиК, БСУ",12,шт.,ТО,2026-09,"6 раз/год, шаг 2 мес",
16,0,2,Объект,"БУиК, БСУ",12,шт.,ТО,2026-11,"6 раз/год, шаг 2 мес",
17,0,2,Объект,Аппарат сигнализации (АС-9),20,шт.,ТО+ТР,2026-01,"6 раз/год, шаг 2 мес",
17,0,2,Объект,Аппарат сигнализации (АС-9),20,шт.,ТО,2026-03,"6 раз/год, шаг 2 мес",
17,0,2,Объект,Аппарат сигнализации (АС-9),20,шт.,ТО,2026-05,"6 раз/год, шаг 2 мес",
17,0,2,Объект,Аппарат сигнализации (АС-9),20,шт.,ТО,2026-07,"6 раз/год, шаг 2 мес",
17,0,2,Объект,Аппарат сигнализации (АС-9),20,шт.,ТО,2026-09,"6 раз/год, шаг 2 мес",
17,0,2,Объект,Аппарат сигнализации (АС-9),20,шт.,ТО,2026-11,"6 раз/год, шаг 2 мес",
18,0,2,Объект,Газоанализаторы,56,шт.,ТО+ТР,2026-01,"6 раз/год, шаг 2 мес",
18,0,2,Объект,Газоанализаторы,56,шт.,ТО,2026-03,"6 раз/год, шаг 2 мес",
18,0,2,Объект,Газоанализаторы,56,шт.,ТО,2026-05,"6 раз/год, шаг 2 мес",
18,0,2,Объект,Газоанализаторы,56,шт.,ТО,2026-07,"6 раз/год, шаг 2 мес",
18,0,2,Объект,Газоанализаторы,56,шт.,ТО,2026-09,"6 раз/год, шаг 2 мес",
18,0,2,Объект,Газоанализаторы,56,шт.,ТО,2026-11,"6 раз/год, шаг 2 мес",
20,0,3,Объект,Кабельные линии ДУ,12168,м.,ТО+ТР,2026-02,"2 раз/год, шаг 6 мес",
20,0,3,Объект,Кабельные линии ДУ,12168,м.,ТО,2026-08,"2 раз/год, шаг 6 мес",
21,0,3,Объект,Кабельные линии АКМ,14426,м.,ТО+ТР,2026-02,"2 раз/год, шаг 6 мес",
21,0,3,Объект,Кабельные линии АКМ,14426,м.,ТО,2026-08,"2 раз/год, шаг 6 мес",
22,0,3,Объект,МУСБ,42,шт.,ТО+ТР,2026-02,"4 раз/год, шаг 3 мес",
22,0,3,Объект,МУСБ,42,шт.,ТО,2026-05,"4 раз/год, шаг 3 мес",
22,0,3,Объект,МУСБ,42,шт.,ТО,2026-08,"4 раз/год, шаг 3 мес",
22,0,3,Объект,МУСБ,42,шт.,ТО,2026-11,"4 раз/год, шаг 3 мес",
23,0,3,Объект,Газоанализаторы,62,шт.,ТО+ТР,2026-02,"4 раз/год, шаг 3 мес",
23,0,3,Объект,Газоанализаторы,62,шт.,ТО,2026-05,"4 раз/год, шаг 3 мес",
23,0,3,Объект,Газоанализаторы,62,шт.,ТО,2026-08,"4 раз/год, шаг 3 мес",
23,0,3,Объект,Газоанализаторы,62,шт.,ТО,2026-11,"4 раз/год, шаг 3 мес",
24,0,3,Объект,ПККГ,3,шт.,ТО+ТР,2026-02,"4 раз/год, шаг 3 мес",
24,0,3,Объект,ПККГ,3,шт.,ТО,2026-05,"4 раз/год, шаг 3 мес",
24,0,3,Объект,ПККГ,3,шт.,ТО,2026-08,"4 раз/год, шаг 3 мес",
24,0,3,Объект,ПККГ,3,шт.,ТО,2026-11,"4 раз/год, шаг 3 мес",
25,0,3,Объект,БП,5,шт.,ТО+ТР,2026-02,"4 раз/год, шаг 3 мес",
25,0,3,Объект,БП,5,шт.,ТО,2026-05,"4 раз/год, шаг 3 мес",
25,0,3,Объект,БП,5,шт.,ТО,2026-08,"4 раз/год, шаг 3 мес",
25,0,3,Объект,БП,5,шт.,ТО,2026-11,"4 раз/год, шаг 3 мес",
26,0,3,Объект,Повторитель интерфейса,13,шт.,ТО+ТР,2026-02,"4 раз/год, шаг 3 мес",
26,0,3,Объект,Повторитель интерфейса,13,шт.,ТО,2026-05,"4 раз/год, шаг 3 мес",
26,0,3,Объект,Повторитель интерфейса,13,шт.,ТО,2026-08,"4 раз/год, шаг 3 мес",
26,0,3,Объект,Повторитель интерфейса,13,шт.,ТО,2026-11,"4 раз/год, шаг 3 мес",
27,0,3,Объект,Двухпортовый преобразователь,2,шт.,ТО+ТР,2026-02,"4 раз/год, шаг 3 мес",
27,0,3,Объект,Двухпортовый преобразователь,2,шт.,ТО,2026-05,"4 раз/год, шаг 3 мес",
27,0,3,Объект,Двухпортовый преобразователь,2,шт.,ТО,2026-08,"4 раз/год, шаг 3 мес",
27,0,3,Объект,Двухпортовый преобразователь,2,шт.,ТО,2026-11,"4 раз/год, шаг 3 мес",
29,0,4,Объект,Кабельные линии ДУ,1135,м.,ТО+ТР,2026-01,"2 раз/год, шаг 6 мес",
29,0,4,Объект,Кабельные линии ДУ,1135,м.,ТО,2026-07,"2 раз/год, шаг 6 мес",
30,0,4,Объект,Пульт СЗ (ПУИ),1,шт.,ТО+ТР,2026-01,"6 раз/год, шаг 2 мес",
30,0,4,Объект,Пульт СЗ (ПУИ),1,шт.,ТО,2026-03,"6 раз/год, шаг 2 мес",
30,0,4,Объект,Пульт СЗ (ПУИ),1,шт.,ТО,2026-05,"6 раз/год, шаг 2 мес",
30,0,4,Объект,Пульт СЗ (ПУИ),1,шт.,ТО,2026-07,"6 раз/год, шаг 2 мес",
30,0,4,Объект,Пульт СЗ (ПУИ),1,шт.,ТО,2026-09,"6 раз/год, шаг 2 мес",
30,0,4,Объект,Пульт СЗ (ПУИ),1,шт.,ТО,2026-11,"6 раз/год, шаг 2 мес",
31,0,4,Объект,Кабельные линии АКМ,930,м.,ТО+ТР,2026-01,"2 раз/год, шаг 6 мес",
31,0,4,Объект,Кабельные линии АКМ,930,м.,ТО,2026-07,"2 раз/год, шаг 6 мес",
32,0,4,Объект,БП,1,шт.,ТО+ТР,2026-01,"6 раз/год, шаг 2 мес",
32,0,4,Объект,БП,1,шт.,ТО,2026-03,"6 раз/год, шаг 2 мес",
32,0,4,Объект,БП,1,шт.,ТО,2026-05,"6 раз/год, шаг 2 мес",
32,0,4,Объект,БП,1,шт.,ТО,2026-07,"6 раз/год, шаг 2 мес",
32,0,4,Объект,БП,1,шт.,ТО,2026-09,"6 раз/год, шаг 2 мес",
32,0,4,Объект,БП,1,шт.,ТО,2026-11,"6 раз/год, шаг 2 мес",
33,0,4,Объект,"БУиК, БСУ",3,шт.,ТО+ТР,2026-01,"6 раз/год, шаг 2 мес",
33,0,4,Объект,"БУиК, БСУ",3,шт.,ТО,2026-03,"6 раз/год, шаг 2 мес",
33,0,4,Объект,"БУиК, БСУ",3,шт.,ТО,2026-05,"6 раз/год, шаг 2 мес",
33,0,4,Объект,"БУиК, БСУ",3,шт.,ТО,2026-07,"6 раз/год, шаг 2 мес",
33,0,4,Объект,"БУиК, БСУ",3,шт.,ТО,2026-09,"6 раз/год, шаг 2 мес",
33,0,4,Объект,"БУиК, БСУ",3,шт.,ТО,2026-11,"6 раз/год, шаг 2 мес",
34,0,4,Объект,Газоанализаторы,13,шт.,ТО+ТР,2026-01,"6 раз/год, шаг 2 мес",
34,0,4,Объект,Газоанализаторы,13,шт.,ТО,2026-03,"6 раз/год, шаг 2 мес",
34,0,4,Объект,Газоанализаторы,13,шт.,ТО,2026-05,"6 раз/год, шаг 2 мес",
34,0,4,Объект,Газоанализаторы,13,шт.,ТО,2026-07,"6 раз/год, шаг 2 мес",
34,0,4,Объект,Газоанализаторы,13,шт.,ТО,2026-09,"6 раз/год, шаг 2 мес",
34,0,4,Объект,Газоанализаторы,13,шт.,ТО,2026-11,"6 раз/год, шаг 2 мес",
36,0,5,Объект,Газоанализаторы,34,шт.,ТО,2026-01,"4 раз/год, шаг 3 мес",
36,0,5,Объект,Газоанализаторы,34,шт.,ТО+ТР,2026-04,"4 раз/год, шаг 3 мес",
36,0,5,Объект,Газоанализаторы,34,шт.,ТО,2026-07,"4 раз/год, шаг 3 мес",
36,0,5,Объект,Газоанализаторы,34,шт.,ТО,2026-10,"4 раз/год, шаг 3 мес",
37,0,5,Объект,Кабельные линии ДУ,9903,м.,ТО+ТР,2026-04,"2 раз/год, шаг 6 мес",
37,0,5,Объект,Кабельные линии ДУ,9903,м.,ТО,2026-10,"2 раз/год, шаг 6 мес",
38,0,5,Объект,Кабельные линии АКМ,13749,м.,ТО+ТР,2026-04,"2 раз/год, шаг 6 мес",
38,0,5,Объект,Кабельные линии АКМ,13749,м.,ТО,2026-10,"2 раз/год, шаг 6 мес",
39,0,5,Объект,"БУиК, БСУ",8,шт.,ТО,2026-02,"6 раз/год, шаг 2 мес",
39,0,5,Объект,"БУиК, БСУ",8,шт.,ТО+ТР,2026-04,"6 раз/год, шаг 2 мес",
39,0,5,Объект,"БУиК, БСУ",8,шт.,ТО,2026-06,"6 раз/год, шаг 2 мес",
39,0,5,Объект,"БУиК, БСУ",8,шт.,ТО,2026-08,"6 раз/год, шаг 2 мес",
39,0,5,Объект,"БУиК, БСУ",8,шт.,ТО,2026-10,"6 раз/год, шаг 2 мес",
39,0,5,Объект,"БУиК, БСУ",8,шт.,ТО,2026-12,"6 раз/год, шаг 2 мес",
40,0,5,Объект,ПККГ,3,шт.,ТО,2026-01,"4 раз/год, шаг 3 мес",
40,0,5,Объект,ПККГ,3,шт.,ТО+ТР,2026-04,"4 раз/год, шаг 3 мес",
40,0,5,Объект,ПККГ,3,шт.,ТО,2026-07,"4 раз/год, шаг 3 мес",
40,0,5,Объект,ПККГ,3,шт.,ТО,2026-10,"4 раз/год, шаг 3 мес",
41,0,5,Объект,БП,6,шт.,ТО,2026-01,"4 раз/год, шаг 3 мес",
41,0,5,Объект,БП,6,шт.,ТО+ТР,2026-04,"4 раз/год, шаг 3 мес",
41,0,5,Объект,БП,6,шт.,ТО,2026-07,"4 раз/год, шаг 3 мес",
41,0,5,Объект,БП,6,шт.,ТО,2026-10,"4 раз/год, шаг 3 мес",
42,0,5,Объект,Повторитель интерфейса,1,шт.,ТО,2026-01,"4 раз/год, шаг 3 мес",
42,0,5,Объект,Повторитель интерфейса,1,шт.,ТО+ТР,2026-04,"4 раз/год, шаг 3 мес",
42,0,5,Объект,Повторитель интерфейса,1,шт.,ТО,2026-07,"4 раз/год, шаг 3 мес",
42,0,5,Объект,Повторитель интерфейса,1,шт.,ТО,2026-10,"4 раз/год, шаг 3 мес",
43,0,5,Объект,Двухпортовый преобразователь,3,шт.,ТО,2026-01,"4 раз/год, шаг 3 мес",
43,0,5,Объект,Двухпортовый преобразователь,3,шт.,ТО+ТР,2026-04,"4 раз/год, шаг 3 мес",
43,0,5,Объект,Двухпортовый преобразователь,3,шт.,ТО,2026-07,"4 раз/год, шаг 3 мес",
43,0,5,Объект,Двухпортовый преобразователь,3,шт.,ТО,2026-10,"4 раз/год, шаг 3 мес",
46,0,6,Объект,Кабельные линии АКМ,2606,м.,ТО+ТР,2026-04,"2 раз/год, шаг 6 мес",
46,0,6,Объект,Кабельные линии АКМ,2606,м.,ТО,2026-10,"2 раз/год, шаг 6 мес",
47,0,6,Объект,Кабельные линии ДУ,2536,м.,ТО+ТР,2026-04,"2 раз/год, шаг 6 мес",
47,0,6,Объект,Кабельные линии ДУ,2536,м.,ТО,2026-10,"2 раз/год, шаг 6 мес",
48,0,6,Объект,Пульт СЗ (ПУИ),1,шт.,ТО,2026-02,"6 раз/год, шаг 2 мес",
48,0,6,Объект,Пульт СЗ (ПУИ),1,шт.,ТО+ТР,2026-04,"6 раз/год, шаг 2 мес",
48,0,6,Объект,Пульт СЗ (ПУИ),1,шт.,ТО,2026-06,"6 раз/год, шаг 2 мес",
48,0,6,Объект,Пульт СЗ (ПУИ),1,шт.,ТО,2026-08,"6 раз/год, шаг 2 мес",
48,0,6,Объект,Пульт СЗ (ПУИ),1,шт.,ТО,2026-10,"6 раз/год, шаг 2 мес",
48,0,6,Объект,Пульт СЗ (ПУИ),1,шт.,ТО,2026-12,"6 раз/год, шаг 2 мес",
49,0,6,Объект,БП,1,шт.,ТО,2026-02,"6 раз/год, шаг 2 мес",
49,0,6,Объект,БП,1,шт.,ТО+ТР,2026-04,"6 раз/год, шаг 2 мес",
49,0,6,Объект,БП,1,шт.,ТО,2026-06,"6 раз/год, шаг 2 мес",
49,0,6,Объект,БП,1,шт.,ТО,2026-08,"6 раз/год, шаг 2 мес",
49,0,6,Объект,БП,1,шт.,ТО,2026-10,"6 раз/год, шаг 2 мес",
49,0,6,Объект,БП,1,шт.,ТО,2026-12,"6 раз/год, шаг 2 мес",
50,0,6,Объект,"БУиК, БСУ",2,шт.,ТО,2026-02,"6 раз/год, шаг 2 мес",
50,0,6,Объект,"БУиК, БСУ",2,шт.,ТО+ТР,2026-04,"6 раз/год, шаг 2 мес",
50,0,6,Объект,"БУиК, БСУ",2,шт.,ТО,2026-06,"6 раз/год, шаг 2 мес",
50,0,6,Объект,"БУиК, БСУ",2,шт.,ТО,2026-08,"6 раз/год, шаг 2 мес",
50,0,6,Объект,"БУиК, БСУ",2,шт.,ТО,2026-10,"6 раз/год, шаг 2 мес",
50,0,6,Объект,"БУиК, БСУ",2,шт.,ТО,2026-12,"6 раз/год, шаг 2 мес",
51,0,6,Объект,Газоанализаторы,12,шт.,ТО,2026-02,"6 раз/год, шаг 2 мес",
51,0,6,Объект,Газоанализаторы,12,шт.,ТО+ТР,2026-04,"6 раз/год, шаг 2 мес",
51,0,6,Объект,Газоанализаторы,12,шт.,ТО,2026-06,"6 раз/год, шаг 2 мес",
51,0,6,Объект,Газоанализаторы,12,шт.,ТО,2026-08,"6 раз/год, шаг 2 мес",
51,0,6,Объект,Газоанализаторы,12,шт.,ТО,2026-10,"6 раз/год, шаг 2 мес",
51,0,6,Объект,Газоанализаторы,12,шт.,ТО,2026-12,"6 раз/год, шаг 2 мес",
53,0,7,Объект,Пульт СЗ (ПУИ),4,шт.,ТО,2026-02,"6 раз/год, шаг 2 мес",
53,0,7,Объект,Пульт СЗ (ПУИ),4,шт.,ТО+ТР,2026-04,"6 раз/год, шаг 2 мес",
53,0,7,Объект,Пульт СЗ (ПУИ),4,шт.,ТО,2026-06,"6 раз/год, шаг 2 мес",
53,0,7,Объект,Пульт СЗ (ПУИ),4,шт.,ТО,2026-08,"6 раз/год, шаг 2 мес",
53,0,7,Объект,Пульт СЗ (ПУИ),4,шт.,ТО,2026-10,"6 раз/год, шаг 2 мес",
53,0,7,Объект,Пульт СЗ (ПУИ),4,шт.,ТО,2026-12,"6 раз/год, шаг 2 мес",
54,0,7,Объект,Кабельные линии АКМ,13300,м.,ТО+ТР,2026-04,"2 раз/год, шаг 6 мес",
54,0,7,Объект,Кабельные линии АКМ,13300,м.,ТО,2026-10,"2 раз/год, шаг 6 мес",
55,0,7,Объект,Кабельные линии ДУ,6781,м.,ТО+ТР,2026-04,"2 раз/год, шаг 6 мес",
55,0,7,Объект,Кабельные линии ДУ,6781,м.,ТО,2026-10,"2 раз/год, шаг 6 мес",
56,0,7,Объект,МУСБ,68,шт.,ТО,2026-01,"4 раз/год, шаг 3 мес",
56,0,7,Объект,МУСБ,68,шт.,ТО+ТР,2026-04,"4 раз/год, шаг 3 мес",
56,0,7,Объект,МУСБ,68,шт.,ТО,2026-07,"4 раз/год, шаг 3 мес",
56,0,7,Объект,МУСБ,68,шт.,ТО,2026-10,"4 раз/год, шаг 3 мес",
57,0,7,Объект,Усилитель линии УСЛБ-А,6,шт.,ТО,2026-01,"4 раз/год, шаг 3 мес",
57,0,7,Объект,Усилитель линии УСЛБ-А,6,шт.,ТО+ТР,2026-04,"4 раз/год, шаг 3 мес",
57,0,7,Объект,Усилитель линии УСЛБ-А,6,шт.,ТО,2026-07,"4 раз/год, шаг 3 мес",
57,0,7,Объект,Усилитель линии УСЛБ-А,6,шт.,ТО,2026-10,"4 раз/год, шаг 3 мес",
58,0,7,Объект,БП,1,шт.,ТО,2026-02,"6 раз/год, шаг 2 мес",
58,0,7,Объект,БП,1,шт.,ТО+ТР,2026-04,"6 раз/год, шаг 2 мес",
58,0,7,Объект,БП,1,шт.,ТО,2026-06,"6 раз/год, шаг 2 мес",
58,0,7,Объект,БП,1,шт.,ТО,2026-08,"6 раз/год, шаг 2 мес",
58,0,7,Объект,БП,1,шт.,ТО,2026-10,"6 раз/год, шаг 2 мес",
58,0,7,Объект,БП,1,шт.,ТО,2026-12,"6 раз/год, шаг 2 мес",
59,0,7,Объект,"БУиК, БСУ",4,шт.,ТО,2026-02,"6 раз/год, шаг 2 мес",
59,0,7,Объект,"БУиК, БСУ",4,шт.,ТО+ТР,2026-04,"6 раз/год, шаг 2 мес",
59,0,7,Объект,"БУиК, БСУ",4,шт.,ТО,2026-06,"6 раз/год, шаг 2 мес",
59,0,7,Объект,"БУиК, БСУ",4,шт.,ТО,2026-08,"6 раз/год, шаг 2 мес",
59,0,7,Объект,"БУиК, БСУ",4,шт.,ТО,2026-10,"6 раз/год, шаг 2 мес",
59,0,7,Объект,"БУиК, БСУ",4,шт.,ТО,2026-12,"6 раз/год, шаг 2 мес",
60,0,7,Объект,Газоанализаторы,101,шт.,ТО,2026-02,"6 раз/год, шаг 2 мес",
60,0,7,Объект,Газоанализаторы,101,шт.,ТО+ТР,2026-04,"6 раз/год, шаг 2 мес",
60,0,7,Объект,Газоанализаторы,101,шт.,ТО,2026-06,"6 раз/год, шаг 2 мес",
60,0,7,Объект,Газоанализаторы,101,шт.,ТО,2026-08,"6 раз/год, шаг 2 мес",
60,0,7,Объект,Газоанализаторы,101,шт.,ТО,2026-10,"6 раз/год, шаг 2 мес",
60,0,7,Объект,Газоанализаторы,101,шт.,ТО,2026-12,"6 раз/год, шаг 2 мес",
62,0,8,Объект,Кабельные линии ДУ,5670,м.,ТО+ТР,2026-02,"2 раз/год, шаг 6 мес",
62,0,8,Объект,Кабельные линии ДУ,5670,м.,ТО,2026-08,"2 раз/год, шаг 6 мес",
63,0,8,Объект,Пульт СЗ (ПУИ),1,шт.,ТО+ТР,2026-02,"6 раз/год, шаг 2 мес",
63,0,8,Объект,Пульт СЗ (ПУИ),1,шт.,ТО,2026-04,"6 раз/год, шаг 2 мес",
63,0,8,Объект,Пульт СЗ (ПУИ),1,шт.,ТО,2026-06,"6 раз/год, шаг 2 мес",
63,0,8,Объект,Пульт СЗ (ПУИ),1,шт.,ТО,2026-08,"6 раз/год, шаг 2 мес",
63,0,8,Объект,Пульт СЗ (ПУИ),1,шт.,ТО,2026-10,"6 раз/год, шаг 2 мес",
63,0,8,Объект,Пульт СЗ (ПУИ),1,шт.,ТО,2026-12,"6 раз/год, шаг 2 мес",
64,0,8,Объект,Кабельные линии АКМ,7850,м.,ТО+ТР,2026-02,"2 раз/год, шаг 6 мес",
64,0,8,Объект,Кабельные линии АКМ,7850,м.,ТО,2026-08,"2 раз/год, шаг 6 мес",
65,0,8,Объект,БП,1,шт.,ТО+ТР,2026-02,"6 раз/год, шаг 2 мес",
65,0,8,Объект,БП,1,шт.,ТО,2026-04,"6 раз/год, шаг 2 мес",
65,0,8,Объект,БП,1,шт.,ТО,2026-06,"6 раз/год, шаг 2 мес",
65,0,8,Объект,БП,1,шт.,ТО,2026-08,"6 раз/год, шаг 2 мес",
65,0,8,Объект,БП,1,шт.,ТО,2026-10,"6 раз/год, шаг 2 мес",
65,0,8,Объект,БП,1,шт.,ТО,2026-12,"6 раз/год, шаг 2 мес",
66,0,8,Объект,"БУиК, БСУ",8,шт.,ТО+ТР,2026-02,"6 раз/год, шаг 2 мес",
66,0,8,Объект,"БУиК, БСУ",8,шт.,ТО,2026-04,"6 раз/год, шаг 2 мес",
66,0,8,Объект,"БУиК, БСУ",8,шт.,ТО,2026-06,"6 раз/год, шаг 2 мес",
66,0,8,Объект,"БУиК, БСУ",8,шт.,ТО,2026-08,"6 раз/год, шаг 2 мес",
66,0,8,Объект,"БУиК, БСУ",8,шт.,ТО,2026-10,"6 раз/год, шаг 2 мес",
66,0,8,Объект,"БУиК, БСУ",8,шт.,ТО,2026-12,"6 раз/год, шаг 2 мес",
67,0,8,Объект,Газоанализаторы,47,шт.,ТО+ТР,2026-02,"6 раз/год, шаг 2 мес",
67,0,8,Объект,Газоанализаторы,47,шт.,ТО,2026-04,"6 раз/год, шаг 2 мес",
67,0,8,Объект,Газоанализаторы,47,шт.,ТО,2026-06,"6 раз/год, шаг 2 мес",
67,0,8,Объект,Газоанализаторы,47,шт.,ТО,2026-08,"6 раз/год, шаг 2 мес",
67,0,8,Объект,Газоанализаторы,47,шт.,ТО,2026-10,"6 раз/год, шаг 2 мес",
67,0,8,Объект,Газоанализаторы,47,шт.,ТО,2026-12,"6 раз/год, шаг 2 мес",
69,0,9,к-р Ясенево,Кабельные линии ДУ,7275,м.,ТО+ТР,2026-05,"2 раз/год, шаг 6 мес",
69,0,9,к-р Ясенево,Кабельные линии ДУ,7275,м.,ТО,2026-11,"2 раз/год, шаг 6 мес",
70,0,9,к-р Ясенево,МУСБ,45,шт.,ТО,2026-02,"4 раз/год, шаг 3 мес",
70,0,9,к-р Ясенево,МУСБ,45,шт.,ТО+ТР,2026-05,"4 раз/год, шаг 3 мес",
70,0,9,к-р Ясенево,МУСБ,45,шт.,ТО,2026-08,"4 раз/год, шаг 3 мес",
70,0,9,к-р Ясенево,МУСБ,45,шт.,ТО,2026-11,"4 раз/год, шаг 3 мес",
71,0,9,к-р Ясенево,ИБП,4,шт.,ТО,2026-02,"4 раз/год, шаг 3 мес",
71,0,9,к-р Ясенево,ИБП,4,шт.,ТО+ТР,2026-05,"4 раз/год, шаг 3 мес",
71,0,9,к-р Ясенево,ИБП,4,шт.,ТО,2026-08,"4 раз/год, шаг 3 мес",
71,0,9,к-р Ясенево,ИБП,4,шт.,ТО,2026-11,"4 раз/год, шаг 3 мес",
72,0,9,к-р Ясенево,Кабельные линии АКМ,40,м.,ТО+ТР,2026-05,"2 раз/год, шаг 6 мес",
72,0,9,к-р Ясенево,Кабельные линии АКМ,40,м.,ТО,2026-11,"2 раз/год, шаг 6 мес",
73,0,9,к-р Ясенево,УЛСБ,6,шт.,ТО,2026-02,"4 раз/год, шаг 3 мес",
73,0,9,к-р Ясенево,УЛСБ,6,шт.,ТО+ТР,2026-05,"4 раз/год, шаг 3 мес",
73,0,9,к-р Ясенево,УЛСБ,6,шт.,ТО,2026-08,"4 раз/год, шаг 3 мес",
73,0,9,к-р Ясенево,УЛСБ,6,шт.,ТО,2026-11,"4 раз/год, шаг 3 мес",
74,1,9,к-р Ясенево,Газоанализаторы,95,шт.,,,,
77,0,9,к-р Ясенево,ГАСБ,40,шт.,ТО,2026-02,"4 раз/год, шаг 3 мес",
77,0,9,к-р Ясенево,ГАСБ,40,шт.,ТО+ТР,2026-05,"4 раз/год, шаг 3 мес",
77,0,9,к-р Ясенево,ГАСБ,40,шт.,ТО,2026-08,"4 раз/год, шаг 3 мес",
77,0,9,к-р Ясенево,ГАСБ,40,шт.,ТО,2026-11,"4 раз/год, шаг 3 мес",
79,0,10,Объект,Кабельные линии ДУ,490,м.,ТО+ТР,2026-05,"2 раз/год, шаг 6 мес",
79,0,10,Объект,Кабельные линии ДУ,490,м.,ТО,2026-11,"2 раз/год, шаг 6 мес",
80,0,10,Объект,"БУиК, БСУ",3,шт.,ТО,2026-01,"6 раз/год, шаг 2 мес",
80,0,10,Объект,"БУиК, БСУ",3,шт.,ТО,2026-03,"6 раз/год, шаг 2 мес",
80,0,10,Объект,"БУиК, БСУ",3,шт.,ТО+ТР,2026-05,"6 раз/год, шаг 2 мес",
80,0,10,Объект,"БУиК, БСУ",3,шт.,ТО,2026-07,"6 раз/год, шаг 2 мес",
80,0,10,Объект,"БУиК, БСУ",3,шт.,ТО,2026-09,"6 раз/год, шаг 2 мес",
80,0,10,Объект,"БУиК, БСУ",3,шт.,ТО,2026-11,"6 раз/год, шаг 2 мес",
82,0,11,Объект,Кабельные линии ДУ,1190,м.,ТО+ТР,2026-05,"2 раз/год, шаг 6 мес",
82,0,11,Объект,Кабельные линии ДУ,1190,м.,ТО,2026-11,"2 раз/год, шаг 6 мес",
83,0,11,Объект,Кабельные линии АКМ,1687,м.,ТО+ТР,2026-05,"2 раз/год, шаг 6 мес",
83,0,11,Объект,Кабельные линии АКМ,1687,м.,ТО,2026-11,"2 раз/год, шаг 6 мес",
84,0,11,Объект,"БУиК, БСУ",2,шт.,ТО,2026-01,"6 раз/год, шаг 2 мес",
84,0,11,Объект,"БУиК, БСУ",2,шт.,ТО,2026-03,"6 раз/год, шаг 2 мес",
84,0,11,Объект,"БУиК, БСУ",2,шт.,ТО+ТР,2026-05,"6 раз/год, шаг 2 мес",
84,0,11,Объект,"БУиК, БСУ",2,шт.,ТО,2026-07,"6 раз/год, шаг 2 мес",
84,0,11,Объект,"БУиК, БСУ",2,шт.,ТО,2026-09,"6 раз/год, шаг 2 мес",
84,0,11,Объект,"БУиК, БСУ",2,шт.,ТО,2026-11,"6 раз/год, шаг 2 мес",
85,0,11,Объект,Пульт СЗ (ПУИ),1,шт.,ТО,2026-01,"6 раз/год, шаг 2 мес",
85,0,11,Объект,Пульт СЗ (ПУИ),1,шт.,ТО,2026-03,"6 раз/год, шаг 2 мес",
85,0,11,Объект,Пульт СЗ (ПУИ),1,шт.,ТО+ТР,2026-05,"6 раз/год, шаг 2 мес",
85,0,11,Объект,Пульт СЗ (ПУИ),1,шт.,ТО,2026-07,"6 раз/год, шаг 2 мес",
85,0,11,Объект,Пульт СЗ (ПУИ),1,шт.,ТО,2026-09,"6 раз/год, шаг 2 мес",
85,0,11,Объект,Пульт СЗ (ПУИ),1,шт.,ТО,2026-11,"6 раз/год, шаг 2 мес",
86,0,11,Объект,Газоанализаторы,14,шт.,ТО,2026-01,"6 раз/год, шаг 2 мес",
86,0,11,Объект,Газоанализаторы,14,шт.,ТО,2026-03,"6 раз/год, шаг 2 мес",
86,0,11,Объект,Газоанализаторы,14,шт.,ТО+ТР,2026-05,"6 раз/год, шаг 2 мес",
86,0,11,Объект,Газоанализаторы,14,шт.,ТО,2026-07,"6 раз/год, шаг 2 мес",
86,0,11,Объект,Газоанализаторы,14,шт.,ТО,2026-09,"6 раз/год, шаг 2 мес",
86,0,11,Объект,Газоанализаторы,14,шт.,ТО,2026-11,"6 раз/год, шаг 2 мес",
88,0,12,Объект,БП,1,шт.,ТО,2026-01,"6 раз/год, шаг 2 мес",
88,0,12,Объект,БП,1,шт.,ТО,2026-03,"6 раз/год, шаг 2 мес",
88,0,12,Объект,БП,1,шт.,ТО+ТР,2026-05,"6 раз/год, шаг 2 мес",
88,0,12,Объект,БП,1,шт.,ТО,2026-07,"6 раз/год, шаг 2 мес",
88,0,12,Объект,БП,1,шт.,ТО,2026-09,"6 раз/год, шаг 2 мес",
88,0,12,Объект,БП,1,шт.,ТО,2026-11,"6 раз/год, шаг 2 мес",
89,0,12,Объект,Кабельные линии ДУ,2530,м.,ТО+ТР,2026-05,"2 раз/год, шаг 6 мес",
89,0,12,Объект,Кабельные линии ДУ,2530,м.,ТО,2026-11,"2 раз/год, шаг 6 мес",
90,0,12,Объект,Газоанализаторы,21,шт.,ТО,2026-01,"6 раз/год, шаг 2 мес",
90,0,12,Объект,Газоанализаторы,21,шт.,ТО,2026-03,"6 раз/год, шаг 2 мес",
90,0,12,Объект,Газоанализаторы,21,шт.,ТО+ТР,2026-05,"6 раз/год, шаг 2 мес",
90,0,12,Объект,Газоанализаторы,21,шт.,ТО,2026-07,"6 раз/год, шаг 2 мес",
90,0,12,Объект,Газоанализаторы,21,шт.,ТО,2026-09,"6 раз/год, шаг 2 мес",
90,0,12,Объект,Газоанализаторы,21,шт.,ТО,2026-11,"6 раз/год, шаг 2 мес",
91,0,12,Объект,"БУиК, БСУ",4,шт.,ТО,2026-01,"6 раз/год, шаг 2 мес",
91,0,12,Объект,"БУиК, БСУ",4,шт.,ТО,2026-03,"6 раз/год, шаг 2 мес",
91,0,12,Объект,"БУиК, БСУ",4,шт.,ТО+ТР,2026-05,"6 раз/год, шаг 2 мес",
91,0,12,Объект,"БУиК, БСУ",4,шт.,ТО,2026-07,"6 раз/год, шаг 2 мес",
91,0,12,Объект,"БУиК, БСУ",4,шт.,ТО,2026-09,"6 раз/год, шаг 2 мес",
91,0,12,Объект,"БУиК, БСУ",4,шт.,ТО,2026-11,"6 раз/год, шаг 2 мес",
93,0,13,Объект,Кабельные линии ДУ,3805,м.,ТО+ТР,2026-05,"2 раз/год, шаг 6 мес",
93,0,13,Объект,Кабельные линии ДУ,3805,м.,ТО,2026-11,"2 раз/год, шаг 6 мес",
94,0,13,Объект,Газоанализаторы,21,шт.,ТО,2026-01,"6 раз/год, шаг 2 мес",
94,0,13,Объект,Газоанализаторы,21,шт.,ТО,2026-03,"6 раз/год, шаг 2 мес",
94,0,13,Объект,Газоанализаторы,21,шт.,ТО+ТР,2026-05,"6 раз/год, шаг 2 мес",
94,0,13,Объект,Газоанализаторы,21,шт.,ТО,2026-07,"6 раз/год, шаг 2 мес",
94,0,13,Объект,Газоанализаторы,21,шт.,ТО,2026-09,"6 раз/год, шаг 2 мес",
94,0,13,Объект,Газоанализаторы,21,шт.,ТО,2026-11,"6 раз/год, шаг 2 мес",
95,0,13,Объект,"БУиК, БСУ",2,шт.,ТО,2026-01,"6 раз/год, шаг 2 мес",
95,0,13,Объект,"БУиК, БСУ",2,шт.,ТО,2026-03,"6 раз/год, шаг 2 мес",
95,0,13,Объект,"БУиК, БСУ",2,шт.,ТО+ТР,2026-05,"6 раз/год, шаг 2 мес",
95,0,13,Объект,"БУиК, БСУ",2,шт.,ТО,2026-07,"6 раз/год, шаг 2 мес",
95,0,13,Объект,"БУиК, БСУ",2,шт.,ТО,2026-09,"6 раз/год, шаг 2 мес",
95,0,13,Объект,"БУиК, БСУ",2,шт.,ТО,2026-11,"6 раз/год, шаг 2 мес",
96,0,13,Объект,Кабельные линии АКМ,6910,м.,ТО+ТР,2026-05,"2 раз/год, шаг 6 мес",
96,0,13,Объект,Кабельные линии АКМ,6910,м.,ТО,2026-11,"2 раз/год, шаг 6 мес",
97,0,13,Объект,Пульт СЗ (ПУИ),1,шт.,ТО,2026-01,"6 раз/год, шаг 2 мес",
97,0,13,Объект,Пульт СЗ (ПУИ),1,шт.,ТО,2026-03,"6 раз/год, шаг 2 мес",
97,0,13,Объект,Пульт СЗ (ПУИ),1,шт.,ТО+ТР,2026-05,"6 раз/год, шаг 2 мес",
97,0,13,Объект,Пульт СЗ (ПУИ),1,шт.,ТО,2026-07,"6 раз/год, шаг 2 мес",
97,0,13,Объект,Пульт СЗ (ПУИ),1,шт.,ТО,2026-09,"6 раз/год, шаг 2 мес",
97,0,13,Объект,Пульт СЗ (ПУИ),1,шт.,ТО,2026-11,"6 раз/год, шаг 2 мес",
99,0,14,Объект,Кабельные линии ДУ,1707,м.,ТО+ТР,2026-06,"2 раз/год, шаг 6 мес",
99,0,14,Объект,Кабельные линии ДУ,1707,м.,ТО,2026-12,"2 раз/год, шаг 6 мес",
100,0,14,Объект,МУСБ,43,шт.,ТО,2026-03,"4 раз/год, шаг 3 мес",
100,0,14,Объект,МУСБ,43,шт.,ТО+ТР,2026-06,"4 раз/год, шаг 3 мес",
100,0,14,Объект,МУСБ,43,шт.,ТО,2026-09,"4 раз/год, шаг 3 мес",
100,0,14,Объект,МУСБ,43,шт.,ТО,2026-12,"4 раз/год, шаг 3 мес",
101,0,14,Объект,Кабельные линии АКМ,27.5,м.,ТО+ТР,2026-06,"2 раз/год, шаг 6 мес",
101,0,14,Объект,Кабельные линии АКМ,27.5,м.,ТО,2026-12,"2 раз/год, шаг 6 мес",
102,0,14,Объект,ГАСБ,33,шт.,ТО,2026-03,"4 раз/год, шаг 3 мес",
102,0,14,Объект,ГАСБ,33,шт.,ТО+ТР,2026-06,"4 раз/год, шаг 3 мес",
102,0,14,Объект,ГАСБ,33,шт.,ТО,2026-09,"4 раз/год, шаг 3 мес",
102,0,14,Объект,ГАСБ,33,шт.,ТО,2026-12,"4 раз/год, шаг 3 мес",
104,0,15,Объект,Газоанализаторы,41,шт.,ТО,2026-01,"4 раз/год, шаг 3 мес",
104,0,15,Объект,Газоанализаторы,41,шт.,ТО,2026-04,"4 раз/год, шаг 3 мес",
104,0,15,Объект,Газоанализаторы,41,шт.,ТО+ТР,2026-07,"4 раз/год, шаг 3 мес",
104,0,15,Объект,Газоанализаторы,41,шт.,ТО,2026-10,"4 раз/год, шаг 3 мес",
105,0,15,Объект,Кабельные линии ДУ,4172,м.,ТО,2026-01,"2 раз/год, шаг 6 мес",
105,0,15,Объект,Кабельные линии ДУ,4172,м.,ТО+ТР,2026-07,"2 раз/год, шаг 6 мес",
106,0,15,Объект,Кабельные линии АКМ,8125,м.,ТО,2026-01,"2 раз/год, шаг 6 мес",
106,0,15,Объект,Кабельные линии АКМ,8125,м.,ТО+ТР,2026-07,"2 раз/год, шаг 6 мес",
107,0,15,Объект,МУСБ,27,шт.,ТО,2026-01,"4 раз/год, шаг 3 мес",
107,0,15,Объект,МУСБ,27,шт.,ТО,2026-04,"4 раз/год, шаг 3 мес",
107,0,15,Объект,МУСБ,27,шт.,ТО+ТР,2026-07,"4 раз/год, шаг 3 мес",
107,0,15,Объект,МУСБ,27,шт.,ТО,2026-10,"4 раз/год, шаг 3 мес",
108,0,15,Объект,ПККГ,2,шт.,ТО,2026-01,"4 раз/год, шаг 3 мес",
108,0,15,Объект,ПККГ,2,шт.,ТО,2026-04,"4 раз/год, шаг 3 мес",
108,0,15,Объект,ПККГ,2,шт.,ТО+ТР,2026-07,"4 раз/год, шаг 3 мес",
108,0,15,Объект,ПККГ,2,шт.,ТО,2026-10,"4 раз/год, шаг 3 мес",
109,0,15,Объект,БП,3,шт.,ТО,2026-01,"4 раз/год, шаг 3 мес",
109,0,15,Объект,БП,3,шт.,ТО,2026-04,"4 раз/год, шаг 3 мес",
109,0,15,Объект,БП,3,шт.,ТО+ТР,2026-07,"4 раз/год, шаг 3 мес",
109,0,15,Объект,БП,3,шт.,ТО,2026-10,"4 раз/год, шаг 3 мес",
110,0,15,Объект,Повторитель интерфейса,7,шт.,ТО,2026-01,"4 раз/год, шаг 3 мес",
110,0,15,Объект,Повторитель интерфейса,7,шт.,ТО,2026-04,"4 раз/год, шаг 3 мес",
110,0,15,Объект,Повторитель интерфейса,7,шт.,ТО+ТР,2026-07,"4 раз/год, шаг 3 мес",
110,0,15,Объект,Повторитель интерфейса,7,шт.,ТО,2026-10,"4 раз/год, шаг 3 мес",
112,0,16,Объект,Кабельные линии ДУ,28090,м.,ТО+ТР,2026-03,"2 раз/год, шаг 6 мес",
112,0,16,Объект,Кабельные линии ДУ,28090,м.,ТО,2026-09,"2 раз/год, шаг 6 мес",
113,0,16,Объект,Пульт СЗ (ПУИ),3,шт.,ТО,2026-01,"6 раз/год, шаг 2 мес",
113,0,16,Объект,Пульт СЗ (ПУИ),3,шт.,ТО+ТР,2026-03,"6 раз/год, шаг 2 мес",
113,0,16,Объект,Пульт СЗ (ПУИ),3,шт.,ТО,2026-05,"6 раз/год, шаг 2 мес",
113,0,16,Объект,Пульт СЗ (ПУИ),3,шт.,ТО,2026-07,"6 раз/год, шаг 2 мес",
113,0,16,Объект,Пульт СЗ (ПУИ),3,шт.,ТО,2026-09,"6 раз/год, шаг 2 мес",
113,0,16,Объект,Пульт СЗ (ПУИ),3,шт.,ТО,2026-11,"6 раз/год, шаг 2 мес",
114,0,16,Объект,БП,2,шт.,ТО,2026-01,"6 раз/год, шаг 2 мес",
114,0,16,Объект,БП,2,шт.,ТО+ТР,2026-03,"6 раз/год, шаг 2 мес",
114,0,16,Объект,БП,2,шт.,ТО,2026-05,"6 раз/год, шаг 2 мес",
114,0,16,Объект,БП,2,шт.,ТО,2026-07,"6 раз/год, шаг 2 мес",
114,0,16,Объект,БП,2,шт.,ТО,2026-09,"6 раз/год, шаг 2 мес",
114,0,16,Объект,БП,2,шт.,ТО,2026-11,"6 раз/год, шаг 2 мес",
115,0,16,Объект,Кабельные линии АКМ,21800,м.,ТО+ТР,2026-03,"2 раз/год, шаг 6 мес",
115,0,16,Объект,Кабельные линии АКМ,21800,м.,ТО,2026-09,"2 раз/год, шаг 6 мес",
116,0,16,Объект,"БУиК, БСУ",24,шт.,ТО,2026-01,"6 раз/год, шаг 2 мес",
116,0,16,Объект,"БУиК, БСУ",24,шт.,ТО+ТР,2026-03,"6 раз/год, шаг 2 мес",
116,0,16,Объект,"БУиК, БСУ",24,шт.,ТО,2026-05,"6 раз/год, шаг 2 мес",
116,0,16,Объект,"БУиК, БСУ",24,шт.,ТО,2026-07,"6 раз/год, шаг 2 мес",
116,0,16,Объект,"БУиК, БСУ",24,шт.,ТО,2026-09,"6 раз/год, шаг 2 мес",
116,0,16,Объект,"БУиК, БСУ",24,шт.,ТО,2026-11,"6 раз/год, шаг 2 мес",
117,0,16,Объект,Газоанализаторы,102,шт.,ТО,2026-01,"6 раз/год, шаг 2 мес",
117,0,16,Объект,Газоанализаторы,102,шт.,ТО+ТР,2026-03,"6 раз/год, шаг 2 мес",
117,0,16,Объект,Газоанализаторы,102,шт.,ТО,2026-05,"6 раз/год, шаг 2 мес",
117,0,16,Объект,Газоанализаторы,102,шт.,ТО,2026-07,"6 раз/год, шаг 2 мес",
117,0,16,Объект,Газоанализаторы,102,шт.,ТО,2026-09,"6 раз/год, шаг 2 мес",
117,0,16,Объект,Газоанализаторы,102,шт.,ТО,2026-11,"6 раз/год, шаг 2 мес",
119,0,17,Объект,Кабельные линии ДУ,1155,м.,ТО,2026-03,"2 раз/год, шаг 6 мес",
119,0,17,Объект,Кабельные линии ДУ,1155,м.,ТО+ТР,2026-09,"2 раз/год, шаг 6 мес",
120,0,17,Объект,Кабельные линии АКМ,26,м.,ТО,2026-03,"2 раз/год, шаг 6 мес",
120,0,17,Объект,Кабельные линии АКМ,26,м.,ТО+ТР,2026-09,"2 раз/год, шаг 6 мес",
121,0,17,Объект,МУСБ,79,шт.,ТО,2026-03,"4 раз/год, шаг 3 мес",
121,0,17,Объект,МУСБ,79,шт.,ТО,2026-06,"4 раз/год, шаг 3 мес",
121,0,17,Объект,МУСБ,79,шт.,ТО+ТР,2026-09,"4 раз/год, шаг 3 мес",
121,0,17,Объект,МУСБ,79,шт.,ТО,2026-12,"4 раз/год, шаг 3 мес",
122,0,17,Объект,ГАСБ,26,шт.,ТО,2026-03,"4 раз/год, шаг 3 мес",
122,0,17,Объект,ГАСБ,26,шт.,ТО,2026-06,"4 раз/год, шаг 3 мес",
122,0,17,Объект,ГАСБ,26,шт.,ТО+ТР,2026-09,"4 раз/год, шаг 3 мес",
122,0,17,Объект,ГАСБ,26,шт.,ТО,2026-12,"4 раз/год, шаг 3 мес",
123,0,17,Объект,ИБП,3,шт.,ТО,2026-03,"4 раз/год, шаг 3 мес",
123,0,17,Объект,ИБП,3,шт.,ТО,2026-06,"4 раз/год, шаг 3 мес",
123,0,17,Объект,ИБП,3,шт.,ТО+ТР,2026-09,"4 раз/год, шаг 3 мес",
123,0,17,Объект,ИБП,3,шт.,ТО,2026-12,"4 раз/год, шаг 3 мес",
124,0,17,Объект,БП,3,шт.,ТО,2026-03,"4 раз/год, шаг 3 мес",
124,0,17,Объект,БП,3,шт.,ТО,2026-06,"4 раз/год, шаг 3 мес",
124,0,17,Объект,БП,3,шт.,ТО+ТР,2026-09,"4 раз/год, шаг 3 мес",
124,0,17,Объект,БП,3,шт.,ТО,2026-12,"4 раз/год, шаг 3 мес",
125,1,17,Объект,БП,8,шт.,ТР,2026-08,"2 раз/год, шаг 1 мес",
125,1,17,Объект,БП,8,шт.,ТР,2026-09,"2 раз/год, шаг 1 мес",
127,0,17,Объект,УЛСБ-А,22,шт.,ТО,2026-03,"4 раз/год, шаг 3 мес",
127,0,17,Объект,УЛСБ-А,22,шт.,ТО,2026-06,"4 раз/год, шаг 3 мес",
127,0,17,Объект,УЛСБ-А,22,шт.,ТО+ТР,2026-09,"4 раз/год, шаг 3 мес",
127,0,17,Объект,УЛСБ-А,22,шт.,ТО,2026-12,"4 раз/год, шаг 3 мес",
129,0,18,Объект,Газоанализаторы,79,шт.,ТО,2026-01,"4 раз/год, шаг 3 мес",
129,0,18,Объект,Газоанализаторы,79,шт.,ТО,2026-04,"4 раз/год, шаг 3 мес",
129,0,18,Объект,Газоанализаторы,79,шт.,ТО,2026-07,"4 раз/год, шаг 3 мес",
129,0,18,Объект,Газоанализаторы,79,шт.,ТО+ТР,2026-10,"4 раз/год, шаг 3 мес",
130,0,18,Объект,Кабельные линии ДУ,1055,м.,ТО,2026-04,"2 раз/год, шаг 6 мес",
130,0,18,Объект,Кабельные линии ДУ,1055,м.,ТО+ТР,2026-10,"2 раз/год, шаг 6 мес",
131,0,18,Объект,Повторитель интерфейса,9,шт.,ТО,2026-01,"4 раз/год, шаг 3 мес",
131,0,18,Объект,Повторитель интерфейса,9,шт.,ТО,2026-04,"4 раз/год, шаг 3 мес",
131,0,18,Объект,Повторитель интерфейса,9,шт.,ТО,2026-07,"4 раз/год, шаг 3 мес",
131,0,18,Объект,Повторитель интерфейса,9,шт.,ТО+ТР,2026-10,"4 раз/год, шаг 3 мес",
132,0,18,Объект,Двухпортовый преобразователь N-port 5232,2,шт.,ТО,2026-01,"4 раз/год, шаг 3 мес",
132,0,18,Объект,Двухпортовый преобразователь N-port 5232,2,шт.,ТО,2026-04,"4 раз/год, шаг 3 мес",
132,0,18,Объект,Двухпортовый преобразователь N-port 5232,2,шт.,ТО,2026-07,"4 раз/год, шаг 3 мес",
132,0,18,Объект,Двухпортовый преобразователь N-port 5232,2,шт.,ТО+ТР,2026-10,"4 раз/год, шаг 3 мес",
133,0,18,Объект,ПККГ,4,шт.,ТО,2026-01,"4 раз/год, шаг 3 мес",
133,0,18,Объект,ПККГ,4,шт.,ТО,2026-04,"4 раз/год, шаг 3 мес",
133,0,18,Объект,ПККГ,4,шт.,ТО,2026-07,"4 раз/год, шаг 3 мес",
133,0,18,Объект,ПККГ,4,шт.,ТО+ТР,2026-10,"4 раз/год, шаг 3 мес",
134,0,18,Объект,БП,4,шт.,ТО,2026-01,"4 раз/год, шаг 3 мес",
134,0,18,Объект,БП,4,шт.,ТО,2026-04,"4 раз/год, шаг 3 мес",
134,0,18,Объект,БП,4,шт.,ТО,2026-07,"4 раз/год, шаг 3 мес",
134,0,18,Объект,БП,4,шт.,ТО+ТР,2026-10,"4 раз/год, шаг 3 мес",
135,0,18,Объект,Кабельные линии АКМ,11918,м.,ТО,2026-04,"2 раз/год, шаг 6 мес",
135,0,18,Объект,Кабельные линии АКМ,11918,м.,ТО+ТР,2026-10,"2 раз/год, шаг 6 мес",
136,0,18,Объект,МУСБ,59,шт.,ТО,2026-01,"4 раз/год, шаг 3 мес",
136,0,18,Объект,МУСБ,59,шт.,ТО,2026-04,"4 раз/год, шаг 3 мес",
136,0,18,Объект,МУСБ,59,шт.,ТО,2026-07,"4 раз/год, шаг 3 мес",
136,0,18,Объект,МУСБ,59,шт.,ТО+ТР,2026-10,"4 раз/год, шаг 3 мес",
138,0,19,Объект,Кабельные линии ДУ,1449,м.,ТО,2026-04,"2 раз/год, шаг 6 мес",
138,0,19,Объект,Кабельные линии ДУ,1449,м.,ТО+ТР,2026-10,"2 раз/год, шаг 6 мес",
139,0,19,Объект,Кабельные линии АКМ,1458,шт.,ТО,2026-04,"2 раз/год, шаг 6 мес",
139,0,19,Объект,Кабельные линии АКМ,1458,шт.,ТО+ТР,2026-10,"2 раз/год, шаг 6 мес",
140,0,19,Объект,МУСБ,9,шт.,ТО,2026-01,"4 раз/год, шаг 3 мес",
140,0,19,Объект,МУСБ,9,шт.,ТО,2026-04,"4 раз/год, шаг 3 мес",
140,0,19,Объект,МУСБ,9,шт.,ТО,2026-07,"4 раз/год, шаг 3 мес",
140,0,19,Объект,МУСБ,9,шт.,ТО+ТР,2026-10,"4 раз/год, шаг 3 мес",
141,0,19,Объект,ГАСБ,17,шт.,ТО,2026-01,"4 раз/год, шаг 3 мес",
141,0,19,Объект,ГАСБ,17,шт.,ТО,2026-04,"4 раз/год, шаг 3 мес",
141,0,19,Объект,ГАСБ,17,шт.,ТО,2026-07,"4 раз/год, шаг 3 мес",
141,0,19,Объект,ГАСБ,17,шт.,ТО+ТР,2026-10,"4 раз/год, шаг 3 мес",
142,0,19,Объект,ИБП,2,шт.,ТО,2026-01,"4 раз/год, шаг 3 мес",
142,0,19,Объект,ИБП,2,шт.,ТО,2026-04,"4 раз/год, шаг 3 мес",
142,0,19,Объект,ИБП,2,шт.,ТО,2026-07,"4 раз/год, шаг 3 мес",
142,0,19,Объект,ИБП,2,шт.,ТО+ТР,2026-10,"4 раз/год, шаг 3 мес",
143,0,19,Объект,УЛСБ-А,2,шт.,ТО,2026-01,"4 раз/год, шаг 3 мес",
143,0,19,Объект,УЛСБ-А,2,шт.,ТО,2026-04,"4 раз/год, шаг 3 мес",
143,0,19,Объект,УЛСБ-А,2,шт.,ТО,2026-07,"4 раз/год, шаг 3 мес",
143,0,19,Объект,УЛСБ-А,2,шт.,ТО+ТР,2026-10,"4 раз/год, шаг 3 мес",
145,0,20,Объект,Кабельные линии ДУ,3570,м.,ТО,2026-04,"2 раз/год, шаг 6 мес",
145,0,20,Объект,Кабельные линии ДУ,3570,м.,ТО+ТР,2026-10,"2 раз/год, шаг 6 мес",
146,0,20,Объект,Кабельные линии АКМ,1850,м.,ТО,2026-04,"2 раз/год, шаг 6 мес",
146,0,20,Объект,Кабельные линии АКМ,1850,м.,ТО+ТР,2026-10,"2 раз/год, шаг 6 мес",
147,0,20,Объект,"БУиК, БСУ",3,шт.,ТО,2026-02,"6 раз/год, шаг 2 мес",
147,0,20,Объект,"БУиК, БСУ",3,шт.,ТО,2026-04,"6 раз/год, шаг 2 мес",
147,0,20,Объект,"БУиК, БСУ",3,шт.,ТО,2026-06,"6 раз/год, шаг 2 мес",
147,0,20,Объект,"БУиК, БСУ",3,шт.,ТО,2026-08,"6 раз/год, шаг 2 мес",
147,0,20,Объект,"БУиК, БСУ",3,шт.,ТО+ТР,2026-10,"6 раз/год, шаг 2 мес",
147,0,20,Объект,"БУиК, БСУ",3,шт.,ТО,2026-12,"6 раз/год, шаг 2 мес",
148,0,20,Объект,Аппарат сигнализации (АС-9),8,шт.,ТО,2026-02,"6 раз/год, шаг 2 мес",
148,0,20,Объект,Аппарат сигнализации (АС-9),8,шт.,ТО,2026-04,"6 раз/год, шаг 2 мес",
148,0,20,Объект,Аппарат сигнализации (АС-9),8,шт.,ТО,2026-06,"6 раз/год, шаг 2 мес",
148,0,20,Объект,Аппарат сигнализации (АС-9),8,шт.,ТО,2026-08,"6 раз/год, шаг 2 мес",
148,0,20,Объект,Аппарат сигнализации (АС-9),8,шт.,ТО+ТР,2026-10,"6 раз/год, шаг 2 мес",
148,0,20,Объект,Аппарат сигнализации (АС-9),8,шт.,ТО,2026-12,"6 раз/год, шаг 2 мес",
149,0,20,Объект,Газоанализаторы,22,шт.,ТО,2026-02,"6 раз/год, шаг 2 мес",
149,0,20,Объект,Газоанализаторы,22,шт.,ТО,2026-04,"6 раз/год, шаг 2 мес",
149,0,20,Объект,Газоанализаторы,22,шт.,ТО,2026-06,"6 раз/год, шаг 2 мес",
149,0,20,Объект,Газоанализаторы,22,шт.,ТО,2026-08,"6 раз/год, шаг 2 мес",
149,0,20,Объект,Газоанализаторы,22,шт.,ТО+ТР,2026-10,"6 раз/год, шаг 2 мес",
149,0,20,Объект,Газоанализаторы,22,шт.,ТО,2026-12,"6 раз/год, шаг 2 мес",
150,0,21,Объект,Кабельные линии ДУ,5740,м.,ТО,2026-04,"2 раз/год, шаг 6 мес",
150,0,21,Объект,Кабельные линии ДУ,5740,м.,ТО+ТР,2026-10,"2 раз/год, шаг 6 мес",
151,0,21,Объект,Кабельные линии АКМ,40,м.,ТО,2026-04,"2 раз/год, шаг 6 мес",
151,0,21,Объект,Кабельные линии АКМ,40,м.,ТО+ТР,2026-10,"2 раз/год, шаг 6 мес",
152,0,21,Объект,МУСБ,31,шт.,ТО,2026-01,"4 раз/год, шаг 3 мес",
152,0,21,Объект,МУСБ,31,шт.,ТО,2026-04,"4 раз/год, шаг 3 мес",
152,0,21,Объект,МУСБ,31,шт.,ТО,2026-07,"4 раз/год, шаг 3 мес",
152,0,21,Объект,МУСБ,31,шт.,ТО+ТР,2026-10,"4 раз/год, шаг 3 мес",
153,0,21,Объект,ГАСБ,36,шт.,ТО,2026-01,"4 раз/год, шаг 3 мес",
153,0,21,Объект,ГАСБ,36,шт.,ТО,2026-04,"4 раз/год, шаг 3 мес",
153,0,21,Объект,ГАСБ,36,шт.,ТО,2026-07,"4 раз/год, шаг 3 мес",
153,0,21,Объект,ГАСБ,36,шт.,ТО+ТР,2026-10,"4 раз/год, шаг 3 мес",
154,0,21,Объект,ИБП,4,шт.,ТО,2026-01,"4 раз/год, шаг 3 мес",
154,0,21,Объект,ИБП,4,шт.,ТО,2026-04,"4 раз/год, шаг 3 мес",
154,0,21,Объект,ИБП,4,шт.,ТО,2026-07,"4 раз/год, шаг 3 мес",
154,0,21,Объект,ИБП,4,шт.,ТО+ТР,2026-10,"4 раз/год, шаг 3 мес",
155,0,21,Объект,УЛСБ-А,6,шт.,ТО,2026-01,"4 раз/год, шаг 3 мес",
155,0,21,Объект,УЛСБ-А,6,шт.,ТО,2026-04,"4 раз/год, шаг 3 мес",
155,0,21,Объект,УЛСБ-А,6,шт.,ТО,2026-07,"4 раз/год, шаг 3 мес",
155,0,21,Объект,УЛСБ-А,6,шт.,ТО+ТР,2026-10,"4 раз/год, шаг 3 мес",
157,0,22,Объект,ГАСБ,4,шт.,ТО,2026-01,"4 раз/год, шаг 3 мес",
157,0,22,Объект,ГАСБ,4,шт.,ТО,2026-04,"4 раз/год, шаг 3 мес",
157,0,22,Объект,ГАСБ,4,шт.,ТО,2026-07,"4 раз/год, шаг 3 мес",
157,0,22,Объект,ГАСБ,4,шт.,ТО+ТР,2026-10,"4 раз/год, шаг 3 мес",
158,0,22,Объект,Кабельные линии АКМ,4,м.,ТО,2026-04,"2 раз/год, шаг 6 мес",
158,0,22,Объект,Кабельные линии АКМ,4,м.,ТО+ТР,2026-10,"2 раз/год, шаг 6 мес",
160,0,23,Объект,Кабельные линии ДУ,5310,м.,ТО,2026-02,"2 раз/год, шаг 6 мес",
160,0,23,Объект,Кабельные линии ДУ,5310,м.,ТО+ТР,2026-08,"2 раз/год, шаг 6 мес",
161,0,23,Объект,Пульт СЗ (ПУИ),3,шт.,ТО,2026-02,"6 раз/год, шаг 2 мес",
161,0,23,Объект,Пульт СЗ (ПУИ),3,шт.,ТО,2026-04,"6 раз/год, шаг 2 мес",
161,0,23,Объект,Пульт СЗ (ПУИ),3,шт.,ТО,2026-06,"6 раз/год, шаг 2 мес",
161,0,23,Объект,Пульт СЗ (ПУИ),3,шт.,ТО+ТР,2026-08,"6 раз/год, шаг 2 мес",
161,0,23,Объект,Пульт СЗ (ПУИ),3,шт.,ТО,2026-10,"6 раз/год, шаг 2 мес",
161,0,23,Объект,Пульт СЗ (ПУИ),3,шт.,ТО,2026-12,"6 раз/год, шаг 2 мес",
162,0,23,Объект,БП,2,шт.,ТО,2026-02,"6 раз/год, шаг 2 мес",
162,0,23,Объект,БП,2,шт.,ТО,2026-04,"6 раз/год, шаг 2 мес",
162,0,23,Объект,БП,2,шт.,ТО,2026-06,"6 раз/год, шаг 2 мес",
162,0,23,Объект,БП,2,шт.,ТО+ТР,2026-08,"6 раз/год, шаг 2 мес",
162,0,23,Объект,БП,2,шт.,ТО,2026-10,"6 раз/год, шаг 2 мес",
162,0,23,Объект,БП,2,шт.,ТО,2026-12,"6 раз/год, шаг 2 мес",
163,0,23,Объект,Кабельные линии АКМ,17346,м.,ТО,2026-02,"2 раз/год, шаг 6 мес",
163,0,23,Объект,Кабельные линии АКМ,17346,м.,ТО+ТР,2026-08,"2 раз/год, шаг 6 мес",
164,0,23,Объект,УЛСБ-А,3,шт.,ТО,2026-02,"4 раз/год, шаг 3 мес",
164,0,23,Объект,УЛСБ-А,3,шт.,ТО,2026-05,"4 раз/год, шаг 3 мес",
164,0,23,Объект,УЛСБ-А,3,шт.,ТО+ТР,2026-08,"4 раз/год, шаг 3 мес",
164,0,23,Объект,УЛСБ-А,3,шт.,ТО,2026-11,"4 раз/год, шаг 3 мес",
165,0,23,Объект,МУСБ,15,шт.,ТО,2026-02,"4 раз/год, шаг 3 мес",
165,0,23,Объект,МУСБ,15,шт.,ТО,2026-05,"4 раз/год, шаг 3 мес",
165,0,23,Объект,МУСБ,15,шт.,ТО+ТР,2026-08,"4 раз/год, шаг 3 мес",
165,0,23,Объект,МУСБ,15,шт.,ТО,2026-11,"4 раз/год, шаг 3 мес",
166,0,23,Объект,"БУиК, БСУ",6,шт.,ТО,2026-02,"6 раз/год, шаг 2 мес",
166,0,23,Объект,"БУиК, БСУ",6,шт.,ТО,2026-04,"6 раз/год, шаг 2 мес",
166,0,23,Объект,"БУиК, БСУ",6,шт.,ТО,2026-06,"6 раз/год, шаг 2 мес",
166,0,23,Объект,"БУиК, БСУ",6,шт.,ТО+ТР,2026-08,"6 раз/год, шаг 2 мес",
166,0,23,Объект,"БУиК, БСУ",6,шт.,ТО,2026-10,"6 раз/год, шаг 2 мес",
166,0,23,Объект,"БУиК, БСУ",6,шт.,ТО,2026-12,"6 раз/год, шаг 2 мес",
167,0,23,Объект,Газоанализаторы,117,шт.,ТО,2026-02,"6 раз/год, шаг 2 мес",
167,0,23,Объект,Газоанализаторы,117,шт.,ТО,2026-04,"6 раз/год, шаг 2 мес",
167,0,23,Объект,Газоанализаторы,117,шт.,ТО,2026-06,"6 раз/год, шаг 2 мес",
167,0,23,Объект,Газоанализаторы,117,шт.,ТО+ТР,2026-08,"6 раз/год, шаг 2 мес",
167,0,23,Объект,Газоанализаторы,117,шт.,ТО,2026-10,"6 раз/год, шаг 2 мес",
167,0,23,Объект,Газоанализаторы,117,шт.,ТО,2026-12,"6 раз/год, шаг 2 мес",
169,0,24,Объект,Кабельные линии ДУ,1135,м.,ТО,2026-06,"2 раз/год, шаг 6 мес",
169,0,24,Объект,Кабельные линии ДУ,1135,м.,ТО+ТР,2026-12,"2 раз/год, шаг 6 мес",
170,0,24,Объект,Кабельные линии АКМ,520,м.,ТО,2026-06,"2 раз/год, шаг 6 мес",
170,0,24,Объект,Кабельные линии АКМ,520,м.,ТО+ТР,2026-12,"2 раз/год, шаг 6 мес",
171,0,24,Объект,МУСБ,49,шт.,ТО,2026-03,"4 раз/год, шаг 3 мес",
171,0,24,Объект,МУСБ,49,шт.,ТО,2026-06,"4 раз/год, шаг 3 мес",
171,0,24,Объект,МУСБ,49,шт.,ТО,2026-09,"4 раз/год, шаг 3 мес",
171,0,24,Объект,МУСБ,49,шт.,ТО+ТР,2026-12,"4 раз/год, шаг 3 мес",
172,0,24,Объект,ГАСБ,55,шт.,ТО,2026-03,"4 раз/год, шаг 3 мес",
172,0,24,Объект,ГАСБ,55,шт.,ТО,2026-06,"4 раз/год, шаг 3 мес",
172,0,24,Объект,ГАСБ,55,шт.,ТО,2026-09,"4 раз/год, шаг 3 мес",
172,0,24,Объект,ГАСБ,55,шт.,ТО+ТР,2026-12,"4 раз/год, шаг 3 мес",
