pfx,t,body
1044,2026-04-01 23:59:59,True
1044,2026-05-02 18:12:49,True
1044,2026-06-11 12:44:17,False
1051,2026-04-01 04:54:26,True
1051,2026-04-01 07:44:31,True
1051,2026-04-07 17:46:59,True
1051,2026-04-07 19:18:51,True
1051,2026-04-07 22:35:33,True
1051,2026-04-08 02:48:35,True
1051,2026-04-08 04:36:33,True
1051,2026-04-08 07:49:56,True
1051,2026-04-08 10:26:19,True
1051,2026-04-08 12:55:08,True
1051,2026-04-14 08:06:35,True
1051,2026-04-14 10:10:22,True
1051,2026-04-14 14:02:06,True
1051,2026-04-14 15:53:43,True
1051,2026-04-17 13:47:38,True
1051,2026-04-18 12:33:50,True
1051,2026-04-19 09:45:18,True
1051,2026-04-19 10:49:16,True
1051,2026-04-19 21:02:25,True
1051,2026-04-19 22:18:02,True
1051,2026-04-20 06:02:06,True
1051,2026-04-20 11:28:24,True
1051,2026-04-20 12:39:55,True
1051,2026-04-20 14:27:02,True
1051,2026-04-20 15:43:19,True
1051,2026-04-20 16:58:01,True
1051,2026-04-21 11:09:59,True
1051,2026-04-21 16:41:48,True
1051,2026-04-22 09:46:10,True
1051,2026-04-22 11:22:56,True
1051,2026-04-22 13:14:24,True
1051,2026-04-22 15:20:35,True
1051,2026-04-23 11:23:20,True
1051,2026-04-24 10:27:25,True
1051,2026-04-24 14:23:52,True
1051,2026-04-24 15:44:05,True
1051,2026-04-27 09:51:41,True
1051,2026-04-27 12:58:32,True
1051,2026-04-28 12:00:22,True
1051,2026-04-28 13:22:48,True
1051,2026-04-28 16:10:19,True
1051,2026-05-07 04:39:06,True
1051,2026-05-08 05:20:06,True
1051,2026-05-08 07:51:11,True
1051,2026-05-09 10:02:44,True
1051,2026-05-11 18:34:11,True
1051,2026-05-11 21:07:14,True
1051,2026-05-13 01:29:15,True
1051,2026-05-13 17:42:50,True
1051,2026-05-14 04:15:02,True
1051,2026-05-18 03:31:02,True
1051,2026-05-19 16:38:10,True
1051,2026-05-19 19:04:39,True
1051,2026-05-21 02:09:30,True
1051,2026-05-25 09:21:52,True
1051,2026-05-25 15:21:59,True
1051,2026-05-27 16:31:29,True
1051,2026-05-28 05:49:06,True
1051,2026-05-28 23:05:47,True
1051,2026-05-29 11:37:39,True
1051,2026-05-29 16:45:19,True
1051,2026-05-29 20:47:02,True
1051,2026-06-02 01:29:35,False
1051,2026-06-08 08:41:00,False
1051,2026-06-09 08:17:37,False
1051,2026-06-12 14:37:11,False
1051,2026-06-16 01:14:40,False
1051,2026-06-18 04:46:47,False
1051,2026-06-22 10:21:20,False
15,2026-05-18 10:52:20,True
15,2026-06-17 23:59:59,False
16,2026-05-02 15:51:53,True
16,2026-05-02 17:44:35,True
217,2026-04-14 16:25:09,True
217,2026-04-30 14:37:14,True
217,2026-05-15 10:47:41,True
217,2026-05-20 10:24:52,True
217,2026-05-26 12:32:16,True
217,2026-05-27 09:51:52,True
217,2026-05-27 17:36:11,True
257,2026-04-01 10:26:23,True
257,2026-04-01 13:13:29,True
257,2026-04-03 17:46:45,True
257,2026-04-06 19:41:27,True
257,2026-04-07 08:30:47,True
257,2026-04-09 12:17:05,True
257,2026-05-06 09:08:37,True
257,2026-05-18 11:55:56,True
257,2026-05-21 11:17:27,True
257,2026-06-04 10:47:17,False
257,2026-06-04 16:20:49,False
257,2026-06-04 18:36:33,False
257,2026-06-13 06:25:00,False
418,2026-04-22 11:58:16,True
418,2026-05-22 23:59:59,True
418,2026-05-23 09:01:02,True
418,2026-05-28 12:33:58,True
418,2026-05-31 23:32:06,True
418,2026-06-18 11:50:57,False
645,2026-04-02 23:59:59,True
645,2026-04-14 23:01:56,True
645,2026-05-14 23:59:59,True
645,2026-06-12 10:22:34,False
798,2026-04-15 03:49:37,True
798,2026-04-29 03:51:01,True
798,2026-05-03 07:30:36,True
798,2026-05-12 05:47:06,True
813,2026-04-09 19:09:12,True
813,2026-05-21 16:06:34,True
813,2026-05-26 10:21:56,True
813,2026-05-31 18:34:37,True
847,2026-04-01 23:59:59,True
847,2026-04-07 09:12:00,True
847,2026-04-07 10:23:58,True
847,2026-04-07 14:18:42,True
847,2026-04-07 18:58:08,True
847,2026-04-14 09:09:55,True
847,2026-04-14 21:25:58,True
847,2026-04-16 10:10:12,True
847,2026-04-24 13:07:18,True
847,2026-04-24 15:55:04,True
847,2026-04-28 00:27:28,True
847,2026-05-02 17:31:17,True
847,2026-05-21 09:20:37,True
847,2026-06-20 23:59:59,False
847,2026-06-26 23:26:39,False
847,2026-06-27 03:47:38,False
847,2026-06-27 06:51:21,False
847,2026-06-27 08:32:24,False
847,2026-06-29 13:08:29,False
847,2026-06-30 11:55:56,False
847,2026-06-30 13:28:37,False
884,2026-04-01 23:59:59,True
884,2026-04-05 04:06:40,True
884,2026-04-12 11:59:50,True
884,2026-05-02 18:12:57,True
884,2026-05-13 08:58:43,True
884,2026-05-13 10:50:03,True
884,2026-05-13 14:22:12,True
884,2026-05-15 09:13:38,True
884,2026-05-18 09:10:04,True
884,2026-05-19 10:16:20,True
884,2026-06-04 10:22:32,False
884,2026-06-13 20:20:14,False
884,2026-06-14 11:09:12,False
884,2026-06-15 16:22:30,False
889,2026-05-09 09:17:29,True
889,2026-05-20 12:02:07,True
889,2026-06-10 07:29:58,False
889,2026-06-10 08:36:56,False
914,2026-04-01 23:59:59,True
914,2026-04-18 13:27:10,True
914,2026-05-18 23:59:59,True
914,2026-05-27 01:15:40,True
914,2026-06-22 22:50:15,False
914,2026-06-23 06:34:25,False
914,2026-06-23 07:55:06,False
915,2026-04-02 09:40:48,True
915,2026-04-12 09:01:24,True
915,2026-04-23 10:34:14,True
915,2026-04-24 10:26:00,True
915,2026-05-24 23:59:59,True
915,2026-06-05 15:04:53,False
