channel_id,t_start
227482,2026-03-20 10:10:27
278559,2026-03-20 18:59:10
278559,2026-03-21 05:16:22
227482,2026-03-23 10:17:55
196513,2026-03-23 11:02:42
196518,2026-03-23 11:02:50
287788,2026-03-24 10:28:18
287235,2026-03-25 09:01:28
197031,2026-03-26 14:37:26
229357,2026-03-26 18:15:42
212893,2026-03-26 23:17:02
147202,2026-03-27 10:16:13
147203,2026-03-27 10:17:16
147204,2026-03-27 10:18:18
147205,2026-03-27 10:19:20
147206,2026-03-27 10:20:22
147207,2026-03-27 10:21:24
147208,2026-03-27 10:22:25
147209,2026-03-27 10:23:27
147186,2026-03-27 10:28:58
3126,2026-03-27 11:44:24
267993,2026-03-27 12:49:24
267993,2026-03-27 15:03:32
93461,2026-03-28 04:27:32
115565,2026-03-29 15:17:38
115566,2026-03-29 15:17:38
115581,2026-03-29 15:17:38
334551,2026-04-01 03:54:26
334305,2026-04-01 06:44:31
93458,2026-04-01 09:26:23
93461,2026-04-01 09:34:07
93470,2026-04-01 09:34:07
93491,2026-04-01 09:40:21
94074,2026-04-01 12:13:29
215727,2026-04-01 12:21:20
215728,2026-04-01 12:21:20
288063,2026-04-02 08:40:48
93606,2026-04-03 16:46:45
267052,2026-04-05 03:06:40
93566,2026-04-06 18:41:27
93566,2026-04-07 07:30:47
229381,2026-04-07 09:23:58
159006,2026-04-07 11:37:26
229381,2026-04-07 13:18:42
334640,2026-04-07 16:46:59
228654,2026-04-07 17:58:08
334184,2026-04-07 18:18:51
334185,2026-04-07 18:18:51
334192,2026-04-07 18:19:24
334190,2026-04-07 18:19:29
334188,2026-04-07 18:19:31
334189,2026-04-07 18:19:33
334599,2026-04-07 21:35:33
334599,2026-04-08 01:48:35
334599,2026-04-08 03:36:33
334599,2026-04-08 06:49:56
334599,2026-04-08 09:26:19
334599,2026-04-08 11:55:08
93569,2026-04-09 11:17:05
213442,2026-04-09 18:09:12
213443,2026-04-09 18:09:12
3126,2026-04-10 11:44:21
287911,2026-04-12 08:01:24
278556,2026-04-12 10:59:50
334760,2026-04-14 07:06:35
334763,2026-04-14 07:06:35
334764,2026-04-14 07:06:35
334765,2026-04-14 07:06:36
334766,2026-04-14 07:06:36
334767,2026-04-14 07:06:36
334768,2026-04-14 07:06:36
334769,2026-04-14 07:06:36
334772,2026-04-14 07:06:36
334774,2026-04-14 07:06:36
334775,2026-04-14 07:06:36
334777,2026-04-14 07:06:36
334778,2026-04-14 07:06:38
334779,2026-04-14 07:06:38
334780,2026-04-14 07:06:38
334781,2026-04-14 07:06:38
334751,2026-04-14 07:13:07
334771,2026-04-14 07:13:31
334752,2026-04-14 07:13:38
334753,2026-04-14 07:13:38
334755,2026-04-14 07:13:38
334756,2026-04-14 07:13:38
334758,2026-04-14 07:13:38
334770,2026-04-14 07:13:40
334773,2026-04-14 07:13:41
334709,2026-04-14 07:13:48
334710,2026-04-14 07:13:48
334711,2026-04-14 07:13:48
334712,2026-04-14 07:13:48
334713,2026-04-14 07:13:48
334714,2026-04-14 07:13:48
334715,2026-04-14 07:13:48
334716,2026-04-14 07:13:48
334741,2026-04-14 07:13:48
334717,2026-04-14 07:13:49
334718,2026-04-14 07:13:49
334719,2026-04-14 07:13:49
334720,2026-04-14 07:13:49
334721,2026-04-14 07:13:49
334722,2026-04-14 07:13:49
334723,2026-04-14 07:13:49
334724,2026-04-14 07:13:49
334725,2026-04-14 07:13:49
334726,2026-04-14 07:13:49
334727,2026-04-14 07:13:49
334728,2026-04-14 07:13:51
334729,2026-04-14 07:13:51
334732,2026-04-14 07:13:51
334733,2026-04-14 07:13:51
334734,2026-04-14 07:13:51
334735,2026-04-14 07:13:51
334742,2026-04-14 07:13:51
334736,2026-04-14 07:13:52
334737,2026-04-14 07:13:52
334739,2026-04-14 07:13:52
334740,2026-04-14 07:13:52
334776,2026-04-14 07:13:54
334188,2026-04-14 07:16:00
334190,2026-04-14 07:16:00
334704,2026-04-14 07:16:26
334705,2026-04-14 07:16:31
334731,2026-04-14 07:56:42
334724,2026-04-14 09:10:22
334739,2026-04-14 09:29:53
334731,2026-04-14 09:34:35
334719,2026-04-14 10:00:01
334720,2026-04-14 10:58:04
334724,2026-04-14 11:03:28
334733,2026-04-14 11:08:54
334742,2026-04-14 11:12:34
334740,2026-04-14 11:14:58
334739,2026-04-14 11:15:05
334719,2026-04-14 11:15:08
334715,2026-04-14 11:42:55
334737,2026-04-14 11:43:43
334718,2026-04-14 11:58:21
334772,2026-04-14 13:02:06
334773,2026-04-14 13:02:06
334774,2026-04-14 13:02:06
334775,2026-04-14 13:02:06
334776,2026-04-14 13:02:06
334777,2026-04-14 13:02:08
334778,2026-04-14 13:02:08
334779,2026-04-14 13:02:08
334780,2026-04-14 13:02:08
334781,2026-04-14 13:02:08
334751,2026-04-14 13:02:09
334752,2026-04-14 13:02:09
334753,2026-04-14 13:02:09
334754,2026-04-14 13:02:09
334755,2026-04-14 13:02:09
334756,2026-04-14 13:02:09
334758,2026-04-14 13:02:09
334759,2026-04-14 13:02:09
334760,2026-04-14 13:02:09
334763,2026-04-14 13:02:09
334764,2026-04-14 13:02:10
334765,2026-04-14 13:02:10
334766,2026-04-14 13:02:10
334767,2026-04-14 13:02:10
334768,2026-04-14 13:02:10
334769,2026-04-14 13:02:10
334770,2026-04-14 13:02:10
334771,2026-04-14 13:02:10
334239,2026-04-14 14:53:43
214224,2026-04-14 15:25:09
229374,2026-04-14 20:25:58
215778,2026-04-14 22:01:56
197031,2026-04-15 02:50:19
229374,2026-04-16 09:10:12
334750,2026-04-17 12:47:38
333463,2026-04-18 11:33:50
287230,2026-04-18 12:27:10
334781,2026-04-19 08:45:18
334779,2026-04-19 08:45:22
334775,2026-04-19 08:45:23
334772,2026-04-19 08:45:26
334773,2026-04-19 08:45:26
334776,2026-04-19 08:45:28
334777,2026-04-19 08:45:30
334769,2026-04-19 08:45:32
334770,2026-04-19 08:45:32
334778,2026-04-19 08:45:32
334780,2026-04-19 08:45:32
334771,2026-04-19 08:45:52
334774,2026-04-19 08:45:52
334206,2026-04-19 08:46:10
333736,2026-04-19 09:49:16
333754,2026-04-19 09:49:20
333773,2026-04-19 09:49:20
333777,2026-04-19 09:49:20
333737,2026-04-19 09:49:34
333758,2026-04-19 20:02:25
334773,2026-04-19 21:18:02
333773,2026-04-20 05:02:06
333463,2026-04-20 10:28:24
333599,2026-04-20 11:39:55
196497,2026-04-20 13:13:17
196502,2026-04-20 13:13:17
196513,2026-04-20 13:13:17
196518,2026-04-20 13:13:17
333411,2026-04-20 13:27:02
333420,2026-04-20 13:27:04
333463,2026-04-20 13:27:15
333570,2026-04-20 13:27:38
333543,2026-04-20 13:28:47
333544,2026-04-20 13:28:47
334776,2026-04-20 13:34:48
333411,2026-04-20 14:43:19
333420,2026-04-20 14:43:21
333463,2026-04-20 14:43:31
333570,2026-04-20 14:43:54
333543,2026-04-20 14:44:53
333544,2026-04-20 14:44:53
333463,2026-04-20 15:58:01
333543,2026-04-20 15:59:11
333544,2026-04-20 15:59:11
333543,2026-04-21 10:09:59
333544,2026-04-21 10:09:59
333463,2026-04-21 10:15:52
333773,2026-04-21 10:23:12
333777,2026-04-21 10:23:13
334185,2026-04-21 15:41:48
334186,2026-04-21 15:41:48
334187,2026-04-21 15:41:48
334189,2026-04-21 15:41:50
334191,2026-04-21 15:41:50
334192,2026-04-21 15:41:50
333463,2026-04-21 15:43:28
333543,2026-04-21 15:43:50
333544,2026-04-21 15:43:50
334305,2026-04-21 15:49:54
334599,2026-04-21 15:51:27
334746,2026-04-21 15:52:54
334183,2026-04-21 16:03:28
334184,2026-04-21 16:04:30
333463,2026-04-22 08:46:10
333543,2026-04-22 08:48:22
333544,2026-04-22 08:48:22
334746,2026-04-22 09:13:51
334748,2026-04-22 09:13:51
334761,2026-04-22 09:13:51
334708,2026-04-22 10:22:56
334746,2026-04-22 10:33:55
334748,2026-04-22 10:33:55
334761,2026-04-22 10:33:56
334640,2026-04-22 10:56:32
115566,2026-04-22 10:58:16
334567,2026-04-22 11:00:48
334569,2026-04-22 11:01:06
334570,2026-04-22 11:01:06
334571,2026-04-22 11:01:06
334572,2026-04-22 11:01:06
334568,2026-04-22 11:01:28
334599,2026-04-22 11:02:16
333899,2026-04-22 11:05:06
115575,2026-04-22 11:47:28
333463,2026-04-22 12:14:24
333543,2026-04-22 12:20:58
333544,2026-04-22 12:20:58
333899,2026-04-22 12:21:44
334183,2026-04-22 12:23:50
334184,2026-04-22 12:23:50
334185,2026-04-22 12:23:50
334186,2026-04-22 12:23:50
334187,2026-04-22 12:23:50
334188,2026-04-22 12:23:50
334189,2026-04-22 12:23:50
334190,2026-04-22 12:23:50
334191,2026-04-22 12:23:50
334192,2026-04-22 12:23:50
334253,2026-04-22 12:23:58
334260,2026-04-22 12:23:58
334305,2026-04-22 12:23:58
334640,2026-04-22 12:25:07
334708,2026-04-22 12:26:34
334746,2026-04-22 12:27:00
334748,2026-04-22 12:27:00
334761,2026-04-22 12:27:00
334567,2026-04-22 12:35:57
334568,2026-04-22 12:35:57
334569,2026-04-22 12:35:57
334570,2026-04-22 12:35:57
334571,2026-04-22 12:35:57
334572,2026-04-22 12:35:57
334599,2026-04-22 12:35:57
333463,2026-04-22 14:20:35
333543,2026-04-22 14:21:36
333544,2026-04-22 14:21:36
288321,2026-04-23 09:34:14
288326,2026-04-23 09:43:18
288331,2026-04-23 09:44:20
288316,2026-04-23 09:57:04
333463,2026-04-23 10:23:20
333543,2026-04-23 10:24:20
333544,2026-04-23 10:24:20
334567,2026-04-23 10:31:01
334568,2026-04-23 10:31:01
334569,2026-04-23 10:31:01
334570,2026-04-23 10:31:01
334571,2026-04-23 10:31:01
334572,2026-04-23 10:31:01
334599,2026-04-23 10:31:01
288311,2026-04-23 10:31:26
288306,2026-04-23 11:02:12
334305,2026-04-23 11:16:55
288301,2026-04-23 11:18:12
288296,2026-04-23 11:21:04
288291,2026-04-23 11:22:02
288286,2026-04-23 11:32:18
288281,2026-04-23 11:35:50
288276,2026-04-23 11:36:54
288271,2026-04-23 11:39:36
288266,2026-04-23 11:42:08
334748,2026-04-23 11:42:11
334599,2026-04-23 11:43:30
288256,2026-04-23 11:45:08
288251,2026-04-23 11:45:56
288246,2026-04-23 11:46:42
288241,2026-04-23 11:47:46
288236,2026-04-23 11:48:40
288231,2026-04-23 11:49:14
288226,2026-04-23 11:50:36
288221,2026-04-23 11:52:42
288216,2026-04-23 11:58:30
288211,2026-04-23 11:58:40
288206,2026-04-23 12:04:48
288201,2026-04-23 12:05:22
288196,2026-04-23 12:09:50
288191,2026-04-23 12:15:24
288186,2026-04-23 12:18:04
288181,2026-04-23 12:21:12
288176,2026-04-23 12:24:10
288171,2026-04-23 12:27:46
288166,2026-04-23 12:30:24
288161,2026-04-23 12:32:14
288156,2026-04-23 12:32:44
288151,2026-04-23 12:37:24
288146,2026-04-23 12:42:21
288141,2026-04-23 12:42:45
334183,2026-04-23 12:43:07
334184,2026-04-23 12:43:07
334185,2026-04-23 12:43:07
334186,2026-04-23 12:43:07
334187,2026-04-23 12:43:07
334188,2026-04-23 12:43:07
334189,2026-04-23 12:43:07
334190,2026-04-23 12:43:07
334191,2026-04-23 12:43:07
288136,2026-04-23 12:44:00
288136,2026-04-24 09:26:00
333463,2026-04-24 09:27:25
333543,2026-04-24 09:28:25
333544,2026-04-24 09:28:25
334599,2026-04-24 10:11:19
334746,2026-04-24 10:14:14
334748,2026-04-24 10:14:14
334761,2026-04-24 10:14:14
333616,2026-04-24 10:14:31
333625,2026-04-24 10:14:31
333634,2026-04-24 10:14:33
333737,2026-04-24 10:14:33
333736,2026-04-24 10:14:35
3126,2026-04-24 12:01:48
228829,2026-04-24 12:07:18
334599,2026-04-24 13:23:52
333463,2026-04-24 14:44:05
333616,2026-04-24 14:44:22
333625,2026-04-24 14:44:22
333634,2026-04-24 14:44:23
333736,2026-04-24 14:45:05
333737,2026-04-24 14:45:05
333543,2026-04-24 14:45:06
333544,2026-04-24 14:45:06
228829,2026-04-24 14:55:04
334598,2026-04-27 08:51:41
334599,2026-04-27 08:51:41
333463,2026-04-27 11:58:32
229144,2026-04-27 23:27:28
333463,2026-04-28 11:00:22
334598,2026-04-28 12:22:48
333463,2026-04-28 15:10:19
214125,2026-04-30 13:37:14
236792,2026-05-04 12:07:32
93628,2026-05-06 08:08:37
333705,2026-05-07 03:39:06
333705,2026-05-08 04:20:06
333705,2026-05-08 06:51:11
333705,2026-05-09 09:02:44
333705,2026-05-11 17:34:11
333705,2026-05-11 20:07:14
197031,2026-05-12 04:47:06
333705,2026-05-13 00:29:15
267052,2026-05-13 07:58:43
267052,2026-05-13 09:50:03
267052,2026-05-13 13:22:12
333705,2026-05-13 16:42:50
333705,2026-05-14 03:15:02
267052,2026-05-15 08:13:38
214221,2026-05-15 09:47:41
236748,2026-05-16 15:14:40
236768,2026-05-16 15:14:40
334407,2026-05-18 02:31:02
267052,2026-05-18 08:10:04
120512,2026-05-18 09:52:20
120573,2026-05-18 09:52:20
120595,2026-05-18 09:52:20
120230,2026-05-18 10:36:37
120237,2026-05-18 10:38:02
120245,2026-05-18 10:38:57
120254,2026-05-18 10:40:28
120265,2026-05-18 10:41:45
120257,2026-05-18 10:43:56
154848,2026-05-18 10:43:56
154850,2026-05-18 10:43:56
193128,2026-05-18 10:55:56
267052,2026-05-19 09:16:20
333463,2026-05-19 15:38:10
334323,2026-05-19 15:41:20
334323,2026-05-19 18:04:39
214224,2026-05-20 09:24:52
333705,2026-05-21 01:09:30
93510,2026-05-21 10:17:27
93507,2026-05-21 10:19:44
212862,2026-05-21 15:06:34
115687,2026-05-23 08:01:02
115688,2026-05-23 08:01:02
334548,2026-05-25 08:21:52
333705,2026-05-25 08:55:47
334582,2026-05-25 14:21:59
212893,2026-05-26 09:21:56
212899,2026-05-26 09:21:56
267993,2026-05-26 10:24:56
214224,2026-05-26 11:32:16
287257,2026-05-27 00:15:40
333705,2026-05-27 15:31:29
214224,2026-05-27 16:36:11
333705,2026-05-28 04:49:06
115768,2026-05-28 11:33:58
333705,2026-05-28 22:05:47
333463,2026-05-29 10:37:39
333705,2026-05-29 15:45:19
333705,2026-05-29 19:47:02
213430,2026-05-31 17:34:37
115565,2026-05-31 22:32:06
115566,2026-05-31 22:32:06
115581,2026-05-31 22:32:06
333705,2026-06-02 00:29:35
278336,2026-06-04 09:22:32
278331,2026-06-04 09:23:02
278326,2026-06-04 09:24:08
278321,2026-06-04 09:24:44
278316,2026-06-04 09:30:08
278311,2026-06-04 09:30:44
278306,2026-06-04 09:36:46
278301,2026-06-04 09:38:40
278296,2026-06-04 09:39:12
278291,2026-06-04 09:41:58
278286,2026-06-04 09:44:50
267433,2026-06-04 09:46:00
93424,2026-06-04 09:47:17
267428,2026-06-04 09:50:58
93447,2026-06-04 09:53:07
93584,2026-06-04 09:53:07
267423,2026-06-04 09:53:08
193208,2026-06-04 09:57:27
193211,2026-06-04 09:57:27
267418,2026-06-04 09:57:44
93936,2026-06-04 10:00:41
267413,2026-06-04 10:02:10
193186,2026-06-04 10:02:32
193190,2026-06-04 10:02:32
267398,2026-06-04 10:05:10
267403,2026-06-04 10:06:24
267408,2026-06-04 10:06:50
193167,2026-06-04 10:07:59
94001,2026-06-04 10:08:32
94006,2026-06-04 10:08:32
94826,2026-06-04 10:08:32
267393,2026-06-04 10:10:20
267388,2026-06-04 10:10:56
269721,2026-06-04 10:11:17
94008,2026-06-04 10:14:19
94827,2026-06-04 10:14:19
193152,2026-06-04 10:14:57
193155,2026-06-04 10:14:57
267378,2026-06-04 10:14:58
267383,2026-06-04 10:15:36
94829,2026-06-04 10:18:24
94831,2026-06-04 10:18:24
267373,2026-06-04 10:19:04
267368,2026-06-04 10:20:14
267363,2026-06-04 10:22:22
267358,2026-06-04 10:25:24
94835,2026-06-04 10:26:51
93982,2026-06-04 10:27:29
94825,2026-06-04 10:27:29
94836,2026-06-04 10:27:29
267353,2026-06-04 10:29:50
267348,2026-06-04 10:30:50
193113,2026-06-04 10:32:49
193115,2026-06-04 10:32:49
193128,2026-06-04 10:32:49
193130,2026-06-04 10:32:49
267343,2026-06-04 10:32:54
94821,2026-06-04 10:33:04
94823,2026-06-04 10:33:04
267338,2026-06-04 10:34:02
267333,2026-06-04 10:35:40
94819,2026-06-04 10:36:38
94820,2026-06-04 10:36:38
267328,2026-06-04 10:38:26
94817,2026-06-04 10:42:13
94818,2026-06-04 10:42:13
94838,2026-06-04 10:42:13
94839,2026-06-04 10:42:13
94840,2026-06-04 10:42:13
94841,2026-06-04 10:42:13
93917,2026-06-04 10:45:45
93921,2026-06-04 10:45:45
215727,2026-06-04 10:50:23
215728,2026-06-04 10:50:23
193183,2026-06-04 10:54:11
93458,2026-06-04 11:16:42
93470,2026-06-04 11:30:25
93491,2026-06-04 11:30:25
93507,2026-06-04 11:30:25
93510,2026-06-04 11:30:25
93522,2026-06-04 11:35:41
93566,2026-06-04 11:51:01
93569,2026-06-04 11:51:01
94094,2026-06-04 11:53:30
94847,2026-06-04 11:53:30
94848,2026-06-04 11:53:30
98173,2026-06-04 11:53:30
94103,2026-06-04 11:59:59
98174,2026-06-04 12:00:00
98175,2026-06-04 12:03:13
93590,2026-06-04 12:03:49
94849,2026-06-04 12:16:52
98179,2026-06-04 12:16:52
98182,2026-06-04 12:16:52
94850,2026-06-04 12:22:19
94851,2026-06-04 12:22:19
98183,2026-06-04 12:22:19
98185,2026-06-04 12:22:19
94853,2026-06-04 12:29:58
94854,2026-06-04 12:29:58
98188,2026-06-04 12:29:58
94158,2026-06-04 12:29:59
94855,2026-06-04 12:35:01
94857,2026-06-04 12:35:01
94858,2026-06-04 12:35:01
98189,2026-06-04 12:35:01
93507,2026-06-04 12:40:00
98190,2026-06-04 12:41:59
98191,2026-06-04 12:41:59
94217,2026-06-04 12:47:05
94861,2026-06-04 12:47:05
98195,2026-06-04 12:49:41
93606,2026-06-04 12:51:34
93628,2026-06-04 13:10:08
93522,2026-06-04 13:19:53
94074,2026-06-04 13:20:02
94845,2026-06-04 13:20:53
93428,2026-06-04 13:57:26
93447,2026-06-04 14:04:33
93461,2026-06-04 14:13:49
93461,2026-06-04 15:20:49
93447,2026-06-04 15:29:10
94821,2026-06-04 17:36:33
288063,2026-06-05 14:04:53
334692,2026-06-08 07:41:00
334692,2026-06-09 07:17:37
215839,2026-06-12 09:22:34
333463,2026-06-12 13:37:11
93936,2026-06-13 05:25:00
94817,2026-06-13 05:25:00
94818,2026-06-13 05:25:00
93982,2026-06-13 05:25:01
94001,2026-06-13 05:25:01
94006,2026-06-13 05:25:01
94008,2026-06-13 05:25:01
94074,2026-06-13 05:25:01
94819,2026-06-13 05:25:01
94820,2026-06-13 05:25:01
94823,2026-06-13 05:25:01
94825,2026-06-13 05:25:01
94826,2026-06-13 05:25:01
94827,2026-06-13 05:25:01
94829,2026-06-13 05:25:01
94831,2026-06-13 05:25:01
94835,2026-06-13 05:25:01
94836,2026-06-13 05:25:01
94838,2026-06-13 05:25:01
94839,2026-06-13 05:25:01
94840,2026-06-13 05:25:01
94841,2026-06-13 05:25:01
94844,2026-06-13 05:25:01
94094,2026-06-13 05:25:02
94103,2026-06-13 05:25:02
94158,2026-06-13 05:25:02
94845,2026-06-13 05:25:02
94846,2026-06-13 05:25:02
94847,2026-06-13 05:25:02
94848,2026-06-13 05:25:02
94849,2026-06-13 05:25:02
94850,2026-06-13 05:25:02
94851,2026-06-13 05:25:02
94853,2026-06-13 05:25:02
94854,2026-06-13 05:25:02
98173,2026-06-13 05:25:02
98174,2026-06-13 05:25:02
98175,2026-06-13 05:25:02
98179,2026-06-13 05:25:02
98182,2026-06-13 05:25:02
98183,2026-06-13 05:25:02
98185,2026-06-13 05:25:02
98188,2026-06-13 05:25:02
98189,2026-06-13 05:25:02
94217,2026-06-13 05:25:03
94855,2026-06-13 05:25:03
94857,2026-06-13 05:25:03
94858,2026-06-13 05:25:03
94861,2026-06-13 05:25:03
98190,2026-06-13 05:25:03
98191,2026-06-13 05:25:03
98195,2026-06-13 05:25:03
94821,2026-06-13 05:25:28
267058,2026-06-13 19:20:14
278014,2026-06-13 19:20:14
278015,2026-06-13 19:20:14
267051,2026-06-13 19:21:10
267052,2026-06-13 19:21:10
267057,2026-06-13 19:21:10
267064,2026-06-13 19:21:10
267072,2026-06-13 19:21:10
277999,2026-06-13 19:21:10
267052,2026-06-14 10:09:12
267064,2026-06-15 15:22:30
334362,2026-06-16 00:14:40
334609,2026-06-18 03:46:47
115752,2026-06-18 10:50:57
115753,2026-06-18 10:50:57
334553,2026-06-22 09:21:20
287294,2026-06-22 21:50:15
287294,2026-06-23 05:34:25
287294,2026-06-23 06:55:06
214219,2026-06-25 13:58:05
229358,2026-06-26 22:26:39
229358,2026-06-27 02:47:38
228791,2026-06-27 05:51:21
229358,2026-06-27 07:32:24
236747,2026-06-28 09:53:40
236762,2026-06-28 09:53:40
236763,2026-06-28 09:53:40
228885,2026-06-29 12:08:29
228998,2026-06-29 12:16:28
228994,2026-06-29 12:17:28
228992,2026-06-29 12:17:40
229442,2026-06-30 10:55:56
