pfx,t_start
1051,2026-04-01 03:54:26
1051,2026-04-01 06:44:31
257,2026-04-01 09:26:23
257,2026-04-01 12:13:29
915,2026-04-02 08:40:48
257,2026-04-03 16:46:45
884,2026-04-05 03:06:40
257,2026-04-06 18:41:27
257,2026-04-07 07:30:47
847,2026-04-07 08:12:00
847,2026-04-07 09:23:58
619,2026-04-07 11:37:26
847,2026-04-07 13:18:42
1051,2026-04-07 16:46:59
847,2026-04-07 17:58:08
1051,2026-04-07 18:18:51
1051,2026-04-07 21:35:33
1051,2026-04-08 01:48:35
1051,2026-04-08 03:36:33
1051,2026-04-08 06:49:56
1051,2026-04-08 09:26:19
1051,2026-04-08 11:55:08
257,2026-04-09 11:17:05
813,2026-04-09 18:09:12
16,2026-04-10 11:44:21
915,2026-04-12 08:01:24
884,2026-04-12 10:59:50
1051,2026-04-14 07:06:35
847,2026-04-14 08:09:55
1051,2026-04-14 09:10:22
1051,2026-04-14 13:02:06
1051,2026-04-14 14:53:43
217,2026-04-14 15:25:09
847,2026-04-14 20:25:58
645,2026-04-14 22:01:56
798,2026-04-15 02:49:37
847,2026-04-16 09:10:12
1051,2026-04-17 12:47:38
1051,2026-04-18 11:33:50
914,2026-04-18 12:27:10
1051,2026-04-19 08:45:18
1051,2026-04-19 09:49:16
1051,2026-04-19 20:02:25
1051,2026-04-19 21:18:02
1051,2026-04-20 05:02:06
1051,2026-04-20 10:28:24
1051,2026-04-20 11:39:55
797,2026-04-20 13:13:17
1051,2026-04-20 13:27:02
1051,2026-04-20 14:43:19
1051,2026-04-20 15:58:01
1051,2026-04-21 10:09:59
1051,2026-04-21 15:41:48
508,2026-04-22 06:07:15
1051,2026-04-22 08:46:10
1051,2026-04-22 10:22:56
418,2026-04-22 10:58:16
1051,2026-04-22 12:14:24
1051,2026-04-22 14:20:35
915,2026-04-23 09:34:14
1051,2026-04-23 10:23:20
915,2026-04-24 09:26:00
1051,2026-04-24 09:27:25
16,2026-04-24 12:01:48
847,2026-04-24 12:07:18
1051,2026-04-24 13:23:52
1051,2026-04-24 14:44:05
847,2026-04-24 14:55:04
1051,2026-04-27 08:51:41
1051,2026-04-27 11:58:32
847,2026-04-27 23:27:28
1051,2026-04-28 11:00:22
1051,2026-04-28 12:22:48
1051,2026-04-28 15:10:19
798,2026-04-29 02:51:01
217,2026-04-30 13:37:14
16,2026-05-02 14:51:53
847,2026-05-02 16:31:17
16,2026-05-02 16:44:35
1044,2026-05-02 17:12:49
884,2026-05-02 17:12:57
15,2026-05-03 06:30:33
798,2026-05-03 06:30:36
890,2026-05-03 06:30:36
854,2026-05-04 12:07:32
889,2026-05-05 07:33:45
257,2026-05-06 08:08:37
1051,2026-05-07 03:39:06
1051,2026-05-08 04:20:06
1051,2026-05-08 06:51:11
889,2026-05-09 08:17:29
1051,2026-05-09 09:02:44
1051,2026-05-11 17:34:11
1051,2026-05-11 20:07:14
798,2026-05-12 04:47:06
1051,2026-05-13 00:29:15
884,2026-05-13 07:58:43
884,2026-05-13 09:50:03
884,2026-05-13 13:22:12
1051,2026-05-13 16:42:50
1051,2026-05-14 03:15:02
884,2026-05-15 08:13:38
217,2026-05-15 09:47:41
854,2026-05-16 15:14:40
1051,2026-05-18 02:31:02
884,2026-05-18 08:10:04
15,2026-05-18 09:52:20
257,2026-05-18 10:55:56
884,2026-05-19 09:16:20
1051,2026-05-19 15:38:10
1051,2026-05-19 18:04:39
217,2026-05-20 09:24:52
889,2026-05-20 11:02:07
508,2026-05-20 13:53:34
1051,2026-05-21 01:09:30
847,2026-05-21 08:20:37
257,2026-05-21 10:17:27
813,2026-05-21 15:06:34
418,2026-05-23 08:01:02
1051,2026-05-25 08:21:52
1051,2026-05-25 14:21:59
813,2026-05-26 09:21:56
885,2026-05-26 10:24:56
217,2026-05-26 11:32:16
914,2026-05-27 00:15:40
217,2026-05-27 08:51:52
1051,2026-05-27 15:31:29
217,2026-05-27 16:36:11
1051,2026-05-28 04:49:06
418,2026-05-28 11:33:58
1051,2026-05-28 22:05:47
1051,2026-05-29 10:37:39
1051,2026-05-29 15:45:19
1051,2026-05-29 19:47:02
813,2026-05-31 17:34:37
418,2026-05-31 22:32:06
1051,2026-06-02 00:29:35
884,2026-06-04 09:22:32
257,2026-06-04 09:47:17
890,2026-06-04 10:11:17
257,2026-06-04 15:20:49
257,2026-06-04 17:36:33
915,2026-06-05 14:04:53
1051,2026-06-08 07:41:00
1051,2026-06-09 07:17:37
889,2026-06-10 06:29:58
889,2026-06-10 07:36:56
1044,2026-06-11 11:44:17
645,2026-06-12 09:22:34
1051,2026-06-12 13:37:11
257,2026-06-13 05:25:00
884,2026-06-13 19:20:14
884,2026-06-14 10:09:12
884,2026-06-15 15:22:30
1051,2026-06-16 00:14:40
1051,2026-06-18 03:46:47
418,2026-06-18 10:50:57
1051,2026-06-22 09:21:20
914,2026-06-22 21:50:15
914,2026-06-23 05:34:25
914,2026-06-23 06:55:06
217,2026-06-25 13:58:05
847,2026-06-26 22:26:39
847,2026-06-27 02:47:38
847,2026-06-27 05:51:21
847,2026-06-27 07:32:24
854,2026-06-28 09:53:40
847,2026-06-29 12:08:29
847,2026-06-30 10:55:56
847,2026-06-30 12:28:37
