plan_row,object_id,match,sensor_kind,qty,dismantle_from,return_to,accepted_on
Объект 3,4610,doubtful,Газовый датчик,62,2026-01-29,2026-02-09,2026-02-12
Объект 14,5657,sure,Газовый датчик,33,2026-06-04,2026-06-18,2026-06-29
Объект 9,5675,sure,Газовый датчик,40,2026-04-23,2026-05-07,2026-05-14
Объект 6,4369,doubtful,Газовый датчик,34,2026-03-23,2026-04-03,2026-04-08
Объект 26,,none,Газовый датчик,55,2026-12-02,2026-12-17,2026-12-22
Объект 25,,none,Газовый датчик,55,2026-11-05,2026-11-19,2026-11-25
Объект 24,,none,Газовый датчик,4,2026-10-13,2026-10-23,2026-10-29
Объект 23,,none,Газовый датчик,36,2026-10-13,2026-10-23,2026-10-29
Объект 22,,none,Газовый датчик,22,2026-10-13,2026-10-23,2026-10-29
Объект 21,,none,Газовый датчик,17,2026-09-15,2026-09-30,2026-10-08
Объект 20,,none,Газовый датчик,79,2026-09-15,2026-09-30,2026-10-07
Объект 19,,none,Газовый датчик,5,2026-08-24,2026-09-04,2026-09-10
Объект 18,,none,Газовый датчик,21,2026-08-24,2026-09-04,2026-09-10
Объект 17,,none,Газовый датчик,22,2026-07-28,2026-08-14,2026-08-21
Объект 16,,none,Газовый датчик,95,2026-07-28,2026-08-14,2026-08-19
Объект 15,,none,Газовый датчик,41,2026-07-02,2026-07-16,2026-07-23
Объект 13,,none,Газовый датчик,21,2026-05-15,2026-05-26,2026-05-29
Объект 12,,none,Газовый датчик,21,2026-05-15,2026-05-26,2026-05-29
Объект 11,,none,Газовый датчик,8,2026-05-15,2026-05-26,2026-05-29
Объект 10,,none,Газовый датчик,6,2026-05-15,2026-05-26,2026-05-29
Объект 8,,none,Газовый датчик,101,2026-04-09,2026-04-17,2026-04-22
Объект 7,,none,Газовый датчик,12,2026-03-23,2026-04-03,2026-04-08
Объект 5,,none,Газовый датчик,102,2026-03-02,2026-03-13,2026-03-19
Объект 4,,none,Газовый датчик,47,2026-02-13,2026-02-24,2026-02-27
Объект 2,,none,Газовый датчик,13,2026-01-12,2026-01-22,2026-01-28
Объект 1,,none,Газовый датчик,56,2026-01-12,2026-01-22,2026-01-27
