channel_id,t_start,fault_value,open_episode
227482,2026-03-20 10:10:27,Неисправен,f
278559,2026-03-20 18:59:10,Неисправен,f
278559,2026-03-21 05:16:22,Неисправен,f
227482,2026-03-23 10:17:55,Неисправен,f
196513,2026-03-23 11:02:42,Неисправен,f
196518,2026-03-23 11:02:50,Неисправен,f
287788,2026-03-24 10:28:18,Неисправен,f
287235,2026-03-25 09:01:28,Неисправен,f
268881,2026-03-26 00:13:19,Много неисправных устройств,f
197031,2026-03-26 14:37:26,Неисправен,f
229357,2026-03-26 18:15:42,Неисправен,f
212893,2026-03-26 23:17:02,Неисправен,f
147202,2026-03-27 10:16:13,Неисправен,f
147203,2026-03-27 10:17:16,Неисправен,f
147204,2026-03-27 10:18:18,Неисправен,f
147205,2026-03-27 10:19:20,Неисправен,f
147206,2026-03-27 10:20:22,Неисправен,f
147207,2026-03-27 10:21:24,Неисправен,f
147208,2026-03-27 10:22:25,Неисправен,f
147209,2026-03-27 10:23:27,Неисправен,f
147186,2026-03-27 10:28:58,Неисправен,f
3126,2026-03-27 11:44:24,Неисправен,f
267993,2026-03-27 12:49:24,Неисправен,f
267993,2026-03-27 15:03:32,Неисправен,f
93461,2026-03-28 04:27:32,Неисправен,f
115565,2026-03-29 15:17:38,Неисправен,f
115566,2026-03-29 15:17:38,Неисправен,f
115581,2026-03-29 15:17:38,Неисправен,f
334551,2026-04-01 03:54:26,Неисправен,f
334305,2026-04-01 06:44:31,Неисправен,f
93458,2026-04-01 09:26:23,Неисправен,f
93461,2026-04-01 09:34:07,Неисправен,f
93470,2026-04-01 09:34:07,Неисправен,f
93491,2026-04-01 09:40:21,Неисправен,f
94074,2026-04-01 12:13:29,Неисправен,f
215727,2026-04-01 12:21:20,Неисправен,f
215728,2026-04-01 12:21:20,Неисправен,f
288063,2026-04-02 08:40:48,Неисправен,f
93606,2026-04-03 16:46:45,Неисправен,f
267052,2026-04-05 03:06:40,Неисправен,f
93566,2026-04-06 18:41:27,Неисправен,f
93566,2026-04-07 07:30:47,Неисправен,f
230749,2026-04-07 08:12:00,Много неисправных устройств,f
231352,2026-04-07 08:12:01,Много неисправных устройств,f
231422,2026-04-07 08:12:01,Много неисправных устройств,f
229381,2026-04-07 09:23:58,Неисправен,f
159006,2026-04-07 11:37:26,Неисправен,f
229381,2026-04-07 13:18:42,Неисправен,f
334640,2026-04-07 16:46:59,Неисправен,f
228654,2026-04-07 17:58:08,Неисправен,f
334184,2026-04-07 18:18:51,Неисправен,f
334185,2026-04-07 18:18:51,Неисправен,f
334192,2026-04-07 18:19:24,Неисправен,f
334190,2026-04-07 18:19:29,Неисправен,f
334188,2026-04-07 18:19:31,Неисправен,f
334189,2026-04-07 18:19:33,Неисправен,f
334599,2026-04-07 21:35:33,Неисправен,f
334599,2026-04-08 01:48:35,Неисправен,f
334599,2026-04-08 03:36:33,Неисправен,f
334599,2026-04-08 06:49:56,Неисправен,f
334599,2026-04-08 09:26:19,Неисправен,f
334599,2026-04-08 11:55:08,Неисправен,f
93569,2026-04-09 11:17:05,Неисправен,f
213442,2026-04-09 18:09:12,Неисправен,f
213443,2026-04-09 18:09:12,Неисправен,f
3126,2026-04-10 11:44:21,Неисправен,f
287911,2026-04-12 08:01:24,Неисправен,f
278556,2026-04-12 10:59:50,Неисправен,f
334760,2026-04-14 07:06:35,Неисправен,f
334763,2026-04-14 07:06:35,Неисправен,f
334764,2026-04-14 07:06:35,Неисправен,f
334765,2026-04-14 07:06:36,Неисправен,f
334766,2026-04-14 07:06:36,Неисправен,f
334767,2026-04-14 07:06:36,Неисправен,f
334768,2026-04-14 07:06:36,Неисправен,f
334769,2026-04-14 07:06:36,Неисправен,f
334772,2026-04-14 07:06:36,Неисправен,f
334774,2026-04-14 07:06:36,Неисправен,f
334775,2026-04-14 07:06:36,Неисправен,f
334777,2026-04-14 07:06:36,Неисправен,f
334778,2026-04-14 07:06:38,Неисправен,f
334779,2026-04-14 07:06:38,Неисправен,f
334780,2026-04-14 07:06:38,Неисправен,f
334781,2026-04-14 07:06:38,Неисправен,f
334751,2026-04-14 07:13:07,Неисправен,f
334771,2026-04-14 07:13:31,Неисправен,f
334752,2026-04-14 07:13:38,Неисправен,f
334753,2026-04-14 07:13:38,Неисправен,f
334755,2026-04-14 07:13:38,Неисправен,f
334756,2026-04-14 07:13:38,Неисправен,f
334758,2026-04-14 07:13:38,Неисправен,f
334770,2026-04-14 07:13:40,Неисправен,f
334773,2026-04-14 07:13:41,Неисправен,f
334709,2026-04-14 07:13:48,Неисправен,f
334710,2026-04-14 07:13:48,Неисправен,f
334711,2026-04-14 07:13:48,Неисправен,f
334712,2026-04-14 07:13:48,Неисправен,f
334713,2026-04-14 07:13:48,Неисправен,f
334714,2026-04-14 07:13:48,Неисправен,f
334715,2026-04-14 07:13:48,Неисправен,f
334716,2026-04-14 07:13:48,Неисправен,f
334741,2026-04-14 07:13:48,Неисправен,f
334717,2026-04-14 07:13:49,Неисправен,f
334718,2026-04-14 07:13:49,Неисправен,f
334719,2026-04-14 07:13:49,Неисправен,f
334720,2026-04-14 07:13:49,Неисправен,f
334721,2026-04-14 07:13:49,Неисправен,f
334722,2026-04-14 07:13:49,Неисправен,f
334723,2026-04-14 07:13:49,Неисправен,f
334724,2026-04-14 07:13:49,Неисправен,f
334725,2026-04-14 07:13:49,Неисправен,f
334726,2026-04-14 07:13:49,Неисправен,f
334727,2026-04-14 07:13:49,Неисправен,f
334728,2026-04-14 07:13:51,Неисправен,f
334729,2026-04-14 07:13:51,Неисправен,f
334732,2026-04-14 07:13:51,Неисправен,f
334733,2026-04-14 07:13:51,Неисправен,f
334734,2026-04-14 07:13:51,Неисправен,f
334735,2026-04-14 07:13:51,Неисправен,f
334742,2026-04-14 07:13:51,Неисправен,f
334736,2026-04-14 07:13:52,Неисправен,f
334737,2026-04-14 07:13:52,Неисправен,f
334739,2026-04-14 07:13:52,Неисправен,f
334740,2026-04-14 07:13:52,Неисправен,f
334776,2026-04-14 07:13:54,Неисправен,f
334188,2026-04-14 07:16:00,Неисправен,f
334190,2026-04-14 07:16:00,Неисправен,f
334704,2026-04-14 07:16:26,Неисправен,f
334705,2026-04-14 07:16:31,Неисправен,f
334731,2026-04-14 07:56:42,Неисправен,f
230748,2026-04-14 08:09:55,Много неисправных устройств,f
230749,2026-04-14 08:09:55,Много неисправных устройств,f
231352,2026-04-14 08:09:55,Много неисправных устройств,f
231422,2026-04-14 08:09:55,Много неисправных устройств,f
334724,2026-04-14 09:10:22,Неисправен,f
334739,2026-04-14 09:29:53,Неисправен,f
334731,2026-04-14 09:34:35,Неисправен,f
334719,2026-04-14 10:00:01,Неисправен,f
334720,2026-04-14 10:58:04,Неисправен,f
334724,2026-04-14 11:03:28,Неисправен,f
334733,2026-04-14 11:08:54,Неисправен,f
334742,2026-04-14 11:12:34,Неисправен,f
334740,2026-04-14 11:14:58,Неисправен,f
334739,2026-04-14 11:15:05,Неисправен,f
334719,2026-04-14 11:15:08,Неисправен,f
334715,2026-04-14 11:42:55,Неисправен,f
334737,2026-04-14 11:43:43,Неисправен,f
334718,2026-04-14 11:58:21,Неисправен,f
334772,2026-04-14 13:02:06,Неисправен,f
334773,2026-04-14 13:02:06,Неисправен,f
334774,2026-04-14 13:02:06,Неисправен,f
334775,2026-04-14 13:02:06,Неисправен,f
334776,2026-04-14 13:02:06,Неисправен,f
334777,2026-04-14 13:02:08,Неисправен,f
334778,2026-04-14 13:02:08,Неисправен,f
334779,2026-04-14 13:02:08,Неисправен,f
334780,2026-04-14 13:02:08,Неисправен,f
334781,2026-04-14 13:02:08,Неисправен,f
334751,2026-04-14 13:02:09,Неисправен,f
334752,2026-04-14 13:02:09,Неисправен,f
334753,2026-04-14 13:02:09,Неисправен,f
334754,2026-04-14 13:02:09,Неисправен,f
334755,2026-04-14 13:02:09,Неисправен,f
334756,2026-04-14 13:02:09,Неисправен,f
334758,2026-04-14 13:02:09,Неисправен,f
334759,2026-04-14 13:02:09,Неисправен,f
334760,2026-04-14 13:02:09,Неисправен,f
334763,2026-04-14 13:02:09,Неисправен,f
334764,2026-04-14 13:02:10,Неисправен,f
334765,2026-04-14 13:02:10,Неисправен,f
334766,2026-04-14 13:02:10,Неисправен,f
334767,2026-04-14 13:02:10,Неисправен,f
334768,2026-04-14 13:02:10,Неисправен,f
334769,2026-04-14 13:02:10,Неисправен,f
334770,2026-04-14 13:02:10,Неисправен,f
334771,2026-04-14 13:02:10,Неисправен,f
334239,2026-04-14 14:53:43,Неисправен,f
214224,2026-04-14 15:25:09,Неисправен,f
229374,2026-04-14 20:25:58,Неисправен,f
215778,2026-04-14 22:01:56,Неисправен,f
197031,2026-04-15 02:49:37,Батарея неисправна,f
229374,2026-04-16 09:10:12,Неисправен,f
334750,2026-04-17 12:47:38,Неисправен,f
333463,2026-04-18 11:33:50,Неисправен,f
287230,2026-04-18 12:27:10,Неисправен,f
334781,2026-04-19 08:45:18,Неисправен,f
334779,2026-04-19 08:45:22,Неисправен,f
334775,2026-04-19 08:45:23,Неисправен,f
334772,2026-04-19 08:45:26,Неисправен,f
334773,2026-04-19 08:45:26,Неисправен,f
334776,2026-04-19 08:45:28,Неисправен,f
334777,2026-04-19 08:45:30,Неисправен,f
334769,2026-04-19 08:45:32,Неисправен,f
334770,2026-04-19 08:45:32,Неисправен,f
334778,2026-04-19 08:45:32,Неисправен,f
334780,2026-04-19 08:45:32,Неисправен,f
334771,2026-04-19 08:45:52,Неисправен,f
334774,2026-04-19 08:45:52,Неисправен,f
334206,2026-04-19 08:46:10,Неисправен,f
333736,2026-04-19 09:49:16,Неисправен,f
333754,2026-04-19 09:49:20,Неисправен,f
333773,2026-04-19 09:49:20,Неисправен,f
333777,2026-04-19 09:49:20,Неисправен,f
333737,2026-04-19 09:49:34,Неисправен,f
333758,2026-04-19 20:02:25,Неисправен,f
334773,2026-04-19 21:18:02,Неисправен,f
333773,2026-04-20 05:02:06,Неисправен,f
333463,2026-04-20 10:28:24,Неисправен,f
333599,2026-04-20 11:39:55,Неисправен,f
196497,2026-04-20 13:13:17,Неисправен,f
196502,2026-04-20 13:13:17,Неисправен,f
196513,2026-04-20 13:13:17,Неисправен,f
196518,2026-04-20 13:13:17,Неисправен,f
333411,2026-04-20 13:27:02,Неисправен,f
333420,2026-04-20 13:27:04,Неисправен,f
333463,2026-04-20 13:27:15,Неисправен,f
333570,2026-04-20 13:27:38,Неисправен,f
333543,2026-04-20 13:28:47,Неисправен,f
333544,2026-04-20 13:28:47,Неисправен,f
334776,2026-04-20 13:34:48,Неисправен,f
333411,2026-04-20 14:43:19,Неисправен,f
333420,2026-04-20 14:43:21,Неисправен,f
333463,2026-04-20 14:43:31,Неисправен,f
333570,2026-04-20 14:43:54,Неисправен,f
333543,2026-04-20 14:44:53,Неисправен,f
333544,2026-04-20 14:44:53,Неисправен,f
333463,2026-04-20 15:58:01,Неисправен,f
333543,2026-04-20 15:59:11,Неисправен,f
333544,2026-04-20 15:59:11,Неисправен,f
333543,2026-04-21 10:09:59,Неисправен,f
333544,2026-04-21 10:09:59,Неисправен,f
333463,2026-04-21 10:15:52,Неисправен,f
333773,2026-04-21 10:23:12,Неисправен,f
333777,2026-04-21 10:23:13,Неисправен,f
334185,2026-04-21 15:41:48,Неисправен,f
334186,2026-04-21 15:41:48,Неисправен,f
334187,2026-04-21 15:41:48,Неисправен,f
334189,2026-04-21 15:41:50,Неисправен,f
334191,2026-04-21 15:41:50,Неисправен,f
334192,2026-04-21 15:41:50,Неисправен,f
333463,2026-04-21 15:43:28,Неисправен,f
333543,2026-04-21 15:43:50,Неисправен,f
333544,2026-04-21 15:43:50,Неисправен,f
334305,2026-04-21 15:49:54,Неисправен,f
334599,2026-04-21 15:51:27,Неисправен,f
334746,2026-04-21 15:52:54,Неисправен,f
334183,2026-04-21 16:03:28,Неисправен,f
334184,2026-04-21 16:04:30,Неисправен,f
144733,2026-04-22 06:07:15,Много неисправных устройств,f
144734,2026-04-22 06:07:15,Много неисправных устройств,f
178331,2026-04-22 06:07:15,Много неисправных устройств,f
333463,2026-04-22 08:46:10,Неисправен,f
333543,2026-04-22 08:48:22,Неисправен,f
333544,2026-04-22 08:48:22,Неисправен,f
334746,2026-04-22 09:13:51,Неисправен,f
334748,2026-04-22 09:13:51,Неисправен,f
334761,2026-04-22 09:13:51,Неисправен,f
334708,2026-04-22 10:22:56,Неисправен,f
334746,2026-04-22 10:33:55,Неисправен,f
334748,2026-04-22 10:33:55,Неисправен,f
334761,2026-04-22 10:33:56,Неисправен,f
334640,2026-04-22 10:56:32,Неисправен,f
115566,2026-04-22 10:58:16,Неисправен,f
334567,2026-04-22 11:00:48,Неисправен,f
334569,2026-04-22 11:01:06,Неисправен,f
334570,2026-04-22 11:01:06,Неисправен,f
334571,2026-04-22 11:01:06,Неисправен,f
334572,2026-04-22 11:01:06,Неисправен,f
334568,2026-04-22 11:01:28,Неисправен,f
334599,2026-04-22 11:02:16,Неисправен,f
333899,2026-04-22 11:05:06,Неисправен,f
115575,2026-04-22 11:47:28,Неисправен,f
333463,2026-04-22 12:14:24,Неисправен,f
333543,2026-04-22 12:20:58,Неисправен,f
333544,2026-04-22 12:20:58,Неисправен,f
333899,2026-04-22 12:21:44,Неисправен,f
334183,2026-04-22 12:23:50,Неисправен,f
334184,2026-04-22 12:23:50,Неисправен,f
334185,2026-04-22 12:23:50,Неисправен,f
334186,2026-04-22 12:23:50,Неисправен,f
334187,2026-04-22 12:23:50,Неисправен,f
334188,2026-04-22 12:23:50,Неисправен,f
334189,2026-04-22 12:23:50,Неисправен,f
334190,2026-04-22 12:23:50,Неисправен,f
334191,2026-04-22 12:23:50,Неисправен,f
334192,2026-04-22 12:23:50,Неисправен,f
334253,2026-04-22 12:23:58,Неисправен,f
334260,2026-04-22 12:23:58,Неисправен,f
334305,2026-04-22 12:23:58,Неисправен,f
334640,2026-04-22 12:25:07,Неисправен,f
334708,2026-04-22 12:26:34,Неисправен,f
334746,2026-04-22 12:27:00,Неисправен,f
334748,2026-04-22 12:27:00,Неисправен,f
334761,2026-04-22 12:27:00,Неисправен,f
334567,2026-04-22 12:35:57,Неисправен,f
334568,2026-04-22 12:35:57,Неисправен,f
334569,2026-04-22 12:35:57,Неисправен,f
334570,2026-04-22 12:35:57,Неисправен,f
334571,2026-04-22 12:35:57,Неисправен,f
334572,2026-04-22 12:35:57,Неисправен,f
334599,2026-04-22 12:35:57,Неисправен,f
333463,2026-04-22 14:20:35,Неисправен,f
333543,2026-04-22 14:21:36,Неисправен,f
333544,2026-04-22 14:21:36,Неисправен,f
288321,2026-04-23 09:34:14,Неисправен,f
288326,2026-04-23 09:43:18,Неисправен,f
288331,2026-04-23 09:44:20,Неисправен,f
288316,2026-04-23 09:57:04,Неисправен,f
333463,2026-04-23 10:23:20,Неисправен,f
333543,2026-04-23 10:24:20,Неисправен,f
333544,2026-04-23 10:24:20,Неисправен,f
334567,2026-04-23 10:31:01,Неисправен,f
334568,2026-04-23 10:31:01,Неисправен,f
334569,2026-04-23 10:31:01,Неисправен,f
334570,2026-04-23 10:31:01,Неисправен,f
334571,2026-04-23 10:31:01,Неисправен,f
334572,2026-04-23 10:31:01,Неисправен,f
334599,2026-04-23 10:31:01,Неисправен,f
288311,2026-04-23 10:31:26,Неисправен,f
288306,2026-04-23 11:02:12,Неисправен,f
334305,2026-04-23 11:16:55,Неисправен,f
288301,2026-04-23 11:18:12,Неисправен,f
288296,2026-04-23 11:21:04,Неисправен,f
288291,2026-04-23 11:22:02,Неисправен,f
288286,2026-04-23 11:32:18,Неисправен,f
288281,2026-04-23 11:35:50,Неисправен,f
288276,2026-04-23 11:36:54,Неисправен,f
288271,2026-04-23 11:39:36,Неисправен,f
288266,2026-04-23 11:42:08,Неисправен,f
334748,2026-04-23 11:42:11,Неисправен,f
334599,2026-04-23 11:43:30,Неисправен,f
288256,2026-04-23 11:45:08,Неисправен,f
288251,2026-04-23 11:45:56,Неисправен,f
288246,2026-04-23 11:46:42,Неисправен,f
288241,2026-04-23 11:47:46,Неисправен,f
288236,2026-04-23 11:48:40,Неисправен,f
288231,2026-04-23 11:49:14,Неисправен,f
288226,2026-04-23 11:50:36,Неисправен,f
288221,2026-04-23 11:52:42,Неисправен,f
288216,2026-04-23 11:58:30,Неисправен,f
288211,2026-04-23 11:58:40,Неисправен,f
288206,2026-04-23 12:04:48,Неисправен,f
288201,2026-04-23 12:05:22,Неисправен,f
288196,2026-04-23 12:09:50,Неисправен,f
288191,2026-04-23 12:15:24,Неисправен,f
288186,2026-04-23 12:18:04,Неисправен,f
288181,2026-04-23 12:21:12,Неисправен,f
288176,2026-04-23 12:24:10,Неисправен,f
288171,2026-04-23 12:27:46,Неисправен,f
288166,2026-04-23 12:30:24,Неисправен,f
288161,2026-04-23 12:32:14,Неисправен,f
288156,2026-04-23 12:32:44,Неисправен,f
288151,2026-04-23 12:37:24,Неисправен,f
288146,2026-04-23 12:42:21,Неисправен,f
288141,2026-04-23 12:42:45,Неисправен,f
334183,2026-04-23 12:43:07,Неисправен,f
334184,2026-04-23 12:43:07,Неисправен,f
334185,2026-04-23 12:43:07,Неисправен,f
334186,2026-04-23 12:43:07,Неисправен,f
334187,2026-04-23 12:43:07,Неисправен,f
334188,2026-04-23 12:43:07,Неисправен,f
334189,2026-04-23 12:43:07,Неисправен,f
334190,2026-04-23 12:43:07,Неисправен,f
334191,2026-04-23 12:43:07,Неисправен,f
288136,2026-04-23 12:44:00,Неисправен,f
288136,2026-04-24 09:26:00,Неисправен,f
333463,2026-04-24 09:27:25,Неисправен,f
333543,2026-04-24 09:28:25,Неисправен,f
333544,2026-04-24 09:28:25,Неисправен,f
334599,2026-04-24 10:11:19,Неисправен,f
334746,2026-04-24 10:14:14,Неисправен,f
334748,2026-04-24 10:14:14,Неисправен,f
334761,2026-04-24 10:14:14,Неисправен,f
333616,2026-04-24 10:14:31,Неисправен,f
333625,2026-04-24 10:14:31,Неисправен,f
333634,2026-04-24 10:14:33,Неисправен,f
333737,2026-04-24 10:14:33,Неисправен,f
333736,2026-04-24 10:14:35,Неисправен,f
3126,2026-04-24 12:01:48,Неисправен,f
228829,2026-04-24 12:07:18,Неисправен,f
334599,2026-04-24 13:23:52,Неисправен,f
333463,2026-04-24 14:44:05,Неисправен,f
333616,2026-04-24 14:44:22,Неисправен,f
333625,2026-04-24 14:44:22,Неисправен,f
333634,2026-04-24 14:44:23,Неисправен,f
333736,2026-04-24 14:45:05,Неисправен,f
333737,2026-04-24 14:45:05,Неисправен,f
333543,2026-04-24 14:45:06,Неисправен,f
333544,2026-04-24 14:45:06,Неисправен,f
228829,2026-04-24 14:55:04,Неисправен,f
334598,2026-04-27 08:51:41,Неисправен,f
334599,2026-04-27 08:51:41,Неисправен,f
333463,2026-04-27 11:58:32,Неисправен,f
229144,2026-04-27 23:27:28,Неисправен,f
333463,2026-04-28 11:00:22,Неисправен,f
334598,2026-04-28 12:22:48,Неисправен,f
333463,2026-04-28 15:10:19,Неисправен,f
196824,2026-04-29 02:51:01,Много неисправных устройств,f
214125,2026-04-30 13:37:14,Неисправен,f
9328,2026-05-02 14:51:53,Много неисправных устройств,f
9329,2026-05-02 14:51:53,Много неисправных устройств,f
9330,2026-05-02 14:51:53,Много неисправных устройств,f
230748,2026-05-02 16:31:17,Много неисправных устройств,f
230749,2026-05-02 16:31:17,Много неисправных устройств,f
231352,2026-05-02 16:31:17,Много неисправных устройств,f
231422,2026-05-02 16:31:17,Много неисправных устройств,f
9329,2026-05-02 16:44:35,Много неисправных устройств,f
9330,2026-05-02 16:44:35,Много неисправных устройств,f
9328,2026-05-02 17:11:06,Много неисправных устройств,f
331519,2026-05-02 17:12:49,Много неисправных устройств,f
267934,2026-05-02 17:12:57,Много неисправных устройств,f
120116,2026-05-03 06:30:33,Много неисправных устройств,f
120117,2026-05-03 06:30:33,Много неисправных устройств,f
120118,2026-05-03 06:30:33,Много неисправных устройств,f
120285,2026-05-03 06:30:34,Много неисправных устройств,f
196820,2026-05-03 06:30:36,Много неисправных устройств,f
196823,2026-05-03 06:30:36,Много неисправных устройств,f
269757,2026-05-03 06:30:36,Много неисправных устройств,f
269766,2026-05-03 06:30:37,Много неисправных устройств,f
236792,2026-05-04 12:07:32,Неисправен,f
268881,2026-05-05 07:33:45,Много неисправных устройств,f
93628,2026-05-06 08:08:37,Неисправен,f
333705,2026-05-07 03:39:06,Неисправен,f
333705,2026-05-08 04:20:06,Неисправен,f
333705,2026-05-08 06:51:11,Неисправен,f
268881,2026-05-09 08:17:29,Много неисправных устройств,f
333705,2026-05-09 09:02:44,Неисправен,f
333705,2026-05-11 17:34:11,Неисправен,f
333705,2026-05-11 20:07:14,Неисправен,f
197031,2026-05-12 04:47:06,Неисправен,f
333705,2026-05-13 00:29:15,Неисправен,f
267052,2026-05-13 07:58:43,Неисправен,f
267052,2026-05-13 09:50:03,Неисправен,f
267052,2026-05-13 13:22:12,Неисправен,f
333705,2026-05-13 16:42:50,Неисправен,f
333705,2026-05-14 03:15:02,Неисправен,f
267052,2026-05-15 08:13:38,Неисправен,f
214221,2026-05-15 09:47:41,Неисправен,f
236748,2026-05-16 15:14:40,Неисправен,f
236768,2026-05-16 15:14:40,Неисправен,f
334407,2026-05-18 02:31:02,Неисправен,f
267052,2026-05-18 08:10:04,Неисправен,f
120512,2026-05-18 09:52:20,Неисправен,f
120573,2026-05-18 09:52:20,Неисправен,f
120595,2026-05-18 09:52:20,Неисправен,f
120230,2026-05-18 10:36:37,Неисправен,f
120237,2026-05-18 10:38:02,Неисправен,f
120245,2026-05-18 10:38:57,Неисправен,f
120254,2026-05-18 10:40:28,Неисправен,f
120265,2026-05-18 10:41:45,Неисправен,f
120257,2026-05-18 10:43:56,Неисправен,f
154848,2026-05-18 10:43:56,Неисправен,f
154850,2026-05-18 10:43:56,Неисправен,f
193128,2026-05-18 10:55:56,Неисправен,f
267052,2026-05-19 09:16:20,Неисправен,f
333463,2026-05-19 15:38:10,Неисправен,f
334323,2026-05-19 15:41:20,Неисправен,f
334323,2026-05-19 18:04:39,Неисправен,f
214224,2026-05-20 09:24:52,Неисправен,f
268881,2026-05-20 11:02:07,Много неисправных устройств,f
144733,2026-05-20 13:53:34,Много неисправных устройств,f
144734,2026-05-20 13:53:34,Много неисправных устройств,f
178331,2026-05-20 13:53:34,Много неисправных устройств,f
333705,2026-05-21 01:09:30,Неисправен,f
230748,2026-05-21 08:20:37,Много неисправных устройств,f
230749,2026-05-21 08:20:37,Много неисправных устройств,f
231352,2026-05-21 08:20:37,Много неисправных устройств,f
231422,2026-05-21 08:20:37,Много неисправных устройств,f
93510,2026-05-21 10:17:27,Неисправен,f
93507,2026-05-21 10:19:44,Неисправен,f
212862,2026-05-21 15:06:34,Неисправен,f
115687,2026-05-23 08:01:02,Неисправен,f
115688,2026-05-23 08:01:02,Неисправен,f
334548,2026-05-25 08:21:52,Неисправен,f
333705,2026-05-25 08:55:47,Неисправен,f
334582,2026-05-25 14:21:59,Неисправен,f
212893,2026-05-26 09:21:56,Неисправен,f
212899,2026-05-26 09:21:56,Неисправен,f
267993,2026-05-26 10:24:56,Неисправен,f
214224,2026-05-26 11:32:16,Неисправен,f
287257,2026-05-27 00:15:40,Неисправен,f
77532,2026-05-27 08:51:52,Много неисправных устройств,f
77533,2026-05-27 08:51:52,Много неисправных устройств,f
333705,2026-05-27 15:31:29,Неисправен,f
214224,2026-05-27 16:36:11,Неисправен,f
333705,2026-05-28 04:49:06,Неисправен,f
115768,2026-05-28 11:33:58,Неисправен,f
333705,2026-05-28 22:05:47,Неисправен,f
333463,2026-05-29 10:37:39,Неисправен,f
333705,2026-05-29 15:45:19,Неисправен,f
333705,2026-05-29 19:47:02,Неисправен,f
213430,2026-05-31 17:34:37,Неисправен,f
115565,2026-05-31 22:32:06,Неисправен,f
115566,2026-05-31 22:32:06,Неисправен,f
115581,2026-05-31 22:32:06,Неисправен,f
333705,2026-06-02 00:29:35,Неисправен,f
278336,2026-06-04 09:22:32,Неисправен,f
278331,2026-06-04 09:23:02,Неисправен,f
278326,2026-06-04 09:24:08,Неисправен,f
278321,2026-06-04 09:24:44,Неисправен,f
278316,2026-06-04 09:30:08,Неисправен,f
278311,2026-06-04 09:30:44,Неисправен,f
278306,2026-06-04 09:36:46,Неисправен,f
278301,2026-06-04 09:38:40,Неисправен,f
278296,2026-06-04 09:39:12,Неисправен,f
278291,2026-06-04 09:41:58,Неисправен,f
278286,2026-06-04 09:44:50,Неисправен,f
267433,2026-06-04 09:46:00,Неисправен,f
93424,2026-06-04 09:47:17,Неисправен,f
267428,2026-06-04 09:50:58,Неисправен,f
93447,2026-06-04 09:53:07,Неисправен,f
93584,2026-06-04 09:53:07,Неисправен,f
267423,2026-06-04 09:53:08,Неисправен,f
193208,2026-06-04 09:57:27,Неисправен,f
193211,2026-06-04 09:57:27,Неисправен,f
267418,2026-06-04 09:57:44,Неисправен,f
93936,2026-06-04 10:00:41,Неисправен,f
267413,2026-06-04 10:02:10,Неисправен,f
193186,2026-06-04 10:02:32,Неисправен,f
193190,2026-06-04 10:02:32,Неисправен,f
267398,2026-06-04 10:05:10,Неисправен,f
267403,2026-06-04 10:06:24,Неисправен,f
267408,2026-06-04 10:06:50,Неисправен,f
193167,2026-06-04 10:07:59,Неисправен,f
94001,2026-06-04 10:08:32,Неисправен,f
94006,2026-06-04 10:08:32,Неисправен,f
94826,2026-06-04 10:08:32,Неисправен,f
267393,2026-06-04 10:10:20,Неисправен,f
267388,2026-06-04 10:10:56,Неисправен,f
269721,2026-06-04 10:11:17,Неисправен,f
94008,2026-06-04 10:14:19,Неисправен,f
94827,2026-06-04 10:14:19,Неисправен,f
193152,2026-06-04 10:14:57,Неисправен,f
193155,2026-06-04 10:14:57,Неисправен,f
267378,2026-06-04 10:14:58,Неисправен,f
267383,2026-06-04 10:15:36,Неисправен,f
94829,2026-06-04 10:18:24,Неисправен,f
94831,2026-06-04 10:18:24,Неисправен,f
267373,2026-06-04 10:19:04,Неисправен,f
267368,2026-06-04 10:20:14,Неисправен,f
267363,2026-06-04 10:22:22,Неисправен,f
267358,2026-06-04 10:25:24,Неисправен,f
94835,2026-06-04 10:26:51,Неисправен,f
93982,2026-06-04 10:27:29,Неисправен,f
94825,2026-06-04 10:27:29,Неисправен,f
94836,2026-06-04 10:27:29,Неисправен,f
267353,2026-06-04 10:29:50,Неисправен,f
267348,2026-06-04 10:30:50,Неисправен,f
193113,2026-06-04 10:32:49,Неисправен,f
193115,2026-06-04 10:32:49,Неисправен,f
193128,2026-06-04 10:32:49,Неисправен,f
193130,2026-06-04 10:32:49,Неисправен,f
267343,2026-06-04 10:32:54,Неисправен,f
94821,2026-06-04 10:33:04,Неисправен,f
94823,2026-06-04 10:33:04,Неисправен,f
267338,2026-06-04 10:34:02,Неисправен,f
267333,2026-06-04 10:35:40,Неисправен,f
94819,2026-06-04 10:36:38,Неисправен,f
94820,2026-06-04 10:36:38,Неисправен,f
267328,2026-06-04 10:38:26,Неисправен,f
94817,2026-06-04 10:42:13,Неисправен,f
94818,2026-06-04 10:42:13,Неисправен,f
94838,2026-06-04 10:42:13,Неисправен,f
94839,2026-06-04 10:42:13,Неисправен,f
94840,2026-06-04 10:42:13,Неисправен,f
94841,2026-06-04 10:42:13,Неисправен,f
93917,2026-06-04 10:45:45,Неисправен,f
93921,2026-06-04 10:45:45,Неисправен,f
215727,2026-06-04 10:50:23,Неисправен,f
215728,2026-06-04 10:50:23,Неисправен,f
193183,2026-06-04 10:54:11,Неисправен,f
93458,2026-06-04 11:16:42,Неисправен,f
93470,2026-06-04 11:30:25,Неисправен,f
93491,2026-06-04 11:30:25,Неисправен,f
93507,2026-06-04 11:30:25,Неисправен,f
93510,2026-06-04 11:30:25,Неисправен,f
93522,2026-06-04 11:35:41,Неисправен,f
93566,2026-06-04 11:51:01,Неисправен,f
93569,2026-06-04 11:51:01,Неисправен,f
94094,2026-06-04 11:53:30,Неисправен,f
94847,2026-06-04 11:53:30,Неисправен,f
94848,2026-06-04 11:53:30,Неисправен,f
98173,2026-06-04 11:53:30,Неисправен,f
94103,2026-06-04 11:59:59,Неисправен,f
98174,2026-06-04 12:00:00,Неисправен,f
98175,2026-06-04 12:03:13,Неисправен,f
93590,2026-06-04 12:03:49,Неисправен,f
94849,2026-06-04 12:16:52,Неисправен,f
98179,2026-06-04 12:16:52,Неисправен,f
98182,2026-06-04 12:16:52,Неисправен,f
94850,2026-06-04 12:22:19,Неисправен,f
94851,2026-06-04 12:22:19,Неисправен,f
98183,2026-06-04 12:22:19,Неисправен,f
98185,2026-06-04 12:22:19,Неисправен,f
94853,2026-06-04 12:29:58,Неисправен,f
94854,2026-06-04 12:29:58,Неисправен,f
98188,2026-06-04 12:29:58,Неисправен,f
94158,2026-06-04 12:29:59,Неисправен,f
94855,2026-06-04 12:35:01,Неисправен,f
94857,2026-06-04 12:35:01,Неисправен,f
94858,2026-06-04 12:35:01,Неисправен,f
98189,2026-06-04 12:35:01,Неисправен,f
93507,2026-06-04 12:40:00,Неисправен,f
98190,2026-06-04 12:41:59,Неисправен,f
98191,2026-06-04 12:41:59,Неисправен,f
94217,2026-06-04 12:47:05,Неисправен,f
94861,2026-06-04 12:47:05,Неисправен,f
98195,2026-06-04 12:49:41,Неисправен,f
93606,2026-06-04 12:51:34,Неисправен,f
93628,2026-06-04 13:10:08,Неисправен,f
93522,2026-06-04 13:19:53,Неисправен,f
94074,2026-06-04 13:20:02,Неисправен,f
94845,2026-06-04 13:20:53,Неисправен,f
93428,2026-06-04 13:57:26,Неисправен,f
93447,2026-06-04 14:04:33,Неисправен,f
93461,2026-06-04 14:13:49,Неисправен,f
93461,2026-06-04 15:20:49,Неисправен,f
93447,2026-06-04 15:29:10,Неисправен,f
94821,2026-06-04 17:36:33,Неисправен,f
288063,2026-06-05 14:04:53,Неисправен,f
334692,2026-06-08 07:41:00,Неисправен,f
334692,2026-06-09 07:17:37,Неисправен,f
268881,2026-06-10 06:29:58,Много неисправных устройств,f
268881,2026-06-10 07:36:56,Много неисправных устройств,f
331519,2026-06-11 11:44:17,Много неисправных устройств,f
215839,2026-06-12 09:22:34,Неисправен,f
333463,2026-06-12 13:37:11,Неисправен,f
93936,2026-06-13 05:25:00,Неисправен,t
94817,2026-06-13 05:25:00,Неисправен,t
94818,2026-06-13 05:25:00,Неисправен,t
93982,2026-06-13 05:25:01,Неисправен,t
94001,2026-06-13 05:25:01,Неисправен,t
94006,2026-06-13 05:25:01,Неисправен,t
94008,2026-06-13 05:25:01,Неисправен,t
94074,2026-06-13 05:25:01,Неисправен,t
94819,2026-06-13 05:25:01,Неисправен,f
94820,2026-06-13 05:25:01,Неисправен,t
94823,2026-06-13 05:25:01,Неисправен,t
94825,2026-06-13 05:25:01,Неисправен,t
94826,2026-06-13 05:25:01,Неисправен,t
94827,2026-06-13 05:25:01,Неисправен,t
94829,2026-06-13 05:25:01,Неисправен,t
94831,2026-06-13 05:25:01,Неисправен,t
94835,2026-06-13 05:25:01,Неисправен,t
94836,2026-06-13 05:25:01,Неисправен,t
94838,2026-06-13 05:25:01,Неисправен,t
94839,2026-06-13 05:25:01,Неисправен,t
94840,2026-06-13 05:25:01,Неисправен,t
94841,2026-06-13 05:25:01,Неисправен,t
94844,2026-06-13 05:25:01,Неисправен,t
94094,2026-06-13 05:25:02,Неисправен,t
94103,2026-06-13 05:25:02,Неисправен,t
94158,2026-06-13 05:25:02,Неисправен,t
94845,2026-06-13 05:25:02,Неисправен,t
94846,2026-06-13 05:25:02,Неисправен,t
94847,2026-06-13 05:25:02,Неисправен,t
94848,2026-06-13 05:25:02,Неисправен,t
94849,2026-06-13 05:25:02,Неисправен,t
94850,2026-06-13 05:25:02,Неисправен,f
94851,2026-06-13 05:25:02,Неисправен,t
94853,2026-06-13 05:25:02,Неисправен,t
94854,2026-06-13 05:25:02,Неисправен,t
98173,2026-06-13 05:25:02,Неисправен,t
98174,2026-06-13 05:25:02,Неисправен,t
98175,2026-06-13 05:25:02,Неисправен,t
98179,2026-06-13 05:25:02,Неисправен,t
98182,2026-06-13 05:25:02,Неисправен,t
98183,2026-06-13 05:25:02,Неисправен,t
98185,2026-06-13 05:25:02,Неисправен,t
98188,2026-06-13 05:25:02,Неисправен,t
98189,2026-06-13 05:25:02,Неисправен,t
94217,2026-06-13 05:25:03,Неисправен,t
94855,2026-06-13 05:25:03,Неисправен,t
94857,2026-06-13 05:25:03,Неисправен,t
94858,2026-06-13 05:25:03,Неисправен,t
94861,2026-06-13 05:25:03,Неисправен,t
98190,2026-06-13 05:25:03,Неисправен,t
98191,2026-06-13 05:25:03,Неисправен,t
98195,2026-06-13 05:25:03,Неисправен,t
94821,2026-06-13 05:25:28,Неисправен,t
267058,2026-06-13 19:20:14,Неисправен,f
278014,2026-06-13 19:20:14,Неисправен,f
278015,2026-06-13 19:20:14,Неисправен,f
267051,2026-06-13 19:21:10,Неисправен,f
267052,2026-06-13 19:21:10,Неисправен,f
267057,2026-06-13 19:21:10,Неисправен,f
267064,2026-06-13 19:21:10,Неисправен,f
267072,2026-06-13 19:21:10,Неисправен,f
277999,2026-06-13 19:21:10,Неисправен,f
267052,2026-06-14 10:09:12,Неисправен,f
267064,2026-06-15 15:22:30,Неисправен,f
334362,2026-06-16 00:14:40,Неисправен,f
334609,2026-06-18 03:46:47,Неисправен,f
115752,2026-06-18 10:50:57,Неисправен,f
115753,2026-06-18 10:50:57,Неисправен,f
334553,2026-06-22 09:21:20,Неисправен,f
287294,2026-06-22 21:50:15,Неисправен,f
287294,2026-06-23 05:34:25,Неисправен,f
287294,2026-06-23 06:55:06,Неисправен,f
214219,2026-06-25 13:58:05,Неисправен,f
229358,2026-06-26 22:26:39,Неисправен,f
229358,2026-06-27 02:47:38,Неисправен,f
228791,2026-06-27 05:51:21,Неисправен,f
229358,2026-06-27 07:32:24,Неисправен,f
236747,2026-06-28 09:53:40,Неисправен,f
236762,2026-06-28 09:53:40,Неисправен,f
236763,2026-06-28 09:53:40,Неисправен,f
228885,2026-06-29 12:08:29,Неисправен,f
228998,2026-06-29 12:16:28,Неисправен,f
228994,2026-06-29 12:17:28,Неисправен,f
228992,2026-06-29 12:17:40,Неисправен,f
229442,2026-06-30 10:55:56,Неисправен,f
230748,2026-06-30 12:28:37,Много неисправных устройств,f
230749,2026-06-30 12:28:37,Много неисправных устройств,f
231352,2026-06-30 12:28:37,Много неисправных устройств,f
231422,2026-06-30 12:28:37,Много неисправных устройств,f
